sweep,family,instance,formulation,solver,arm,rep,commodities,sources,per_source,iterations,columns,objective,lower_bound,optimal,exit,t_tot,t_lp,t_pr,t_sp,bounded_enabled,fired,priced,fire_rate_pct,per_price_us
intermodal_path_tree,intermodal,BUS-13160-0,path,copt-cpu,off,rep1,13135,13135,1.0,14,15071,348367.0,348337.86615,1,gap,3.385,0.379,2.033,0.961,0,0,54453,0.0,37.33494940590968
intermodal_path_tree,intermodal,BUS-13160-0,path,copt-cpu,on,rep1,13135,13135,1.0,15,15044,348364.5,348357.289808,1,gap,3.42,0.397,1.98,1.031,1,39340,54393,72.3254830584818,36.401742871325354
intermodal_path_tree,intermodal,BUS-13160-0,path,copt-gpu,off,rep1,13135,13135,1.0,14,15071,348367.0,348337.86615,1,gap,4.199,1.228,2.009,0.95,0,0,54453,0.0,36.89420233963234
intermodal_path_tree,intermodal,BUS-13160-0,path,copt-gpu,on,rep1,13135,13135,1.0,15,15044,348364.5,348357.289808,1,gap,4.291,1.294,1.973,1.012,1,39340,54393,72.3254830584818,36.273049840972185
intermodal_path_tree,intermodal,BUS-13160-0,path,cuopt,off,rep1,13135,13135,1.0,20,14949,348362.009339,348329.956852,1,gap,6.241,2.673,2.162,1.39,0,0,54750,0.0,39.48858447488585
intermodal_path_tree,intermodal,BUS-13160-0,path,cuopt,on,rep1,13135,13135,1.0,30,15052,348361.507934,348359.524371,1,gap,7.991,3.722,2.19,2.055,1,39715,54772,72.50967647703206,39.983933396626014
intermodal_path_tree,intermodal,BUS-13160-0,path,highs,off,rep1,13135,13135,1.0,20,14989,348362.000464,348331.930423,1,gap,20.077,16.448,2.15,1.464,0,0,55094,0.0,39.02421316295786
intermodal_path_tree,intermodal,BUS-13160-0,path,highs,off,rep2,13135,13135,1.0,19,14965,348362.000117,348338.350953,1,gap,18.991,15.411,2.175,1.391,0,0,54961,0.0,39.573515765724785
intermodal_path_tree,intermodal,BUS-13160-0,path,highs,off,rep3,13135,13135,1.0,26,15094,348361.500069,348338.524399,1,gap,26.408,22.131,2.361,1.898,0,0,55394,0.0,42.62194461494025
intermodal_path_tree,intermodal,BUS-13160-0,path,highs,on,rep1,13135,13135,1.0,34,15044,348361.500151,348359.933252,1,gap,32.766,27.92,2.321,2.501,1,39812,54861,72.56885583565739,42.30692112794153
intermodal_path_tree,intermodal,BUS-13160-0,path,mosek,off,rep1,13135,13135,1.0,16,15105,348361.500044,348338.120664,1,gap,4.806,1.266,2.43,1.096,0,0,67098,0.0,36.21568452114817
intermodal_path_tree,intermodal,BUS-13160-0,path,mosek,on,rep1,13135,13135,1.0,16,15060,348366.002869,348354.842002,1,gap,4.304,1.213,1.984,1.092,1,38993,54073,72.11177482292456,36.69113975551569
intermodal_path_tree,intermodal,BUS-13160-0,tree,copt-cpu,off,rep1,13135,13135,1.0,26,15089,348361.500163,348336.740538,1,gap,4.812,0.613,2.351,1.829,0,0,55542,0.0,42.328328112059346
intermodal_path_tree,intermodal,BUS-13160-0,tree,copt-cpu,on,rep1,13135,13135,1.0,21,15008,348361.5,348359.953041,1,gap,4.219,0.496,2.218,1.488,1,40200,55212,72.81025863942621,40.17242628414113
intermodal_path_tree,intermodal,BUS-13160-0,tree,copt-gpu,off,rep1,13135,13135,1.0,26,15089,348361.500163,348336.740538,1,gap,5.88,1.683,2.341,1.836,0,0,55542,0.0,42.148284181340244
intermodal_path_tree,intermodal,BUS-13160-0,tree,copt-gpu,on,rep1,13135,13135,1.0,21,14990,348361.500002,348359.968724,1,gap,5.084,1.419,2.178,1.47,1,40200,55194,72.83400369605391,39.460810957712795
intermodal_path_tree,intermodal,BUS-13160-0,tree,cuopt,off,rep1,13135,13135,1.0,24,15012,348361.502615,348338.100403,1,gap,7.2,2.834,2.657,1.689,0,0,68336,0.0,38.881409505970495
intermodal_path_tree,intermodal,BUS-13160-0,tree,cuopt,on,rep1,13135,13135,1.0,34,15044,348361.506016,348359.537291,1,gap,8.545,3.77,2.352,2.397,1,39792,54841,72.55885195383016,42.88762057584654
intermodal_path_tree,intermodal,BUS-13160-0,tree,highs,off,rep1,13135,13135,1.0,28,15015,348361.502037,348338.061,1,gap,19.628,15.197,2.333,2.078,0,0,55017,0.0,42.40507479506334
intermodal_path_tree,intermodal,BUS-13160-0,tree,highs,off,rep2,13135,13135,1.0,28,15009,348361.502011,348338.075165,1,gap,19.743,15.311,2.333,2.08,0,0,55011,0.0,42.409699878206176
intermodal_path_tree,intermodal,BUS-13160-0,tree,highs,off,rep3,13135,13135,1.0,28,15008,348361.500144,348338.075883,1,gap,19.48,15.017,2.352,2.092,0,0,55014,0.0,42.752753844475954
intermodal_path_tree,intermodal,BUS-13160-0,tree,highs,on,rep1,13135,13135,1.0,27,15020,348361.50002,348360.446206,1,gap,19.035,14.696,2.291,2.028,1,39765,54788,72.579761991677,41.815726071402494
intermodal_path_tree,intermodal,BUS-13160-0,tree,mosek,off,rep1,13135,13135,1.0,29,14993,348362.001995,348337.529732,1,gap,6.028,1.622,2.344,2.039,0,0,54628,0.0,42.908398623416566
intermodal_path_tree,intermodal,BUS-13160-0,tree,mosek,on,rep1,13135,13135,1.0,28,14959,348362.000203,348359.965528,1,gap,5.878,1.629,2.243,1.982,1,39716,54680,72.63350402340892,41.020482809070955
intermodal_path_tree,intermodal,BUS-18424-0,path,copt-cpu,off,rep1,18388,18388,1.0,40,21227,485027.500005,484987.11828,1,gap,9.343,1.341,4.439,3.526,0,0,94191,0.0,47.12764489176248
intermodal_path_tree,intermodal,BUS-18424-0,path,copt-cpu,on,rep1,18388,18388,1.0,30,20878,485029.000001,485014.610873,1,gap,7.129,0.977,3.472,2.65,1,55122,76016,72.51368133024626,45.67459482214271
intermodal_path_tree,intermodal,BUS-18424-0,path,copt-gpu,off,rep1,18388,18388,1.0,40,21227,485027.500005,484987.11808,1,gap,11.46,3.449,4.452,3.522,0,0,94202,0.0,47.26014309674954
intermodal_path_tree,intermodal,BUS-18424-0,path,copt-gpu,on,rep1,18388,18388,1.0,30,20878,485029.000001,485014.610873,1,gap,8.749,2.533,3.551,2.636,1,55122,76016,72.51368133024626,46.71384971584929
intermodal_path_tree,intermodal,BUS-18424-0,path,cuopt,off,rep1,18388,18388,1.0,23,21120,485025.520159,484992.718013,1,gap,9.674,3.437,4.194,2.019,0,0,94699,0.0,44.287690471916285
intermodal_path_tree,intermodal,BUS-18424-0,path,cuopt,on,rep1,18388,18388,1.0,39,20997,485028.457988,485021.056724,1,gap,12.84,5.616,3.766,3.42,1,55811,76819,72.65259896640154,49.024329918379564
intermodal_path_tree,intermodal,BUS-18424-0,path,highs,off,rep1,18388,18388,1.0,17,21212,485034.500089,484986.576186,1,gap,26.778,21.911,3.367,1.484,0,0,76057,0.0,44.269429506817254
intermodal_path_tree,intermodal,BUS-18424-0,path,highs,off,rep2,18388,18388,1.0,20,21259,485025.500658,484993.531285,1,gap,33.063,27.155,4.131,1.757,0,0,94610,0.0,43.66346052214354
intermodal_path_tree,intermodal,BUS-18424-0,path,highs,off,rep3,18388,18388,1.0,21,21351,485025.500067,484993.527395,1,gap,35.469,28.707,4.902,1.84,0,0,113076,0.0,43.35137429693304
intermodal_path_tree,intermodal,BUS-18424-0,path,highs,on,rep1,18388,18388,1.0,43,21086,485028.000206,485018.289648,1,gap,73.252,65.716,3.742,3.759,1,55673,76773,72.51637945631929,48.74109387414846
intermodal_path_tree,intermodal,BUS-18424-0,path,mosek,off,rep1,18388,18388,1.0,18,21163,485025.500193,484993.529865,1,gap,8.591,2.081,4.9,1.588,0,0,112881,0.0,43.40854528219984
intermodal_path_tree,intermodal,BUS-18424-0,path,mosek,on,rep1,18388,18388,1.0,26,20894,485026.541104,485021.110768,1,gap,8.772,2.85,3.591,2.302,1,56325,77225,72.93622531563612,46.50048559404338
intermodal_path_tree,intermodal,BUS-18424-0,tree,copt-cpu,off,rep1,18388,18388,1.0,33,21144,485025.500001,484993.072961,1,gap,8.383,1.009,4.321,3.022,0,0,94272,0.0,45.83545485403938
intermodal_path_tree,intermodal,BUS-18424-0,tree,copt-cpu,on,rep1,18388,18388,1.0,32,20906,485032.00009,485007.951796,1,gap,7.489,0.963,3.558,2.936,1,55124,76055,72.4791269476037,46.78193412661889
intermodal_path_tree,intermodal,BUS-18424-0,tree,copt-gpu,off,rep1,18388,18388,1.0,42,21144,485027.000005,484989.633813,1,gap,11.6,3.13,4.578,3.852,0,0,94514,0.0,48.43726855280699
intermodal_path_tree,intermodal,BUS-18424-0,tree,copt-gpu,on,rep1,18388,18388,1.0,32,20906,485032.000345,485007.795,1,gap,8.918,2.336,3.615,2.936,1,55124,76055,72.4791269476037,47.53139175596608
intermodal_path_tree,intermodal,BUS-18424-0,tree,cuopt,off,rep1,18388,18388,1.0,20,21123,485025.503958,484993.525232,1,gap,8.809,2.771,4.202,1.814,0,0,94611,0.0,44.41344029763981
intermodal_path_tree,intermodal,BUS-18424-0,tree,cuopt,on,rep1,18388,18388,1.0,37,21021,485026.697207,485023.601364,1,gap,11.983,4.836,3.755,3.354,1,55910,76935,72.67173588093846,48.80743484759862
intermodal_path_tree,intermodal,BUS-18424-0,tree,highs,off,rep1,18388,18388,1.0,19,21305,485025.500671,484993.513769,1,gap,22.505,16.635,4.119,1.733,0,0,94523,0.0,43.57669561905568
intermodal_path_tree,intermodal,BUS-18424-0,tree,highs,off,rep2,18388,18388,1.0,19,21305,485025.500573,484993.514569,1,gap,22.486,16.57,4.162,1.736,0,0,94523,0.0,44.03161135385039
intermodal_path_tree,intermodal,BUS-18424-0,tree,highs,off,rep3,18388,18388,1.0,17,21169,485032.000483,484985.962654,1,gap,19.859,14.817,3.47,1.555,0,0,76098,0.0,45.59909590265185
intermodal_path_tree,intermodal,BUS-18424-0,tree,highs,on,rep1,18388,18388,1.0,26,20983,485026.501612,485022.301397,1,gap,29.409,22.805,4.198,2.369,1,73875,94863,77.87546250909206,44.25329158892297
intermodal_path_tree,intermodal,BUS-18424-0,tree,mosek,off,rep1,18388,18388,1.0,18,21155,485025.500054,484993.524927,1,gap,7.472,1.603,4.193,1.655,0,0,94770,0.0,44.24395905877387
intermodal_path_tree,intermodal,BUS-18424-0,tree,mosek,on,rep1,18388,18388,1.0,23,21036,485027.499967,485016.816591,1,gap,7.526,2.006,3.38,2.116,1,55280,76328,72.4242741850959,44.28256996122
intermodal_path_tree,intermodal,BUS-23688-0,path,copt-cpu,off,rep1,23643,23643,1.0,29,27821,624881.500288,624839.827708,1,gap,11.004,1.381,6.446,3.141,0,0,121128,0.0,53.21643220394954
intermodal_path_tree,intermodal,BUS-23688-0,path,copt-cpu,on,rep1,23643,23643,1.0,19,27530,624896.500001,624842.336681,1,gap,8.021,0.924,5.014,2.059,1,69510,97081,71.6000041202707,51.64759324687632
intermodal_path_tree,intermodal,BUS-23688-0,path,copt-gpu,off,rep1,23643,23643,1.0,29,27821,624881.500288,624839.827708,1,gap,12.443,2.956,6.321,3.13,0,0,121126,0.0,52.18532767531331
intermodal_path_tree,intermodal,BUS-23688-0,path,copt-gpu,on,rep1,23643,23643,1.0,19,27530,624896.505289,624842.223375,1,gap,9.004,1.999,4.918,2.064,1,69511,97081,71.60103418794615,50.658728278447896
intermodal_path_tree,intermodal,BUS-23688-0,path,cuopt,off,rep1,23643,23643,1.0,15,27469,624882.028347,624837.666006,1,gap,9.752,2.884,5.227,1.619,0,0,98654,0.0,52.98315324264602
intermodal_path_tree,intermodal,BUS-23688-0,path,cuopt,on,rep1,23643,23643,1.0,31,27158,624882.521656,624873.317516,1,gap,14.086,5.132,5.574,3.342,1,72488,99658,72.73675971823637,55.93128499468181
intermodal_path_tree,intermodal,BUS-23688-0,path,highs,off,rep1,23643,23643,1.0,40,27266,624882.000273,624840.104936,1,gap,91.659,81.479,5.833,4.305,0,0,99197,0.0,58.80218151758622
intermodal_path_tree,intermodal,BUS-23688-0,path,highs,off,rep2,23643,23643,1.0,20,27382,624881.500057,624840.035459,1,gap,40.657,33.017,5.469,2.149,0,0,99091,0.0,55.191692484685795
intermodal_path_tree,intermodal,BUS-23688-0,path,highs,off,rep3,23643,23643,1.0,18,27368,624881.501375,624840.196668,1,gap,39.369,32.072,5.344,1.932,0,0,99177,0.0,53.88346088306765
intermodal_path_tree,intermodal,BUS-23688-0,path,highs,on,rep1,23643,23643,1.0,44,27088,624882.002482,624824.338435,1,gap,95.761,86.123,4.884,4.711,1,49644,76740,64.69116497263487,63.64347146207975
intermodal_path_tree,intermodal,BUS-23688-0,path,mosek,off,rep1,23643,23643,1.0,16,27383,624882.000113,624834.895113,1,gap,9.368,2.346,5.257,1.742,0,0,98414,0.0,53.41719674030118
intermodal_path_tree,intermodal,BUS-23688-0,path,mosek,on,rep1,23643,23643,1.0,18,27261,624882.629315,624876.430062,1,gap,9.813,2.789,5.041,1.958,1,70742,98020,72.17098551316057,51.428279942868805
intermodal_path_tree,intermodal,BUS-23688-0,tree,copt-cpu,off,rep1,23643,23643,1.0,13,27331,624891.00213,624830.570363,1,gap,7.027,0.574,4.971,1.465,0,0,97029,0.0,51.23210586525678
intermodal_path_tree,intermodal,BUS-23688-0,tree,copt-cpu,on,rep1,23643,23643,1.0,20,27325,624893.5,624846.39749,1,gap,8.215,0.869,5.06,2.262,1,70065,97419,71.92128845502417,51.94058653856024
intermodal_path_tree,intermodal,BUS-23688-0,tree,copt-gpu,off,rep1,23643,23643,1.0,13,27331,624891.0,624830.573036,1,gap,7.783,1.288,5.01,1.468,0,0,97042,0.0,51.62713052080542
intermodal_path_tree,intermodal,BUS-23688-0,tree,copt-gpu,on,rep1,23643,23643,1.0,20,27345,624894.000001,624846.295662,1,gap,9.181,1.858,5.051,2.246,1,70064,97439,71.90549985118895,51.83755990927657
intermodal_path_tree,intermodal,BUS-23688-0,tree,cuopt,off,rep1,23643,23643,1.0,27,27139,624881.530131,624840.210345,1,gap,13.823,4.077,6.686,3.025,0,0,123086,0.0,54.31974391888598
intermodal_path_tree,intermodal,BUS-23688-0,tree,cuopt,on,rep1,23643,23643,1.0,22,27203,624882.516754,624879.399544,1,gap,11.122,3.453,5.18,2.461,1,71550,98755,72.45202774543061,52.45304035238722
intermodal_path_tree,intermodal,BUS-23688-0,tree,highs,off,rep1,23643,23643,1.0,38,27144,624881.501161,624840.230335,1,gap,58.379,47.246,6.834,4.253,0,0,121983,0.0,56.02420009345565
intermodal_path_tree,intermodal,BUS-23688-0,tree,highs,off,rep2,23643,23643,1.0,40,27481,624881.502406,624840.217881,1,gap,60.604,49.43,6.647,4.487,0,0,121351,0.0,54.77499155342766
intermodal_path_tree,intermodal,BUS-23688-0,tree,highs,off,rep3,23643,23643,1.0,13,27291,624884.000037,624835.206067,1,gap,21.487,14.896,5.119,1.455,0,0,98530,0.0,51.9537196792855
intermodal_path_tree,intermodal,BUS-23688-0,tree,highs,on,rep1,23643,23643,1.0,20,27221,624887.500522,624873.025956,1,gap,29.935,22.65,5.027,2.235,1,69913,97151,71.96323249374684,51.74419203096211
intermodal_path_tree,intermodal,BUS-23688-0,tree,mosek,off,rep1,23643,23643,1.0,19,27567,624881.50036,624840.210227,1,gap,10.953,2.376,6.407,2.141,0,0,121659,0.0,52.66359250034934
intermodal_path_tree,intermodal,BUS-23688-0,tree,mosek,on,rep1,23643,23643,1.0,20,27215,624881.313548,624879.159823,1,gap,10.021,2.501,5.25,2.242,1,71558,98776,72.44472341459463,53.1505628897708
intermodal_path_tree,intermodal,BUS-2632-0,path,copt-cpu,off,rep1,2628,2628,1.0,38,3251,71026.5,71020.577477,1,gap,1.967,0.358,0.551,1.046,0,0,13834,0.0,39.829405811768105
intermodal_path_tree,intermodal,BUS-2632-0,path,copt-cpu,on,rep1,2628,2628,1.0,33,3250,71027.000002,71021.151596,1,gap,1.691,0.307,0.471,0.903,1,7823,11075,70.63656884875847,42.52821670428894
intermodal_path_tree,intermodal,BUS-2632-0,path,copt-gpu,off,rep1,2628,2628,1.0,38,3247,71026.5,71020.623953,1,gap,3.829,1.873,0.686,1.256,0,0,13842,0.0,49.55931223811588
intermodal_path_tree,intermodal,BUS-2632-0,path,copt-gpu,on,rep1,2628,2628,1.0,33,3250,71027.000002,71021.151596,1,gap,3.339,1.655,0.566,1.107,1,7823,11075,70.63656884875847,51.106094808126414
intermodal_path_tree,intermodal,BUS-2632-0,path,cuopt,off,rep1,2628,2628,1.0,21,3198,71026.50093,71021.873497,1,gap,2.925,1.66,0.55,0.707,0,0,13627,0.0,40.36104791957144
intermodal_path_tree,intermodal,BUS-2632-0,path,cuopt,on,rep1,2628,2628,1.0,17,3187,71026.500941,71022.990788,1,gap,2.418,1.395,0.438,0.578,1,7790,10981,70.94071578180494,39.88707767962845
intermodal_path_tree,intermodal,BUS-2632-0,path,highs,off,rep1,2628,2628,1.0,17,3199,71026.500008,71020.785749,1,gap,3.319,2.267,0.464,0.581,0,0,10988,0.0,42.22788496541682
intermodal_path_tree,intermodal,BUS-2632-0,path,highs,off,rep2,2628,2628,1.0,17,3199,71026.500149,71021.867994,1,gap,3.399,2.263,0.551,0.578,0,0,16100,0.0,34.22360248447205
intermodal_path_tree,intermodal,BUS-2632-0,path,highs,off,rep3,2628,2628,1.0,17,3200,71026.500008,71020.708073,1,gap,3.342,2.297,0.457,0.581,0,0,10989,0.0,41.58704158704159
intermodal_path_tree,intermodal,BUS-2632-0,path,highs,on,rep1,2628,2628,1.0,17,3189,71026.500006,71022.743957,1,gap,3.352,2.292,0.47,0.584,1,7804,10998,70.95835606473905,42.73504273504273
intermodal_path_tree,intermodal,BUS-2632-0,path,mosek,off,rep1,2628,2628,1.0,22,3234,71026.500265,71021.871579,1,gap,1.453,0.363,0.478,0.604,0,0,16140,0.0,29.615861214374224
intermodal_path_tree,intermodal,BUS-2632-0,path,mosek,on,rep1,2628,2628,1.0,22,3231,71026.500133,71020.652682,1,gap,1.417,0.37,0.429,0.612,1,10252,13496,75.96324836988737,31.787196206283344
intermodal_path_tree,intermodal,BUS-2632-0,tree,copt-cpu,off,rep1,2628,2628,1.0,32,3243,71026.5,71021.8716,1,gap,1.774,0.288,0.57,0.907,0,0,16342,0.0,34.879451719495776
intermodal_path_tree,intermodal,BUS-2632-0,tree,copt-cpu,on,rep1,2628,2628,1.0,24,3237,71026.500108,71022.844422,1,gap,1.367,0.214,0.462,0.683,1,10409,13650,76.25641025641026,33.84615384615385
intermodal_path_tree,intermodal,BUS-2632-0,tree,copt-gpu,off,rep1,2628,2628,1.0,32,3243,71026.5,71021.869,1,gap,3.186,1.484,0.639,1.052,0,0,16342,0.0,39.101701138171585
intermodal_path_tree,intermodal,BUS-2632-0,tree,copt-gpu,on,rep1,2628,2628,1.0,24,3237,71026.500108,71022.844422,1,gap,2.453,1.148,0.519,0.778,1,10409,13650,76.25641025641026,38.02197802197802
intermodal_path_tree,intermodal,BUS-2632-0,tree,cuopt,off,rep1,2628,2628,1.0,21,3195,71026.504325,71021.874937,1,gap,2.788,1.506,0.551,0.722,0,0,13630,0.0,40.42553191489362
intermodal_path_tree,intermodal,BUS-2632-0,tree,cuopt,on,rep1,2628,2628,1.0,17,3185,71026.505234,71023.038533,1,gap,2.459,1.42,0.444,0.588,1,7790,10979,70.95363876491484,40.44084160670371
intermodal_path_tree,intermodal,BUS-2632-0,tree,highs,off,rep1,2628,2628,1.0,17,3195,71026.500023,71021.124286,1,gap,2.646,1.583,0.461,0.595,0,0,10977,0.0,41.99690261455771
intermodal_path_tree,intermodal,BUS-2632-0,tree,highs,off,rep2,2628,2628,1.0,17,3228,71026.50001,71021.876899,1,gap,2.721,1.564,0.56,0.59,0,0,16096,0.0,34.791252485089466
intermodal_path_tree,intermodal,BUS-2632-0,tree,highs,off,rep3,2628,2628,1.0,17,3195,71026.500004,71021.022422,1,gap,2.69,1.622,0.471,0.59,0,0,10977,0.0,42.907898332877835
intermodal_path_tree,intermodal,BUS-2632-0,tree,highs,on,rep1,2628,2628,1.0,17,3182,71026.500259,71022.362729,1,gap,2.625,1.56,0.463,0.595,1,7802,10988,71.00473243538406,42.13687659264652
intermodal_path_tree,intermodal,BUS-2632-0,tree,mosek,off,rep1,2628,2628,1.0,22,3213,71026.501723,71021.872637,1,gap,1.398,0.277,0.495,0.617,0,0,16140,0.0,30.66914498141264
intermodal_path_tree,intermodal,BUS-2632-0,tree,mosek,on,rep1,2628,2628,1.0,22,3201,71026.500422,71025.342048,1,gap,1.376,0.29,0.448,0.631,1,10295,13499,76.26490851174161,33.18764352915031
intermodal_path_tree,intermodal,BUS-7896-0,path,copt-cpu,off,rep1,7883,7883,1.0,18,9218,210596.5,210576.876083,1,gap,2.442,0.343,1.223,0.867,0,0,40253,0.0,30.382828609047774
intermodal_path_tree,intermodal,BUS-7896-0,path,copt-cpu,on,rep1,7883,7883,1.0,18,9208,210593.001633,210590.102034,1,gap,2.46,0.35,1.232,0.869,1,31129,40339,77.16849698802648,30.541163638166537
intermodal_path_tree,intermodal,BUS-7896-0,path,copt-gpu,off,rep1,7883,7883,1.0,18,9218,210596.5,210576.876383,1,gap,3.39,1.23,1.247,0.903,0,0,40253,0.0,30.979057461555662
intermodal_path_tree,intermodal,BUS-7896-0,path,copt-gpu,on,rep1,7883,7883,1.0,18,9208,210593.001633,210590.102034,1,gap,3.345,1.227,1.212,0.896,1,31129,40339,77.16849698802648,30.04536552715734
intermodal_path_tree,intermodal,BUS-7896-0,path,cuopt,off,rep1,7883,7883,1.0,17,9104,210595.501182,210576.702468,1,gap,3.851,1.881,1.052,0.909,0,0,32508,0.0,32.361264919404455
intermodal_path_tree,intermodal,BUS-7896-0,path,cuopt,on,rep1,7883,7883,1.0,17,9093,210595.501222,210584.514201,1,gap,3.765,1.812,1.023,0.92,1,23297,32403,71.89766379656204,31.571150819368572
intermodal_path_tree,intermodal,BUS-7896-0,path,highs,off,rep1,7883,7883,1.0,20,9152,210592.000343,210578.149294,1,gap,11.37,8.889,1.342,1.129,0,0,40412,0.0,33.20795803226764
intermodal_path_tree,intermodal,BUS-7896-0,path,highs,off,rep2,7883,7883,1.0,15,9112,210592.000019,210577.154185,1,gap,8.149,6.254,1.043,0.843,0,0,32527,0.0,32.065668521535954
intermodal_path_tree,intermodal,BUS-7896-0,path,highs,off,rep3,7883,7883,1.0,15,9112,210592.000037,210577.126257,1,gap,8.275,6.383,1.044,0.84,0,0,32527,0.0,32.09641221139361
intermodal_path_tree,intermodal,BUS-7896-0,path,highs,on,rep1,7883,7883,1.0,15,9101,210594.000113,210583.168771,1,gap,8.266,6.409,1.011,0.838,1,23338,32459,71.89993530299763,31.146985427770414
intermodal_path_tree,intermodal,BUS-7896-0,path,mosek,off,rep1,7883,7883,1.0,14,9163,210592.000085,210577.234629,1,gap,2.561,0.665,1.186,0.702,0,0,40168,0.0,29.52599083847839
intermodal_path_tree,intermodal,BUS-7896-0,path,mosek,on,rep1,7883,7883,1.0,11,9116,210594.004879,210586.335315,1,gap,1.923,0.463,0.92,0.532,1,23165,32297,71.72492801188965,28.48561785924389
intermodal_path_tree,intermodal,BUS-7896-0,tree,copt-cpu,off,rep1,7883,7883,1.0,16,9168,210593.500067,210575.719984,1,gap,2.323,0.297,1.22,0.798,0,0,40322,0.0,30.256435692673975
intermodal_path_tree,intermodal,BUS-7896-0,tree,copt-cpu,on,rep1,7883,7883,1.0,20,9271,210595.000061,210590.316884,1,gap,2.605,0.35,1.253,0.989,1,30979,40274,76.92059393156876,31.111883597358098
intermodal_path_tree,intermodal,BUS-7896-0,tree,copt-gpu,off,rep1,7883,7883,1.0,16,9168,210594.500003,210575.633915,1,gap,3.058,1.008,1.224,0.817,0,0,40322,0.0,30.355637121174546
intermodal_path_tree,intermodal,BUS-7896-0,tree,copt-gpu,on,rep1,7883,7883,1.0,20,9271,210595.000061,210590.316884,1,gap,3.476,1.198,1.241,1.026,1,30979,40274,76.92059393156876,30.81392461637781
intermodal_path_tree,intermodal,BUS-7896-0,tree,cuopt,off,rep1,7883,7883,1.0,17,9102,210595.509752,210576.723623,1,gap,3.759,1.73,1.066,0.953,0,0,32506,0.0,32.79394573309543
intermodal_path_tree,intermodal,BUS-7896-0,tree,cuopt,on,rep1,7883,7883,1.0,17,9091,210595.508469,210584.570441,1,gap,3.667,1.692,1.024,0.941,1,23297,32401,71.90210178698189,31.603962840653065
intermodal_path_tree,intermodal,BUS-7896-0,tree,highs,off,rep1,7883,7883,1.0,15,9104,210593.500167,210574.106581,1,gap,6.32,4.418,1.045,0.848,0,0,32522,0.0,32.13209519709734
intermodal_path_tree,intermodal,BUS-7896-0,tree,highs,off,rep2,7883,7883,1.0,15,9104,210593.500063,210574.105401,1,gap,6.255,4.31,1.073,0.863,0,0,32521,0.0,32.994065373143506
intermodal_path_tree,intermodal,BUS-7896-0,tree,highs,off,rep3,7883,7883,1.0,15,9104,210593.500164,210574.105734,1,gap,6.273,4.356,1.048,0.859,0,0,32521,0.0,32.22533132437502
intermodal_path_tree,intermodal,BUS-7896-0,tree,highs,on,rep1,7883,7883,1.0,14,9090,210593.500124,210584.044072,1,gap,5.958,4.097,1.05,0.803,1,23343,32447,71.94193608037723,32.3604647579129
intermodal_path_tree,intermodal,BUS-7896-0,tree,mosek,off,rep1,7883,7883,1.0,17,9102,210593.000449,210576.299639,1,gap,2.53,0.65,1.011,0.859,0,0,32429,0.0,31.175799438773932
intermodal_path_tree,intermodal,BUS-7896-0,tree,mosek,on,rep1,7883,7883,1.0,18,9151,210593.518274,210587.916916,1,gap,2.668,0.69,1.055,0.913,1,23301,32456,71.7925807246734,32.50554596992852
intermodal_path_tree,intermodal,SBT-18765-0,path,copt-cpu,off,rep1,18745,18745,1.0,9,19687,481107.500187,481069.624949,1,gap,9.464,0.198,8.197,1.061,0,0,75755,0.0,108.2040789386839
intermodal_path_tree,intermodal,SBT-18765-0,path,copt-cpu,on,rep1,18745,18745,1.0,7,19676,481113.000947,481097.593713,1,gap,7.033,0.164,6.036,0.828,1,37311,56998,65.46019158566968,105.89845257728341
intermodal_path_tree,intermodal,SBT-18765-0,path,copt-gpu,off,rep1,18745,18745,1.0,9,19687,481107.500187,481069.624949,1,gap,10.002,0.747,8.194,1.053,0,0,75755,0.0,108.16447759223814
intermodal_path_tree,intermodal,SBT-18765-0,path,copt-gpu,on,rep1,18745,18745,1.0,7,19676,481113.000947,481097.593713,1,gap,7.4,0.675,5.902,0.817,1,37311,56998,65.46019158566968,103.54749289448752
intermodal_path_tree,intermodal,SBT-18765-0,path,cuopt,off,rep1,18745,18745,1.0,7,19656,481112.056827,481065.871429,1,gap,8.116,1.244,6.044,0.822,0,0,56998,0.0,106.03880837924137
intermodal_path_tree,intermodal,SBT-18765-0,path,cuopt,on,rep1,18745,18745,1.0,7,19656,481112.056827,481099.239035,1,gap,8.064,1.238,6.0,0.82,1,37333,56998,65.49878943120811,105.26685146847258
intermodal_path_tree,intermodal,SBT-18765-0,path,highs,off,rep1,18745,18745,1.0,7,19656,481112.000214,481064.147478,1,gap,12.456,5.438,6.2,0.812,0,0,56998,0.0,108.77574651742167
intermodal_path_tree,intermodal,SBT-18765-0,path,highs,off,rep2,18745,18745,1.0,7,19656,481112.000071,481064.364925,1,gap,12.496,5.415,6.262,0.813,0,0,56998,0.0,109.86350398259589
intermodal_path_tree,intermodal,SBT-18765-0,path,highs,off,rep3,18745,18745,1.0,7,19656,481112.000098,481064.142765,1,gap,12.337,5.333,6.184,0.813,0,0,56998,0.0,108.49503491350573
intermodal_path_tree,intermodal,SBT-18765-0,path,highs,on,rep1,18745,18745,1.0,7,19656,481112.000057,481097.645186,1,gap,12.39,5.413,6.161,0.81,1,37333,56998,65.49878943120811,108.0915119828766
intermodal_path_tree,intermodal,SBT-18765-0,path,mosek,off,rep1,18745,18745,1.0,7,19657,481112.000646,481064.654096,1,gap,7.191,0.252,6.117,0.814,0,0,56998,0.0,107.31955507210779
intermodal_path_tree,intermodal,SBT-18765-0,path,mosek,on,rep1,18745,18745,1.0,7,19657,481112.000646,481098.038709,1,gap,7.013,0.252,5.928,0.827,1,37332,56998,65.49703498368363,104.00364925085091
intermodal_path_tree,intermodal,SBT-18765-0,tree,copt-cpu,off,rep1,18745,18745,1.0,9,19686,481107.5,481069.92179,1,gap,9.631,0.201,8.318,1.104,0,0,75755,0.0,109.80133324533034
intermodal_path_tree,intermodal,SBT-18765-0,tree,copt-cpu,on,rep1,18745,18745,1.0,7,19675,481113.000002,481098.244188,1,gap,7.098,0.163,6.078,0.852,1,37312,56998,65.46194603319415,106.63532053756272
intermodal_path_tree,intermodal,SBT-18765-0,tree,copt-gpu,off,rep1,18745,18745,1.0,9,19686,481107.5,481069.92179,1,gap,9.927,0.771,8.05,1.099,0,0,75755,0.0,106.26361296284075
intermodal_path_tree,intermodal,SBT-18765-0,tree,copt-gpu,on,rep1,18745,18745,1.0,7,19675,481113.000002,481098.244188,1,gap,7.553,0.658,6.039,0.85,1,37312,56998,65.46194603319415,105.95108600301765
intermodal_path_tree,intermodal,SBT-18765-0,tree,cuopt,off,rep1,18745,18745,1.0,7,19639,481112.005331,481065.691163,1,gap,8.248,1.132,6.255,0.856,0,0,56998,0.0,109.74069265588267
intermodal_path_tree,intermodal,SBT-18765-0,tree,cuopt,on,rep1,18745,18745,1.0,7,19639,481112.005331,481099.057871,1,gap,8.157,1.193,6.107,0.851,1,37350,56998,65.52861503912418,107.14411031966034
intermodal_path_tree,intermodal,SBT-18765-0,tree,highs,off,rep1,18745,18745,1.0,7,19658,481112.001089,481064.517136,1,gap,10.724,3.631,6.233,0.854,0,0,56998,0.0,109.35471420049826
intermodal_path_tree,intermodal,SBT-18765-0,tree,highs,off,rep2,18745,18745,1.0,7,19658,481112.000217,481064.639345,1,gap,10.653,3.551,6.246,0.851,0,0,56998,0.0,109.58279237867995
intermodal_path_tree,intermodal,SBT-18765-0,tree,highs,off,rep3,18745,18745,1.0,7,19658,481112.000659,481064.577451,1,gap,10.562,3.56,6.147,0.849,0,0,56998,0.0,107.84588932945016
intermodal_path_tree,intermodal,SBT-18765-0,tree,highs,on,rep1,18745,18745,1.0,7,19658,481112.001602,481098.084626,1,gap,10.593,3.676,6.064,0.847,1,37331,56998,65.49528053615916,106.38969788413628
intermodal_path_tree,intermodal,SBT-18765-0,tree,mosek,off,rep1,18745,18745,1.0,7,19659,481112.000003,481065.311001,1,gap,7.284,0.207,6.212,0.857,0,0,56998,0.0,108.98628022035861
intermodal_path_tree,intermodal,SBT-18765-0,tree,mosek,on,rep1,18745,18745,1.0,7,19659,481112.000003,481098.690845,1,gap,7.128,0.208,6.063,0.85,1,37330,56998,65.4935260886347,106.37215340889153
intermodal_path_tree,intermodal,SBT-31275-0,path,copt-cpu,off,rep1,31252,31252,1.0,6,32542,801323.000001,801260.858116,1,gap,16.146,0.223,14.82,1.096,0,0,95091,0.0,155.85071142379405
intermodal_path_tree,intermodal,SBT-31275-0,path,copt-cpu,on,rep1,31252,31252,1.0,6,32542,801323.000001,801315.982392,1,gap,15.674,0.228,14.35,1.089,1,62538,95090,65.76716794615628,150.90966452834158
intermodal_path_tree,intermodal,SBT-31275-0,path,copt-gpu,off,rep1,31252,31252,1.0,6,32542,801323.000001,801260.858116,1,gap,16.47,0.763,14.602,1.099,0,0,95091,0.0,153.5581705944832
intermodal_path_tree,intermodal,SBT-31275-0,path,copt-gpu,on,rep1,31252,31252,1.0,6,32542,801323.000001,801315.982392,1,gap,16.271,0.741,14.433,1.09,1,62538,95090,65.76716794615628,151.78252182143234
intermodal_path_tree,intermodal,SBT-31275-0,path,cuopt,off,rep1,31252,31252,1.0,6,32533,801323.016391,801264.526452,1,gap,21.945,1.459,19.391,1.089,0,0,126342,0.0,153.4802361843251
intermodal_path_tree,intermodal,SBT-31275-0,path,cuopt,on,rep1,31252,31252,1.0,6,32533,801323.016391,801319.663265,1,gap,21.43,1.399,18.932,1.092,1,93809,126342,74.25005144765794,149.8472400310269
intermodal_path_tree,intermodal,SBT-31275-0,path,highs,off,rep1,31252,31252,1.0,6,32539,801323.000085,801264.531299,1,gap,29.014,8.639,19.288,1.08,0,0,126342,0.0,152.66498868151524
intermodal_path_tree,intermodal,SBT-31275-0,path,highs,off,rep2,31252,31252,1.0,6,32539,801323.003485,801264.530173,1,gap,28.997,8.485,19.422,1.082,0,0,126343,0.0,153.72438520535368
intermodal_path_tree,intermodal,SBT-31275-0,path,highs,off,rep3,31252,31252,1.0,6,32540,801323.000926,801260.987848,1,gap,24.691,8.872,14.723,1.089,0,0,95089,0.0,154.83389245864402
intermodal_path_tree,intermodal,SBT-31275-0,path,highs,on,rep1,31252,31252,1.0,6,32539,801323.000242,801319.663691,1,gap,28.826,8.7,19.04,1.079,1,93803,126342,74.24530243307846,150.70206265533236
intermodal_path_tree,intermodal,SBT-31275-0,path,mosek,off,rep1,31252,31252,1.0,6,32539,801322.997939,801264.533368,1,gap,21.083,0.481,19.5,1.092,0,0,126343,0.0,154.34175221421052
intermodal_path_tree,intermodal,SBT-31275-0,path,mosek,on,rep1,31252,31252,1.0,6,32539,801322.965653,801319.651952,1,gap,20.652,0.495,19.05,1.098,1,93803,126342,74.24530243307846,150.7812128983236
intermodal_path_tree,intermodal,SBT-31275-0,tree,copt-cpu,off,rep1,31252,31252,1.0,6,32538,801323.0,801264.5071,1,gap,20.835,0.232,19.461,1.135,0,0,126342,0.0,154.0342878852638
intermodal_path_tree,intermodal,SBT-31275-0,tree,copt-cpu,on,rep1,31252,31252,1.0,6,32538,801323.0,801319.663709,1,gap,20.27,0.226,18.895,1.142,1,93804,126342,74.24609393550838,149.5543841319593
intermodal_path_tree,intermodal,SBT-31275-0,tree,copt-gpu,off,rep1,31252,31252,1.0,6,32538,801323.0,801264.5071,1,gap,21.086,0.674,19.271,1.135,0,0,126342,0.0,152.53043326843013
intermodal_path_tree,intermodal,SBT-31275-0,tree,copt-gpu,on,rep1,31252,31252,1.0,6,32538,801323.0,801319.663709,1,gap,20.67,0.704,18.822,1.138,1,93804,126342,74.24609393550838,148.9765873581232
intermodal_path_tree,intermodal,SBT-31275-0,tree,cuopt,off,rep1,31252,31252,1.0,6,32533,801323.010641,801264.522177,1,gap,21.877,1.23,19.517,1.123,0,0,126342,0.0,154.4775292460148
intermodal_path_tree,intermodal,SBT-31275-0,tree,cuopt,on,rep1,31252,31252,1.0,6,32533,801323.010641,801319.663475,1,gap,21.41,1.234,19.037,1.132,1,93809,126342,74.25005144765794,150.67831758243497
intermodal_path_tree,intermodal,SBT-31275-0,tree,highs,off,rep1,31252,31252,1.0,6,32539,801325.0002,801261.744872,1,gap,21.839,6.03,14.676,1.127,0,0,95090,0.0,154.33799558313177
intermodal_path_tree,intermodal,SBT-31275-0,tree,highs,off,rep2,31252,31252,1.0,6,32539,801325.000986,801261.772469,1,gap,21.856,6.034,14.692,1.124,0,0,95089,0.0,154.50788208941097
intermodal_path_tree,intermodal,SBT-31275-0,tree,highs,off,rep3,31252,31252,1.0,6,32541,801325.000264,801261.740685,1,gap,22.018,6.135,14.745,1.131,0,0,95089,0.0,155.06525465616423
intermodal_path_tree,intermodal,SBT-31275-0,tree,highs,on,rep1,31252,31252,1.0,6,32539,801325.001787,801316.921328,1,gap,21.521,6.083,14.31,1.122,1,62548,95090,65.77768429908508,150.4890104111894
intermodal_path_tree,intermodal,SBT-31275-0,tree,mosek,off,rep1,31252,31252,1.0,6,32543,801324.489985,801262.047798,1,gap,16.203,0.383,14.674,1.137,0,0,95090,0.0,154.31696287727416
intermodal_path_tree,intermodal,SBT-31275-0,tree,mosek,on,rep1,31252,31252,1.0,6,32543,801324.489985,801317.118825,1,gap,16.16,0.391,14.63,1.13,1,62544,95090,65.77347775791355,153.85424334840678
intermodal_path_tree,intermodal,SBT-43785-0,path,copt-cpu,off,rep1,43757,43757,1.0,6,45743,1123600.009692,1123516.997796,1,gap,29.386,0.32,27.462,1.595,0,0,133286,0.0,206.03814354095704
intermodal_path_tree,intermodal,SBT-43785-0,path,copt-cpu,on,rep1,43757,43757,1.0,6,45743,1123600.009692,1123593.795036,1,gap,28.577,0.319,26.661,1.588,1,87542,133286,65.67981633479886,200.02851012109298
intermodal_path_tree,intermodal,SBT-43785-0,path,copt-gpu,off,rep1,43757,43757,1.0,6,45743,1123600.009692,1123516.997796,1,gap,29.856,0.827,27.43,1.59,0,0,133286,0.0,205.7980583107003
intermodal_path_tree,intermodal,SBT-43785-0,path,copt-gpu,on,rep1,43757,43757,1.0,6,45743,1123600.0,1123593.797294,1,gap,29.37,0.816,26.952,1.593,1,87542,133286,65.67981633479886,202.21178518374023
intermodal_path_tree,intermodal,SBT-43785-0,path,cuopt,off,rep1,43757,43757,1.0,6,45725,1123600.012524,1123517.02034,1,gap,30.509,1.711,27.208,1.58,0,0,133331,0.0,204.06357111249446
intermodal_path_tree,intermodal,SBT-43785-0,path,cuopt,on,rep1,43757,43757,1.0,6,45725,1123600.012524,1123593.820773,1,gap,30.343,1.724,27.028,1.582,1,87606,133332,65.70515705157051,202.71202712027122
intermodal_path_tree,intermodal,SBT-43785-0,path,highs,off,rep1,43757,43757,1.0,6,45720,1123600.002356,1123516.979691,1,gap,42.455,13.545,27.327,1.574,0,0,133331,0.0,204.95608673151781
intermodal_path_tree,intermodal,SBT-43785-0,path,highs,off,rep2,43757,43757,1.0,6,45672,1123600.005299,1123516.981597,1,gap,42.173,13.242,27.351,1.571,0,0,133227,0.0,205.2962237384314
intermodal_path_tree,intermodal,SBT-43785-0,path,highs,off,rep3,43757,43757,1.0,6,45720,1123600.003152,1123516.980538,1,gap,42.495,13.586,27.325,1.574,0,0,133331,0.0,204.94108646901321
intermodal_path_tree,intermodal,SBT-43785-0,path,highs,on,rep1,43757,43757,1.0,6,45672,1123600.000296,1123593.781337,1,gap,41.71,13.389,26.724,1.588,1,87554,133227,65.71791003325151,200.58997050147494
intermodal_path_tree,intermodal,SBT-43785-0,path,mosek,off,rep1,43757,43757,1.0,11,45774,1123600.00509,1123517.010828,1,gap,40.344,1.525,35.894,2.897,0,0,175236,0.0,204.83234038667854
intermodal_path_tree,intermodal,SBT-43785-0,path,mosek,on,rep1,43757,43757,1.0,11,45774,1123600.005084,1123593.790156,1,gap,39.25,1.522,34.827,2.874,1,129461,175236,73.87808441187883,198.74340888858453
intermodal_path_tree,intermodal,SBT-43785-0,tree,copt-cpu,off,rep1,43757,43757,1.0,6,45730,1123600.000001,1123517.013469,1,gap,29.536,0.323,27.567,1.636,0,0,133286,0.0,206.82592320273696
intermodal_path_tree,intermodal,SBT-43785-0,tree,copt-cpu,on,rep1,43757,43757,1.0,6,45730,1123600.000001,1123593.83063,1,gap,28.896,0.32,26.948,1.619,1,87555,133286,65.68956979727804,202.18177452995815
intermodal_path_tree,intermodal,SBT-43785-0,tree,copt-gpu,off,rep1,43757,43757,1.0,6,45730,1123600.000001,1123517.013469,1,gap,29.824,0.763,27.396,1.655,0,0,133286,0.0,205.54296775355252
intermodal_path_tree,intermodal,SBT-43785-0,tree,copt-gpu,on,rep1,43757,43757,1.0,6,45730,1123600.000001,1123593.83063,1,gap,29.437,0.789,26.99,1.649,1,87555,133286,65.68956979727804,202.4968863946701
intermodal_path_tree,intermodal,SBT-43785-0,tree,cuopt,off,rep1,43757,43757,1.0,6,45714,1123600.01983,1123517.019269,1,gap,30.217,1.511,27.064,1.632,0,0,133078,0.0,203.36945250154045
intermodal_path_tree,intermodal,SBT-43785-0,tree,cuopt,on,rep1,43757,43757,1.0,6,45714,1123600.01983,1123593.811223,1,gap,29.723,1.49,26.588,1.635,1,87364,133079,65.64822398725569,199.79110152616116
intermodal_path_tree,intermodal,SBT-43785-0,tree,highs,off,rep1,43757,43757,1.0,6,45733,1123600.00023,1123516.985567,1,gap,38.31,9.326,27.342,1.631,0,0,133286,0.0,205.13782392749425
intermodal_path_tree,intermodal,SBT-43785-0,tree,highs,off,rep2,43757,43757,1.0,6,45733,1123600.000227,1123516.985916,1,gap,38.264,9.26,27.369,1.625,0,0,133286,0.0,205.3403958405234
intermodal_path_tree,intermodal,SBT-43785-0,tree,highs,off,rep3,43757,43757,1.0,6,45733,1123600.001075,1123516.979403,1,gap,37.856,9.138,27.065,1.642,0,0,133286,0.0,203.05958615308435
intermodal_path_tree,intermodal,SBT-43785-0,tree,highs,on,rep1,43757,43757,1.0,6,45733,1123600.000225,1123593.783459,1,gap,37.927,9.339,26.923,1.655,1,87552,133286,65.68731899824438,201.99420794382004
intermodal_path_tree,intermodal,SBT-43785-0,tree,mosek,off,rep1,43757,43757,1.0,6,45827,1123599.486704,1123517.474411,1,gap,38.698,0.613,36.423,1.644,0,0,177088,0.0,205.6774033249006
intermodal_path_tree,intermodal,SBT-43785-0,tree,mosek,on,rep1,43757,43757,1.0,6,45827,1123599.486705,1123594.277129,1,gap,37.821,0.6,35.579,1.624,1,131240,177089,74.10962849188826,200.91027675349682
intermodal_path_tree,intermodal,SBT-56295-0,path,copt-cpu,off,rep1,56269,56269,1.0,10,58751,1447869.0,1447747.227038,1,gap,48.687,0.604,44.79,3.269,0,0,171157,0.0,261.68955987777304
intermodal_path_tree,intermodal,SBT-56295-0,path,copt-cpu,on,rep1,56269,56269,1.0,10,58751,1447869.0,1447845.522018,1,gap,47.775,0.588,43.897,3.267,1,112285,171066,65.6384085674535,256.60856043866113
intermodal_path_tree,intermodal,SBT-56295-0,path,copt-gpu,off,rep1,56269,56269,1.0,10,58751,1447869.0,1447747.227038,1,gap,49.753,1.225,45.236,3.27,0,0,171157,0.0,264.29535455751153
intermodal_path_tree,intermodal,SBT-56295-0,path,copt-gpu,on,rep1,56269,56269,1.0,10,58751,1447869.0,1447845.522018,1,gap,48.782,1.216,44.267,3.276,1,112285,171066,65.6384085674535,258.77146832216806
intermodal_path_tree,intermodal,SBT-56295-0,path,cuopt,off,rep1,56269,56269,1.0,10,58743,1447869.024691,1447747.229467,1,gap,50.886,2.993,44.618,3.252,0,0,171155,0.0,260.6876807572084
intermodal_path_tree,intermodal,SBT-56295-0,path,cuopt,on,rep1,56269,56269,1.0,10,58743,1447869.024691,1447845.521829,1,gap,50.252,2.917,44.056,3.257,1,112293,171066,65.64308512503946,257.53802625887084
intermodal_path_tree,intermodal,SBT-56295-0,path,highs,off,rep1,56269,56269,1.0,10,58749,1447869.000316,1447747.221806,1,gap,81.373,32.73,45.202,3.419,0,0,171188,0.0,264.04888193097645
intermodal_path_tree,intermodal,SBT-56295-0,path,highs,off,rep2,56269,56269,1.0,10,58747,1447869.000395,1447747.224405,1,gap,80.3,31.528,45.336,3.413,0,0,171155,0.0,264.8827086558967
intermodal_path_tree,intermodal,SBT-56295-0,path,highs,off,rep3,56269,56269,1.0,10,58747,1447869.000453,1447747.227203,1,gap,79.032,31.539,44.065,3.406,0,0,171155,0.0,257.4566913032047
intermodal_path_tree,intermodal,SBT-56295-0,path,highs,on,rep1,56269,56269,1.0,10,58747,1447869.001702,1447845.52181,1,gap,79.734,31.541,44.746,3.425,1,112289,171066,65.64074684624647,261.5715571767622
intermodal_path_tree,intermodal,SBT-56295-0,path,mosek,off,rep1,56269,56269,1.0,10,58749,1447868.000371,1447747.230979,1,gap,50.08,1.617,44.985,3.449,0,0,171079,0.0,262.94869621636786
intermodal_path_tree,intermodal,SBT-56295-0,path,mosek,on,rep1,56269,56269,1.0,10,58765,1447868.477887,1447859.576653,1,gap,49.446,1.615,44.356,3.446,1,112238,171006,65.63395436417436,259.3827117177175
intermodal_path_tree,intermodal,SBT-56295-0,tree,copt-cpu,off,rep1,56269,56269,1.0,10,58750,1447869.0,1447747.2042,1,gap,48.982,0.577,44.992,3.39,0,0,171350,0.0,262.57367960315145
intermodal_path_tree,intermodal,SBT-56295-0,tree,copt-cpu,on,rep1,56269,56269,1.0,10,58750,1447869.0,1447845.522451,1,gap,48.612,0.58,44.635,3.374,1,112303,171083,65.64240748642472,260.896757714092
intermodal_path_tree,intermodal,SBT-56295-0,tree,copt-gpu,off,rep1,56269,56269,1.0,10,58750,1447869.0,1447747.2042,1,gap,49.694,1.155,45.099,3.417,0,0,171350,0.0,263.19813247738546
intermodal_path_tree,intermodal,SBT-56295-0,tree,copt-gpu,on,rep1,56269,56269,1.0,10,58750,1447869.0,1447845.522451,1,gap,48.892,1.154,44.311,3.404,1,112303,171083,65.64240748642472,259.00294009340496
intermodal_path_tree,intermodal,SBT-56295-0,tree,cuopt,off,rep1,56269,56269,1.0,10,58740,1447869.008303,1447747.228889,1,gap,51.228,2.529,45.104,3.573,0,0,171155,0.0,263.5272121760977
intermodal_path_tree,intermodal,SBT-56295-0,tree,cuopt,on,rep1,56269,56269,1.0,10,58740,1447869.008303,1447845.522169,1,gap,50.289,2.635,44.076,3.555,1,112296,171066,65.64483883413419,257.65494019851985
intermodal_path_tree,intermodal,SBT-56295-0,tree,highs,off,rep1,56269,56269,1.0,10,58748,1447869.001889,1447747.235281,1,gap,71.039,22.116,45.363,3.537,0,0,171211,0.0,264.95377049371825
intermodal_path_tree,intermodal,SBT-56295-0,tree,highs,off,rep2,56269,56269,1.0,10,58750,1447869.003252,1447747.229568,1,gap,70.738,21.775,45.41,3.532,0,0,171208,0.0,265.23293304051214
intermodal_path_tree,intermodal,SBT-56295-0,tree,highs,off,rep3,56269,56269,1.0,10,58750,1447869.003301,1447747.228864,1,gap,70.738,22.33,44.85,3.535,0,0,171209,0.0,261.96052777599306
intermodal_path_tree,intermodal,SBT-56295-0,tree,highs,on,rep1,56269,56269,1.0,10,58753,1447869.000111,1447845.522118,1,gap,70.47,22.38,44.527,3.541,1,112325,171108,65.64567407719102,260.22745868106693
intermodal_path_tree,intermodal,SBT-56295-0,tree,mosek,off,rep1,56269,56269,1.0,10,58747,1447868.69188,1447747.209114,1,gap,50.116,1.362,45.186,3.539,0,0,171111,0.0,264.07419745077755
intermodal_path_tree,intermodal,SBT-56295-0,tree,mosek,on,rep1,56269,56269,1.0,10,58747,1447868.69188,1447845.471993,1,gap,48.808,1.366,43.877,3.536,1,112234,171011,65.62969633532346,256.57413850571015
intermodal_path_tree,intermodal,SBT-6255-0,path,copt-cpu,off,rep1,6251,6251,1.0,10,6766,160606.0,160594.2477,1,gap,2.373,0.108,1.701,0.56,0,0,25437,0.0,66.87109328930299
intermodal_path_tree,intermodal,SBT-6255-0,path,copt-cpu,on,rep1,6251,6251,1.0,10,6766,160606.0,160605.489021,1,gap,2.362,0.106,1.69,0.562,1,18659,25425,73.38839724680433,66.4700098328417
intermodal_path_tree,intermodal,SBT-6255-0,path,copt-gpu,off,rep1,6251,6251,1.0,10,6766,160606.0,160594.2477,1,gap,2.837,0.6,1.675,0.558,0,0,25437,0.0,65.8489601761214
intermodal_path_tree,intermodal,SBT-6255-0,path,copt-gpu,on,rep1,6251,6251,1.0,10,6766,160606.0,160605.489021,1,gap,2.816,0.562,1.692,0.557,1,18659,25425,73.38839724680433,66.54867256637168
intermodal_path_tree,intermodal,SBT-6255-0,path,cuopt,off,rep1,6251,6251,1.0,8,6740,160606.00216,160593.924381,1,gap,2.639,0.886,1.29,0.46,0,0,19164,0.0,67.31371321227302
intermodal_path_tree,intermodal,SBT-6255-0,path,cuopt,on,rep1,6251,6251,1.0,8,6740,160606.00216,160605.165554,1,gap,2.708,0.995,1.253,0.457,1,12423,19164,64.8246712586099,65.38300981006053
intermodal_path_tree,intermodal,SBT-6255-0,path,highs,off,rep1,6251,6251,1.0,8,6746,160606.000034,160594.162587,1,gap,3.493,1.701,1.287,0.501,0,0,19163,0.0,67.16067421593696
intermodal_path_tree,intermodal,SBT-6255-0,path,highs,off,rep2,6251,6251,1.0,8,6746,160606.000012,160594.171124,1,gap,3.415,1.706,1.215,0.491,0,0,19163,0.0,63.40343370036007
intermodal_path_tree,intermodal,SBT-6255-0,path,highs,off,rep3,6251,6251,1.0,8,6746,160606.000033,160594.163149,1,gap,3.5,1.717,1.287,0.493,0,0,19163,0.0,67.16067421593696
intermodal_path_tree,intermodal,SBT-6255-0,path,highs,on,rep1,6251,6251,1.0,8,6746,160606.000014,160605.408181,1,gap,3.502,1.73,1.27,0.498,1,12416,19163,64.79152533528153,66.27354798309241
intermodal_path_tree,intermodal,SBT-6255-0,path,mosek,off,rep1,6251,6251,1.0,7,6740,160606.013094,160593.72432,1,gap,1.797,0.094,1.302,0.397,0,0,19245,0.0,67.6539360872954
intermodal_path_tree,intermodal,SBT-6255-0,path,mosek,on,rep1,6251,6251,1.0,7,6740,160606.013094,160604.9747,1,gap,1.773,0.094,1.281,0.394,1,12502,19243,64.96907966533284,66.56966169516188
intermodal_path_tree,intermodal,SBT-6255-0,tree,copt-cpu,off,rep1,6251,6251,1.0,8,6747,160606.000003,160593.921669,1,gap,1.87,0.086,1.315,0.466,0,0,19164,0.0,68.61824253809226
intermodal_path_tree,intermodal,SBT-6255-0,tree,copt-cpu,on,rep1,6251,6251,1.0,8,6747,160606.000003,160605.166572,1,gap,1.806,0.087,1.256,0.46,1,12416,19164,64.78814443748695,65.53955332915884
intermodal_path_tree,intermodal,SBT-6255-0,tree,copt-gpu,off,rep1,6251,6251,1.0,8,6747,160606.000003,160593.921669,1,gap,2.21,0.48,1.271,0.456,0,0,19164,0.0,66.32227092465038
intermodal_path_tree,intermodal,SBT-6255-0,tree,copt-gpu,on,rep1,6251,6251,1.0,8,6747,160606.000003,160605.166572,1,gap,2.217,0.476,1.276,0.461,1,12416,19164,64.78814443748695,66.58317678981423
intermodal_path_tree,intermodal,SBT-6255-0,tree,cuopt,off,rep1,6251,6251,1.0,8,6740,160606.003397,160593.90325,1,gap,2.662,0.904,1.289,0.465,0,0,19164,0.0,67.26153203924024
intermodal_path_tree,intermodal,SBT-6255-0,tree,cuopt,on,rep1,6251,6251,1.0,8,6740,160606.003397,160605.151074,1,gap,2.542,0.831,1.246,0.461,1,12423,19164,64.8246712586099,65.01774159883114
intermodal_path_tree,intermodal,SBT-6255-0,tree,highs,off,rep1,6251,6251,1.0,8,6752,160606.000009,160593.906816,1,gap,3.069,1.241,1.315,0.509,0,0,19163,0.0,68.62182330532798
intermodal_path_tree,intermodal,SBT-6255-0,tree,highs,off,rep2,6251,6251,1.0,8,6752,160606.000013,160593.890872,1,gap,3.047,1.244,1.302,0.497,0,0,19163,0.0,67.94343265668215
intermodal_path_tree,intermodal,SBT-6255-0,tree,highs,off,rep3,6251,6251,1.0,8,6752,160606.000012,160593.906611,1,gap,2.998,1.205,1.289,0.5,0,0,19163,0.0,67.26504200803632
intermodal_path_tree,intermodal,SBT-6255-0,tree,highs,on,rep1,6251,6251,1.0,8,6752,160606.000009,160605.147095,1,gap,3.036,1.245,1.282,0.505,1,12410,19163,64.76021499765173,66.89975473568856
intermodal_path_tree,intermodal,SBT-6255-0,tree,mosek,off,rep1,6251,6251,1.0,11,6743,160606.010496,160593.948672,1,gap,2.037,0.114,1.284,0.633,0,0,19175,0.0,66.96219035202085
intermodal_path_tree,intermodal,SBT-6255-0,tree,mosek,on,rep1,6251,6251,1.0,10,6742,160606.006161,160605.190495,1,gap,1.994,0.106,1.303,0.579,1,12446,19189,64.86007608525718,67.90348637240085
