sweep,family,instance,formulation,solver,per_source,reps_off,reps_on,t_tot_off,t_tot_on,d_t_tot_pct,t_pr_off,t_pr_on,d_t_pr_pct,per_price_us_off,per_price_us_on,d_per_price_pct,iters_off,iters_on,cols_off,cols_on,priced_off,priced_on,traj_moved,traj_stable,pricing_share_pct,cut_rate_pct,pred_wall_pct,obj_off,obj_on,d_obj_rel,lb_delta,exit_off,exit_on,spread_off_pct
gridplanar_path_tree,grid,grid1,path,copt-gpu,2.1739130434782608,3,3,1.513,1.575,4.0978189028420395,0.003,0.003,0.0,9.316770186335404,9.316770186335404,0.0,9,9,88,88,322,322,0,1,0.19828155981493722,86.0248447204969,0.0,827319.000001,827319.000001,0.0,0.5319829999934882,gap,gap,33.333333333333336
gridplanar_path_tree,grid,grid1,tree,copt-gpu,2.1739130434782608,3,3,1.803,1.863,3.327787021630619,0.003,0.003,0.0,7.672634271099744,7.672634271099744,0.0,11,11,61,61,391,391,0,1,0.16638935108153077,84.39897698209718,0.0,827319.0,827319.0,0.0,0.5319829999934882,gap,gap,0.0
gridplanar_path_tree,grid,grid10,path,copt-gpu,3.372681281618887,3,3,5.824,6.271,7.675137362637363,0.051,0.049,-3.9215686274509705,3.934794828555368,3.442945474985947,-12.500000000000002,17,18,6812,6231,12453,14232,1,0,0.8756868131868132,60.29370432827431,-0.10946085164835166,164110897.954965,164110896.961477,6.053759965500055e-09,164.51278799772263,gap,gap,3.9215686274509705
gridplanar_path_tree,grid,grid10,tree,copt-gpu,3.372681281618887,3,3,8.805,8.034,-8.756388415672903,0.081,0.065,-19.753086419753085,3.967860331316338,3.321580050079207,-16.287878787878793,29,27,3580,3873,20755,19569,1,0,0.9199318568994889,44.23482293423272,-0.1498373857828713,164110904.895253,164111061.831262,9.562802002095987e-07,-1123.1217370033264,gap,gap,4.938271604938276
gridplanar_path_tree,grid,grid11,path,copt-gpu,6.4,3,3,5.239,5.344,2.004199274670747,0.055,0.059,7.272727272727267,4.888888888888889,4.8,-1.8181818181818297,15,16,9219,9219,11250,12500,1,0,1.0498186676846726,59.376,-0.01908761213972144,329258288.241195,329258288.241195,0.0,95.36137598752975,gap,gap,20.000000000000007
gridplanar_path_tree,grid,grid11,tree,copt-gpu,6.4,3,3,7.415,6.503,-12.299393122049898,0.091,0.074,-18.681318681318682,4.55,3.9466666666666668,-13.260073260073256,26,24,4256,4473,20000,18750,1,0,1.227242076871207,39.310344827586206,-0.16273319847156656,329258297.788487,329258799.491108,1.5237356942949807e-06,-2661.1550139784813,gap,gap,7.6923076923077
gridplanar_path_tree,grid,grid12,path,copt-gpu,6.674082313681868,3,3,4.612,4.644,0.6938421509106685,0.083,0.083,0.0,6.594628952804704,6.594628952804704,0.0,12,12,14179,14179,12586,12586,0,0,1.7996530789245448,52.7888129667885,0.0,577186506.663575,577186506.663572,5.369913351295451e-15,162.9224659204483,gap,gap,4.819277108433722
gridplanar_path_tree,grid,grid12,tree,copt-gpu,6.674082313681868,3,3,5.994,6.246,4.204204204204215,0.159,0.126,-20.754716981132077,6.7564783916285585,5.026160754748074,-25.60975609756098,21,22,5055,4660,24273,25172,1,0,2.6526526526526526,50.42507548069283,-0.6793378744598257,577186510.382103,577186510.836437,7.871528742309839e-10,234.8244550228119,gap,gap,10.691823899371078
gridplanar_path_tree,grid,grid13,path,copt-gpu,13.333333333333334,3,3,7.689,7.524,-2.145922746781116,0.095,0.095,0.0,7.5396825396825395,7.5396825396825395,0.0,12,12,33255,33255,12600,12600,0,1,1.2355312784497334,41.992063492063494,0.0,1159320977.891658,1159320977.891663,4.318726441264062e-15,176.1123080253601,gap,gap,13.684210526315788
gridplanar_path_tree,grid,grid13,tree,copt-gpu,13.333333333333334,3,3,10.637,10.7,0.5922722572153692,0.217,0.172,-20.737327188940096,7.091503267973856,5.620915032679738,-20.737327188940093,27,27,7048,7048,30600,30600,0,0,2.0400488859640875,36.08169934640523,-0.4230516122967002,1159321656.055747,1159321493.280029,1.4040600132279586e-07,1807.720332145691,gap,gap,9.677419354838706
gridplanar_path_tree,grid,grid14,path,copt-gpu,13.061224489795919,3,3,5.975,6.074,1.65690376569038,0.15,0.159,6.000000000000005,10.204081632653061,10.816326530612244,5.999999999999994,10,10,46854,46854,14700,14700,0,1,2.5104602510460254,46.863945578231295,0.15062761506276137,1802673131.43532,1802673131.435329,5.0258174085313624e-15,263.26210713386536,gap,gap,6.666666666666673
gridplanar_path_tree,grid,grid14,tree,copt-gpu,13.061224489795919,3,3,6.839,8.757,28.045035823950858,0.322,0.281,-12.732919254658379,10.037792894935752,7.50493745885451,-25.233190827827432,19,23,9023,8215,31850,36750,1,0,4.7082906857727735,45.40952380952381,-1.1880519734698687,1802716257.4321,1802673016.340676,2.3986631975895983e-05,77632.5727159977,gap,gap,5.590062111801247
gridplanar_path_tree,grid,grid15,path,copt-gpu,26.122448979591837,3,3,11.789,11.473,-2.680464840105174,0.191,0.189,-1.0471204188481684,11.993720565149136,11.868131868131869,-1.0471204188481595,11,11,81874,81874,15925,15925,0,1,1.6201543812028163,45.81475667189953,-0.01696496734243774,3593521818.095512,3593521818.095518,1.725016118011466e-15,300.4184489250183,gap,gap,20.942408376963353
gridplanar_path_tree,grid,grid15,tree,copt-gpu,26.122448979591837,3,3,13.28,11.791,-11.212349397590353,0.475,0.333,-29.894736842105257,11.377551020408163,8.494897959183673,-25.336322869955158,27,25,9513,9505,41650,39200,1,0,3.576807228915663,37.63520408163265,-0.9062314279539685,3593529302.234959,3593666713.987979,3.823866217936442e-05,-100654.5268740654,gap,gap,9.052631578947365
gridplanar_path_tree,grid,grid2,path,copt-gpu,4.0,3,3,1.376,1.422,3.3430232558139568,0.003,0.003,0.0,10.909090909090908,10.909090909090908,0.0,8,8,233,233,275,275,0,1,0.2180232558139535,68.0,0.0,1705378.0,1705378.0,0.0,0.7426810001488775,gap,gap,33.333333333333336
gridplanar_path_tree,grid,grid2,tree,copt-gpu,4.0,3,3,2.362,2.524,6.858594411515661,0.003,0.004,33.333333333333336,6.0,8.0,33.333333333333336,14,15,150,150,500,525,1,0,0.12701100762066045,66.28571428571429,0.04233700254022016,1705375.0,1705381.362162,3.7306527889959714e-06,0.7426810001488775,gap,gap,200.0
gridplanar_path_tree,grid,grid3,path,copt-gpu,1.25,3,3,1.408,1.232,-12.499999999999996,0.003,0.004,33.333333333333336,5.769230769230769,9.090909090909092,57.57575757575759,8,7,90,88,520,440,1,1,0.21306818181818182,83.18181818181819,0.12267561983471077,1524642.001492,1524748.0,6.952353922843445e-05,-44.56440700008534,gap,gap,200.0
gridplanar_path_tree,grid,grid3,tree,copt-gpu,1.25,3,3,1.53,1.532,0.13071895424836613,0.003,0.003,0.0,5.357142857142857,5.357142857142857,0.0,9,9,82,82,560,560,0,1,0.19607843137254902,85.17857142857143,0.0,1524730.000006,1524730.000006,0.0,1.4357880000025034,gap,gap,66.66666666666667
gridplanar_path_tree,grid,grid4,path,copt-gpu,1.5873015873015872,3,3,1.422,1.451,2.0393811533052135,0.003,0.003,0.0,3.9682539682539684,3.9682539682539684,0.0,8,8,237,237,756,756,0,1,0.2109704641350211,78.83597883597884,0.0,3031695.001622,3031695.001622,0.0,2.4897819999605417,gap,gap,33.333333333333336
gridplanar_path_tree,grid,grid4,tree,copt-gpu,1.5873015873015872,3,3,2.027,2.05,1.1346817957572612,0.003,0.005,66.66666666666667,2.8011204481792715,4.6685340802987865,66.66666666666669,12,12,220,220,1071,1071,0,1,0.14800197335964477,78.99159663865547,0.09866798223976321,3031712.000015,3031712.000015,0.0,2.4346260000020266,gap,gap,33.333333333333336
gridplanar_path_tree,grid,grid5,path,copt-gpu,1.2048192771084338,3,3,1.626,1.641,0.9225092250922586,0.003,0.004,33.333333333333336,3.0120481927710845,4.016064257028113,33.333333333333336,9,9,268,268,996,996,0,0,0.18450184501845018,75.3012048192771,0.06150061500615006,5049726.0,5049726.0,0.0,4.661913000047207,gap,gap,33.333333333333336
gridplanar_path_tree,grid,grid5,tree,copt-gpu,1.2048192771084338,3,3,2.256,2.279,1.0195035460992967,0.005,0.005,0.0,3.170577045022194,3.170577045022194,0.0,13,13,260,260,1577,1577,0,1,0.22163120567375888,82.11794546607483,0.0,5049688.500151,5049688.500151,0.0,5.1659569991752505,gap,gap,40.0
gridplanar_path_tree,grid,grid6,path,copt-gpu,1.4814814814814814,3,3,2.512,2.575,2.507961783439497,0.005,0.005,0.0,2.314814814814815,2.314814814814815,0.0,13,13,787,762,2160,2160,1,0,0.19904458598726116,64.95370370370371,0.0,10401834.441074,10401730.149661,1.0026251964560714e-05,346.69576199911535,gap,gap,0.0
gridplanar_path_tree,grid,grid6,tree,copt-gpu,1.4814814814814814,3,3,3.394,3.42,0.7660577489687626,0.007,0.007,0.0,2.254428341384863,2.1604938271604937,-4.166666666666666,18,18,561,571,3105,3105,1,0,0.20624631703005306,68.34138486312399,-0.008593596542918877,10401080.640617,10401047.716525,3.165449162251402e-06,-52.44473900087178,gap,gap,14.285714285714286
gridplanar_path_tree,grid,grid7,path,copt-gpu,1.6194331983805668,3,3,2.289,2.325,1.5727391874180878,0.012,0.01,-16.666666666666668,3.2388663967611335,2.5569997869166845,-21.052631578947363,11,11,1473,1473,3705,3705,0,0,0.5242463958060288,69.01484480431849,-0.11036766227495341,25864203.139016,25864203.139016,0.0,18.904833998531103,gap,gap,8.333333333333341
gridplanar_path_tree,grid,grid7,tree,copt-gpu,1.6194331983805668,3,3,2.963,2.897,-2.227472156598052,0.016,0.012,-25.0,2.91497975708502,2.42914979757085,-16.66666666666667,15,15,1014,1059,4940,4940,1,0,0.5399932500843739,71.3157894736842,-0.08999887501406235,25864036.582236,25864141.670453,4.063101931799203e-06,-15.148201998323202,gap,gap,24.99999999999999
gridplanar_path_tree,grid,grid8,path,copt-gpu,1.4577259475218658,3,3,4.203,4.392,4.496788008565312,0.03,0.029,-3.333333333333325,4.0087463556851315,3.522837706511176,-12.12121212121213,17,19,1824,1571,7203,8232,1,0,0.7137758743754461,66.65451895043732,-0.08651828780308443,41711146.809954,41711151.022759,1.0099950055729109e-07,212.49953400343657,gap,gap,23.333333333333343
gridplanar_path_tree,grid,grid8,tree,copt-gpu,1.4577259475218658,3,3,5.401,4.842,-10.34993519718571,0.035,0.028,-20.000000000000007,3.540191586838817,3.1397174254317113,-11.312217194570131,23,21,1487,1603,9604,8918,1,0,0.6480281429364934,62.80099341323831,-0.07330635101091551,41710751.404912,41710838.990896,2.0998419124321763e-06,-642.9143500030041,gap,gap,5.714285714285699
gridplanar_path_tree,grid,grid9,path,copt-gpu,2.0202020202020203,3,3,5.652,5.637,-0.26539278131635824,0.044,0.036,-18.181818181818183,3.7296037296037294,3.1620553359683794,-15.217391304347824,19,19,3509,3407,11385,11385,1,0,0.7784854918612879,59.6750109793588,-0.11846518354410902,82652986.450709,82652978.646983,9.441553581645598e-08,59.78759600222111,gap,gap,13.636363636363635
gridplanar_path_tree,grid,grid9,tree,copt-gpu,2.0202020202020203,3,3,7.528,6.563,-12.818809776833156,0.065,0.044,-32.307692307692314,3.6475869809203143,2.932551319648094,-19.602977667493796,27,25,2467,2627,16335,15345,1,0,0.8634431455897982,55.483870967741936,-0.1692605670014741,82652982.354788,82653096.07626,1.3758907271726234e-06,-300.0823689997196,gap,gap,20.000000000000007
gridplanar_path_tree,planar,planar100,path,copt-gpu,10.85,3,3,1.935,1.937,0.10335917312661508,0.004,0.005,25.0,3.6363636363636362,4.545454545454546,25.000000000000014,9,9,4150,4150,1100,1100,0,1,0.20671834625323,47.09090909090909,0.05167958656330753,231340800.035001,231340800.035001,0.0,0.6971690058708191,gap,gap,50.0
gridplanar_path_tree,planar,planar100,tree,copt-gpu,10.85,3,3,4.21,4.131,-1.876484560570065,0.007,0.007,0.0,2.6923076923076925,2.6923076923076925,0.0,22,22,822,822,2600,2600,0,1,0.16627078384798102,26.615384615384617,0.0,231344992.214054,231344992.21406,2.6022042079667458e-14,0.2816869914531708,gap,gap,0.0
gridplanar_path_tree,planar,planar1000,path,copt-gpu,20.026,3,3,25.684,25.756,0.2803301666407069,0.238,0.238,0.0,12.526315789473685,12.526315789473685,0.0,17,17,83894,83894,19000,19000,0,1,0.926646939729014,27.721052631578946,0.0,3449618257.586778,3449618257.586792,4.008639958197683e-15,33.51888990402222,gap,gap,13.445378151260506
gridplanar_path_tree,planar,planar1000,tree,copt-gpu,20.026,3,3,41.165,40.974,-0.46398639621037896,0.636,0.573,-9.9056603773585,11.357142857142858,10.418181818181818,-8.267581475128651,51,50,8537,8578,56000,55000,1,0,1.5450018219361108,14.549090909090909,-0.12773428442079005,3449663661.461962,3449619378.936481,1.2836766081264049e-05,86856.03964710236,gap,gap,7.3899371069182465
gridplanar_path_tree,planar,planar150,path,copt-gpu,14.926666666666666,3,3,4.603,4.603,0.0,0.009,0.009,0.0,3.75,3.75,0.0,14,14,9776,9776,2400,2400,0,0,0.19552465783184877,27.958333333333332,0.0,548091372.107577,548091372.107577,0.0,1.3844130039215088,gap,gap,11.111111111111104
gridplanar_path_tree,planar,planar150,tree,copt-gpu,14.926666666666666,3,3,11.77,11.913,1.2149532710280433,0.02,0.022,9.999999999999993,2.5157232704402515,2.7672955974842766,9.999999999999998,49,49,1501,1498,7950,7950,1,0,0.16992353440951571,11.383647798742139,0.01699235344095157,548088810.354112,548089165.361317,6.477183958200051e-07,19072.85601603985,gap,gap,9.999999999999993
gridplanar_path_tree,planar,planar30,path,copt-gpu,3.1724137931034484,3,3,1.438,1.439,0.06954102920724005,0.002,0.002,0.0,5.747126436781609,5.747126436781609,0.0,8,8,211,211,348,348,0,1,0.13908205841446455,77.58620689655173,0.0,44350624.0,44350624.0,0.0,0.11389700323343277,gap,gap,50.0
gridplanar_path_tree,planar,planar30,tree,copt-gpu,3.1724137931034484,3,3,1.751,1.75,-0.05711022272986236,0.002,0.003,50.0,5.305039787798409,7.957559681697613,50.0,10,10,130,130,377,377,0,1,0.11422044545973731,64.72148541114058,0.05711022272986865,44350800.800132,44350800.800132,0.0,0.11809699982404709,gap,gap,50.0
gridplanar_path_tree,planar,planar300,path,copt-gpu,11.946666666666667,3,3,2.934,2.961,0.9202453987729956,0.016,0.017,6.250000000000005,4.444444444444445,4.722222222222222,6.249999999999997,10,10,14253,14253,3600,3600,0,0,0.5453306066803,42.97222222222222,0.034083162917518735,689979834.00592,689979834.005918,2.9371263078768376e-15,3.9343260526657104,gap,gap,18.749999999999996
gridplanar_path_tree,planar,planar300,tree,copt-gpu,11.946666666666667,3,3,5.126,5.07,-1.09246976199766,0.03,0.029,-3.333333333333325,3.8461538461538463,3.717948717948718,-3.333333333333333,22,22,2447,2447,7800,7800,0,0,0.5852516582130316,23.23076923076923,-0.01950838860710105,689995036.771002,689995036.770997,7.25626981979942e-15,0.007699012756347656,gap,gap,13.333333333333334
gridplanar_path_tree,planar,planar50,path,copt-gpu,5.34,3,3,1.666,1.641,-1.5006002400960332,0.003,0.003,0.0,5.0,5.0,0.0,9,9,772,772,600,600,0,1,0.18007202881152462,63.5,0.0,122199689.000011,122199689.000011,0.0,0.2150920033454895,gap,gap,33.333333333333336
gridplanar_path_tree,planar,planar50,tree,copt-gpu,5.34,3,3,3.007,2.988,-0.6318589956767585,0.004,0.004,0.0,3.8095238095238093,3.8095238095238093,0.0,17,17,256,256,1050,1050,0,1,0.13302294645826404,53.04761904761905,0.0,122199882.037322,122199882.037322,0.0,0.20589199662208557,gap,gap,25.0
gridplanar_path_tree,planar,planar500,path,copt-gpu,7.05,3,3,2.246,2.18,-2.938557435440776,0.031,0.029,-6.451612903225802,6.2,5.8,-6.451612903225812,8,8,11279,11279,5000,5000,0,1,1.3802315227070348,52.4,-0.08904719501335716,481985162.109303,481985162.109264,8.087684175278696e-14,9.596701979637146,gap,gap,61.29032258064516
gridplanar_path_tree,planar,planar500,tree,copt-gpu,7.05,3,3,2.613,2.663,1.9135093761959365,0.042,0.036,-14.285714285714297,5.6,4.8,-14.285714285714285,12,12,3275,3275,7500,7500,0,0,1.6073478760045925,40.24,-0.22962112514351318,481987950.565405,481987762.304851,3.905918266105903e-07,-12170.361427009106,gap,gap,2.3809523809523827
gridplanar_path_tree,planar,planar80,path,copt-gpu,6.7875,3,3,2.149,2.126,-1.0702652396463532,0.003,0.004,33.333333333333336,2.8846153846153846,3.5714285714285716,23.809523809523817,10,10,2360,2613,1040,1120,1,0,0.13959981386691483,55.44642857142857,0.03323805092069402,182438134.00002,182438134.0,1.0961172362210942e-13,0.456481009721756,gap,gap,66.66666666666667
gridplanar_path_tree,planar,planar80,tree,copt-gpu,6.7875,3,3,4.713,4.811,2.079354975599403,0.006,0.006,0.0,2.6785714285714284,2.6785714285714284,0.0,25,25,729,729,2240,2240,0,0,0.1273074474856779,18.303571428571427,0.0,182438134.018297,182438134.018298,5.5540962783582155e-15,0.20628899335861206,gap,gap,16.666666666666668
gridplanar_path_tree,planar,planar800,path,copt-gpu,15.945,3,3,6.362,6.233,-2.027664256523113,0.106,0.095,-10.377358490566035,11.041666666666666,9.895833333333334,-10.377358490566028,10,10,52896,52896,9600,9600,0,1,1.666142722414335,35.40625,-0.17290160326941198,1167385798.522217,1167385798.522221,3.4719591842365778e-15,9.25252890586853,gap,gap,45.28301886792452
gridplanar_path_tree,planar,planar800,tree,copt-gpu,15.945,3,3,7.972,8.049,0.9658805820371182,0.186,0.181,-2.688172043010755,8.942307692307692,8.701923076923077,-2.6881720430107485,23,23,6324,6324,20800,20800,0,1,2.333166081284496,15.716346153846153,-0.06271951831409925,1167373872.737834,1167373872.737825,7.760929225365683e-15,0.3048558235168457,gap,gap,4.3010752688172085
intermodal_tree,intermodal,BUS-13160-0,tree,copt-cpu,1.0,3,3,4.782,4.202,-12.128816394813887,2.324,2.23,-4.044750430292593,41.842209499117786,40.39050189273877,-3.4694812337996286,26,21,15089,15008,55542,55211,1,1,48.598912588874946,72.80976616978501,-1.6861301521017014,348361.500163,348361.5,4.679048021244359e-10,23.22097899997607,gap,gap,1.0757314974182406
intermodal_tree,intermodal,BUS-13160-0,tree,copt-gpu,1.0,2,2,8.948,7.5065,-16.109745194456863,2.3434999999999997,2.1879999999999997,-6.63537443994026,42.19329516402002,39.62906614504094,-6.077337664695383,26,21,15089,15008,55542,55212,1,1,26.190210102816266,72.81025863942621,-1.5916675030413083,348361.500163,348361.5,4.679048021244359e-10,23.21250299998792,gap,gap,0.9814380200554783
intermodal_tree,intermodal,BUS-18424-0,tree,copt-cpu,1.0,3,3,8.47,7.516,-11.263282172373088,4.451,3.678,-17.36688384632666,47.21394248618374,48.359739662086646,2.426819527384738,33,32,21144,20906,94277,76055,1,0,52.55017709563163,72.4791269476037,1.2752979594320504,485025.500001,485032.000322,1.3402019069071891e-05,14.724385000008624,gap,gap,6.0660525724556384
intermodal_tree,intermodal,BUS-18424-0,tree,copt-gpu,1.0,2,2,13.716000000000001,12.6525,-7.753718285214356,4.375,3.6355000000000004,-16.902857142857133,46.40777316941224,47.80093353494182,3.0019978774758918,33,32,21144,20906,94273,76055,1,1,31.897054534849808,72.4791269476037,0.9575489001135189,485025.500001,485032.00009650004,1.3401554145122866e-05,14.874008500017226,gap,gap,1.8742857142857312
intermodal_tree,intermodal,BUS-23688-0,tree,copt-cpu,1.0,3,3,7.006,8.188,16.871253211532977,4.959,5.095,2.7424884049203495,51.10843149986086,52.28912447787847,2.3101725945567666,13,20,27331,27345,97029,97439,1,1,70.78218669711676,71.90549985118895,1.6351906789047967,624891.00213,624894.000001,4.797430255439664e-06,15.725298999925144,gap,gap,3.5491026416616287
intermodal_tree,intermodal,BUS-23688-0,tree,copt-gpu,1.0,2,2,9.213999999999999,11.471,24.495333188626024,4.992,5.0495,1.151842948717951,51.448536004699626,51.82216566261969,0.7262201938767179,13,20,27331,27345,97029,97439,1,1,54.17842413718255,71.90549985118895,0.39345465680839764,624891.00213,624894.000001,4.797430255439664e-06,15.725298999925144,gap,gap,0.8012820512820342
intermodal_tree,intermodal,BUS-2632-0,tree,copt-cpu,1.0,3,3,1.718,1.336,-22.23515715948777,0.564,0.456,-19.148936170212757,34.512299596132664,33.40659340659341,-3.2038032889096644,32,24,3243,3237,16342,13650,1,1,32.82887077997671,76.25641025641026,-1.0517724417607976,71026.5,71026.500108,1.5205591280172324e-09,0.974421999999322,gap,gap,0.17730496453900726
intermodal_tree,intermodal,BUS-2632-0,tree,copt-gpu,1.0,2,2,6.973,5.3629999999999995,-23.08905779434964,0.6890000000000001,0.5645,-18.06966618287374,42.16130216619753,41.35531135531136,-1.9116838652397419,32,24,3243,3237,16342,13650,1,1,9.88096945360677,76.25641025641026,-0.1888928987738681,71026.5,71026.500108,1.5205591280172324e-09,0.9748219999892171,gap,gap,2.6124818577648625
intermodal_tree,intermodal,BUS-7896-0,tree,copt-cpu,1.0,3,3,2.317,2.549,10.01294777729822,1.235,1.224,-0.8906882591093215,30.628441049551114,30.391816059989075,-0.7725662209814183,16,20,9168,9271,40322,40274,1,1,53.301683211048775,76.92059393156876,-0.4117907997030866,210593.501491,210595.000061,7.115936576324747e-06,14.621271000010893,gap,gap,0.4858299595141704
intermodal_tree,intermodal,BUS-7896-0,tree,copt-gpu,1.0,2,2,4.995,5.951,19.13913913913913,1.2545,1.2839999999999998,2.351534475886796,31.112048013491396,31.8816109648905,2.473520711543611,16,20,9168,9271,40322,40274,1,1,25.115115115115113,76.92059393156876,0.6212275741003923,210593.501491,210595.000061,7.115936576324747e-06,14.621271000010893,gap,gap,3.2682343563172522
intermodal_tree,intermodal,SBT-18765-0,tree,copt-cpu,1.0,3,3,9.459,7.161,-24.29432286711069,8.173,6.155,-24.69105591582038,107.88726816711768,107.98624513140813,0.09174109788110293,9,7,19686,19675,75755,56998,1,1,86.40448250343589,65.46194603319415,0.07926842086713758,481107.5,481113.000002,1.1431960632530628e-05,28.322397999989334,gap,gap,0.6240058729964536
intermodal_tree,intermodal,SBT-18765-0,tree,copt-gpu,1.0,2,2,11.189,8.3345,-25.51166324068281,8.3505,6.0725,-27.27980360457458,110.23034783182626,106.53882592371662,-3.3489161385407646,9,7,19686,19675,75755,56998,1,1,74.63133434623292,65.46194603319415,-2.499340800329311,481107.5,481113.000002,1.1431960632530628e-05,28.322397999989334,gap,gap,0.08382731572959311
intermodal_tree,intermodal,SBT-31275-0,tree,copt-cpu,1.0,3,3,20.87,20.399,-2.2568279827503597,19.514,19.042,-2.418776263195643,154.4537841731174,150.7178927039306,-2.418776263195655,6,6,32538,32538,126342,126342,0,1,93.50263536176328,74.24609393550838,-2.261619549592717,801323.0,801323.0,0.0,55.156608999939635,gap,gap,1.4553653787024827
intermodal_tree,intermodal,SBT-31275-0,tree,copt-gpu,1.0,2,2,22.0105,21.5735,-1.9854160514300045,19.560499999999998,19.1145,-2.280105314281322,154.82183280302672,151.29173196561715,-2.2801053142813363,6,6,32538,32538,126342,126342,0,1,88.86894891074714,74.24609393550838,-2.0263056268599113,801323.0,801323.0,0.0,55.156608999939635,gap,gap,1.7842079701439137
intermodal_tree,intermodal,SBT-43785-0,tree,copt-cpu,1.0,3,3,29.399,28.687,-2.4218510833701816,27.43,26.701,-2.6576740794750244,205.7980583107003,200.32861665891392,-2.6576740794750267,6,6,45730,45730,133286,133286,0,1,93.30249328208443,65.68956979727804,-2.479676179461886,1123600.000001,1123600.000001,0.0,76.81716099986807,gap,gap,1.0791104629967168
intermodal_tree,intermodal,SBT-43785-0,tree,copt-gpu,1.0,2,2,30.212,29.932000000000002,-0.9267840593141718,27.174,26.8465,-1.2051961433723433,203.87737646864636,201.42025419023753,-1.2051961433723397,6,6,45730,45730,133286,133286,0,1,89.94439295644115,65.68956979727804,-1.084006355090691,1123600.000001,1123600.000001,0.0,76.81716099986807,gap,gap,0.3753587988518448
intermodal_tree,intermodal,SBT-56295-0,tree,copt-cpu,1.0,3,3,48.842,48.022,-1.678882928627002,44.882,44.055,-1.8426095093801484,261.9317187044062,257.5065903684177,-1.6894205703213594,10,10,58750,58750,171350,171083,0,1,91.89222390565497,65.64240748642472,-1.5524461331878967,1447869.0,1447869.0,0.0,98.31825100001879,gap,gap,1.4549262510583278
intermodal_tree,intermodal,SBT-56295-0,tree,copt-gpu,1.0,2,2,51.046499999999995,49.5685,-2.8953992928016508,45.4025,43.914,-3.278453829634936,264.9693609571053,256.682428996452,-3.127505735274366,10,10,58750,58750,171350,171083,0,1,88.9434143379076,65.64240748642472,-2.7817103845669027,1447869.0,1447869.0,0.0,98.31825100001879,gap,gap,0.3546060238973498
intermodal_tree,intermodal,SBT-6255-0,tree,copt-cpu,1.0,3,3,1.862,1.82,-2.2556390977443628,1.322,1.282,-3.0257186081694427,68.98351074932164,66.89626382801086,-3.025718608169423,8,8,6747,6747,19164,19164,0,1,70.99892588614394,64.78814443748695,-2.1482277121374747,160606.000003,160606.000003,0.0,11.244902999984333,gap,gap,3.328290468986387
intermodal_tree,intermodal,SBT-6255-0,tree,copt-gpu,1.0,2,2,3.2045000000000003,3.1335,-2.215634264315811,1.2730000000000001,1.2755,0.19638648860957944,66.42663327071593,66.55708620329784,0.1963864886095732,8,8,6747,6747,19164,19164,0,1,39.72538617569043,64.78814443748695,0.07801529099703125,160606.000003,160606.000003,0.0,11.244902999984333,gap,gap,3.927729772191676
transportation_tree,transportation,Barcelona,tree,copt-gpu,81.6701030927835,3,3,6.499,6.359,-2.154177565779346,0.044,0.045,2.2727272727272747,12.313860252004583,12.88659793814433,4.651162790697672,33,33,268,288,3492,3492,1,0,0.6770272349592245,46.83755920869323,0.03148963883531275,243.518401,243.518086,1.293536745917239e-06,-0.023918000000008988,priced-out,priced-out,4.545454545454549
transportation_tree,transportation,BerlinCenter,tree,copt-gpu,57.442774566473986,3,3,14.995,14.676,-2.1273757919306373,1.644,1.5,-8.759124087591236,51.316634553628774,48.16955684007707,-6.132665832290365,32,32,5248,5287,31140,31140,1,0,10.963654551517171,29.91329479768786,-0.6723642966512411,27529397.330739,27529426.807252,1.0707285977944267e-06,-37.0045799985528,gap,gap,4.1970802919708
transportation_tree,transportation,ChicagoRegional,tree,copt-gpu,1297.5409373235461,3,3,85.121,82.159,-3.4797523525334397,13.405,12.795,-4.5505408429690375,132.43053797776437,126.13315538216725,-4.755234473678937,51,51,22236,21885,102718,100947,1,0,15.74817025175926,22.70795565990074,-0.7488624207853074,5513156.279144,5513156.276687,4.456612856203756e-10,-0.40403699968010187,priced-out,priced-out,2.946661693397983
transportation_tree,transportation,ChicagoSketch,tree,copt-gpu,242.26165803108807,3,3,2.794,2.76,-1.2168933428776039,0.091,0.076,-16.483516483516485,12.407962912462503,9.974093264248705,-19.615384615384617,14,14,2722,2695,7334,7334,1,0,3.2569792412312095,47.436596673029726,-0.6388690050107373,6705940.401858,6705927.477377,1.927318202267198e-06,29.26403900049627,gap,gap,9.8901098901099
transportation_tree,transportation,Sydney,tree,copt-gpu,1026.576604237028,3,3,70.083,69.479,-0.8618352524863365,27.355,26.926,-1.5682690550173717,279.9611094053833,275.82642513560535,-1.4768780844452691,25,25,12647,12647,97710,97710,0,0,39.0322902843771,29.297922423498107,-0.5764593410670255,4968208.845097,4968208.845097,0.0,0.1830299999564886,priced-out,priced-out,5.545604094315479
transportation_tree,transportation,Winnipeg,tree,copt-gpu,32.18518518518518,3,3,7.426,7.069,-4.807433342310802,0.055,0.053,-3.63636363636364,10.229276895943563,10.699588477366255,4.597701149425281,37,35,388,406,5400,5130,1,0,0.7406409911123081,41.69040835707502,0.034052459361485383,420.167888,420.169872,4.721922014166638e-06,-0.06547499999999218,priced-out,priced-out,10.909090909090919
