sweep,family,instance,formulation,solver,arm,rep,commodities,sources,per_source,iterations,columns,objective,lower_bound,optimal,exit,t_tot,t_lp,t_pr,t_sp,cutoff_enabled,cut,priced,cut_rate_pct,per_price_us
gridplanar_path_tree,grid,grid1,path,copt-gpu,off,rep1,50,23,2.1739130434782608,9,88,827319.000001,827318.077,1,gap,1.505,1.501,0.003,0.0,0,0,322,0.0,9.316770186335404
gridplanar_path_tree,grid,grid1,path,copt-gpu,off,rep2,50,23,2.1739130434782608,9,88,827319.000001,827318.077,1,gap,1.513,1.51,0.002,0.0,0,0,322,0.0,6.211180124223603
gridplanar_path_tree,grid,grid1,path,copt-gpu,off,rep3,50,23,2.1739130434782608,9,88,827319.000001,827318.077,1,gap,1.553,1.549,0.003,0.0,0,0,322,0.0,9.316770186335404
gridplanar_path_tree,grid,grid1,path,copt-gpu,on,rep1,50,23,2.1739130434782608,9,88,827319.000001,827318.608983,1,gap,1.575,1.571,0.003,0.0,1,277,322,86.0248447204969,9.316770186335404
gridplanar_path_tree,grid,grid1,path,copt-gpu,on,rep2,50,23,2.1739130434782608,9,88,827319.000001,827318.608983,1,gap,1.603,1.598,0.004,0.0,1,277,322,86.0248447204969,12.422360248447205
gridplanar_path_tree,grid,grid1,path,copt-gpu,on,rep3,50,23,2.1739130434782608,9,88,827319.000001,827318.608983,1,gap,1.542,1.539,0.002,0.0,1,277,322,86.0248447204969,6.211180124223603
gridplanar_path_tree,grid,grid1,tree,copt-gpu,off,rep1,50,23,2.1739130434782608,11,61,827319.0,827318.077,1,gap,1.791,1.787,0.003,0.0,0,0,391,0.0,7.672634271099744
gridplanar_path_tree,grid,grid1,tree,copt-gpu,off,rep2,50,23,2.1739130434782608,11,61,827319.0,827318.077,1,gap,1.803,1.799,0.003,0.0,0,0,391,0.0,7.672634271099744
gridplanar_path_tree,grid,grid1,tree,copt-gpu,off,rep3,50,23,2.1739130434782608,11,61,827319.0,827318.077,1,gap,1.818,1.814,0.003,0.0,0,0,391,0.0,7.672634271099744
gridplanar_path_tree,grid,grid1,tree,copt-gpu,on,rep1,50,23,2.1739130434782608,11,61,827319.0,827318.608983,1,gap,1.837,1.833,0.003,0.0,1,330,391,84.39897698209718,7.672634271099744
gridplanar_path_tree,grid,grid1,tree,copt-gpu,on,rep2,50,23,2.1739130434782608,11,61,827319.0,827318.608983,1,gap,1.863,1.86,0.003,0.0,1,330,391,84.39897698209718,7.672634271099744
gridplanar_path_tree,grid,grid1,tree,copt-gpu,on,rep3,50,23,2.1739130434782608,11,61,827319.0,827318.608983,1,gap,1.863,1.859,0.003,0.0,1,330,391,84.39897698209718,7.672634271099744
gridplanar_path_tree,grid,grid10,path,copt-gpu,off,rep1,2000,593,3.372681281618887,17,6793,164110914.934168,164110514.87973,1,gap,5.824,5.73,0.051,0.006,0,0,12453,0.0,4.095398699108649
gridplanar_path_tree,grid,grid10,path,copt-gpu,off,rep2,2000,593,3.372681281618887,17,6845,164110897.954965,164110708.91312,1,gap,5.853,5.761,0.051,0.007,0,0,13046,0.0,3.909244212785528
gridplanar_path_tree,grid,grid10,path,copt-gpu,off,rep3,2000,593,3.372681281618887,17,6812,164110897.181113,164110620.193188,1,gap,5.684,5.594,0.049,0.006,0,0,12453,0.0,3.934794828555368
gridplanar_path_tree,grid,grid10,path,copt-gpu,on,rep1,2000,593,3.372681281618887,18,6773,164110896.961477,164110784.708318,1,gap,5.791,5.699,0.049,0.007,1,8581,14232,60.29370432827431,3.442945474985947
gridplanar_path_tree,grid,grid10,path,copt-gpu,on,rep2,2000,593,3.372681281618887,19,6231,164110896.961477,164110784.705976,1,gap,6.611,6.508,0.058,0.007,1,9188,14825,61.97639123102867,3.912310286677909
gridplanar_path_tree,grid,grid10,path,copt-gpu,on,rep3,2000,593,3.372681281618887,18,6209,164110882.355411,164110690.753473,1,gap,6.271,6.185,0.043,0.006,1,7357,13046,56.39276406561398,3.296029434309367
gridplanar_path_tree,grid,grid10,tree,copt-gpu,off,rep1,2000,593,3.372681281618887,29,3580,164110897.445892,164110696.7122,1,gap,8.805,8.651,0.081,0.013,0,0,20755,0.0,3.902674054444712
gridplanar_path_tree,grid,grid10,tree,copt-gpu,off,rep2,2000,593,3.372681281618887,28,3802,164110919.422102,164110609.379522,1,gap,8.539,8.39,0.08,0.013,0,0,20162,0.0,3.967860331316338
gridplanar_path_tree,grid,grid10,tree,copt-gpu,off,rep3,2000,593,3.372681281618887,29,3473,164110904.895253,164110572.793227,1,gap,8.862,8.705,0.084,0.014,0,0,20755,0.0,4.0472175379426645
gridplanar_path_tree,grid,grid10,tree,copt-gpu,on,rep1,2000,593,3.372681281618887,28,3823,164110915.608553,164110703.020014,1,gap,8.034,7.897,0.067,0.013,1,9162,20162,45.44192044440036,3.323083027477433
gridplanar_path_tree,grid,grid10,tree,copt-gpu,on,rep2,2000,593,3.372681281618887,26,3919,164124053.983121,164107675.384384,1,gap,7.541,7.418,0.06,0.011,1,8394,18976,44.23482293423272,3.1618887015177064
gridplanar_path_tree,grid,grid10,tree,copt-gpu,on,rep3,2000,593,3.372681281618887,27,3873,164111061.831262,164109486.257785,1,gap,8.26,8.125,0.065,0.014,1,8634,19569,44.1208033113598,3.321580050079207
gridplanar_path_tree,grid,grid11,path,copt-gpu,off,rep1,4000,625,6.4,15,9211,329258288.866069,329257909.381459,1,gap,5.239,5.122,0.055,0.016,0,0,11250,0.0,4.888888888888889
gridplanar_path_tree,grid,grid11,path,copt-gpu,off,rep2,4000,625,6.4,15,9248,329258288.164987,329257909.372399,1,gap,5.18,5.065,0.052,0.016,0,0,11250,0.0,4.622222222222222
gridplanar_path_tree,grid,grid11,path,copt-gpu,off,rep3,4000,625,6.4,16,9219,329258288.241195,329257909.729995,1,gap,5.487,5.361,0.063,0.017,0,0,12500,0.0,5.04
gridplanar_path_tree,grid,grid11,path,copt-gpu,on,rep1,4000,625,6.4,16,9219,329258288.241195,329258004.742835,1,gap,5.186,5.061,0.06,0.017,1,7422,12500,59.376,4.8
gridplanar_path_tree,grid,grid11,path,copt-gpu,on,rep2,4000,625,6.4,16,9233,329258288.241195,329258004.742835,1,gap,5.351,5.228,0.058,0.017,1,7422,12500,59.376,4.64
gridplanar_path_tree,grid,grid11,path,copt-gpu,on,rep3,4000,625,6.4,15,9219,329258288.927535,329258003.083822,1,gap,5.344,5.222,0.059,0.016,1,6172,11250,54.86222222222222,5.2444444444444445
gridplanar_path_tree,grid,grid11,tree,copt-gpu,off,rep1,4000,625,6.4,26,4334,329258297.788487,329257889.21231,1,gap,7.415,7.231,0.096,0.015,0,0,20000,0.0,4.8
gridplanar_path_tree,grid,grid11,tree,copt-gpu,off,rep2,4000,625,6.4,26,4227,329258363.820872,329257642.564043,1,gap,7.425,7.253,0.089,0.015,0,0,20000,0.0,4.45
gridplanar_path_tree,grid,grid11,tree,copt-gpu,off,rep3,4000,625,6.4,26,4256,329258295.659476,329257772.104469,1,gap,7.338,7.164,0.091,0.015,0,0,20000,0.0,4.55
gridplanar_path_tree,grid,grid11,tree,copt-gpu,on,rep1,4000,625,6.4,23,4547,329270920.745469,329251613.141549,1,gap,5.939,5.806,0.065,0.012,1,7125,18125,39.310344827586206,3.586206896551724
gridplanar_path_tree,grid,grid11,tree,copt-gpu,on,rep2,4000,625,6.4,24,4473,329258799.491108,329255110.949455,1,gap,6.503,6.354,0.074,0.014,1,7349,18750,39.19466666666667,3.9466666666666668
gridplanar_path_tree,grid,grid11,tree,copt-gpu,on,rep3,4000,625,6.4,26,4187,329258290.342788,329257971.872042,1,gap,7.423,7.245,0.083,0.015,1,8239,20000,41.195,4.15
gridplanar_path_tree,grid,grid12,path,copt-gpu,off,rep1,6000,899,6.674082313681868,12,14179,577186506.663568,577185806.237511,1,gap,4.576,4.426,0.083,0.018,0,0,12586,0.0,6.594628952804704
gridplanar_path_tree,grid,grid12,path,copt-gpu,off,rep2,6000,899,6.674082313681868,12,14179,577186506.663575,577185806.23751,1,gap,4.682,4.535,0.083,0.018,0,0,12586,0.0,6.594628952804704
gridplanar_path_tree,grid,grid12,path,copt-gpu,off,rep3,6000,899,6.674082313681868,12,14179,577186506.663575,577185806.237511,1,gap,4.612,4.46,0.087,0.018,0,0,12586,0.0,6.912442396313364
gridplanar_path_tree,grid,grid12,path,copt-gpu,on,rep1,6000,899,6.674082313681868,12,14179,577186506.663569,577185969.159977,1,gap,4.332,4.184,0.083,0.018,1,6644,12586,52.7888129667885,6.594628952804704
gridplanar_path_tree,grid,grid12,path,copt-gpu,on,rep2,6000,899,6.674082313681868,12,14179,577186506.663572,577185969.15998,1,gap,4.644,4.479,0.1,0.018,1,6644,12586,52.7888129667885,7.945336087716511
gridplanar_path_tree,grid,grid12,path,copt-gpu,on,rep3,6000,899,6.674082313681868,12,14131,577186508.151267,577185968.128434,1,gap,4.808,4.664,0.08,0.018,1,6644,12586,52.7888129667885,6.356268870173208
gridplanar_path_tree,grid,grid12,tree,copt-gpu,off,rep1,6000,899,6.674082313681868,22,5045,577186504.112064,577185835.244984,1,gap,6.38,6.124,0.159,0.017,0,0,25172,0.0,6.3165421897346254
gridplanar_path_tree,grid,grid12,tree,copt-gpu,off,rep2,6000,899,6.674082313681868,18,6350,577195347.721564,577162853.913658,1,gap,5.062,4.845,0.147,0.014,0,0,21576,0.0,6.8131256952169075
gridplanar_path_tree,grid,grid12,tree,copt-gpu,off,rep3,6000,899,6.674082313681868,21,5055,577186510.382103,577185735.434955,1,gap,5.994,5.743,0.164,0.016,0,0,24273,0.0,6.7564783916285585
gridplanar_path_tree,grid,grid12,tree,copt-gpu,on,rep1,6000,899,6.674082313681868,23,4341,577186503.106817,577185981.259015,1,gap,6.246,6.021,0.126,0.02,1,13280,26071,50.93782363545702,4.832956158183422
gridplanar_path_tree,grid,grid12,tree,copt-gpu,on,rep2,6000,899,6.674082313681868,21,5431,577186652.978752,577185549.836801,1,gap,5.88,5.67,0.122,0.015,1,11612,24273,47.83916285584806,5.026160754748074
gridplanar_path_tree,grid,grid12,tree,copt-gpu,on,rep3,6000,899,6.674082313681868,22,4660,577186510.836437,577185970.25941,1,gap,6.283,6.023,0.153,0.017,1,12693,25172,50.42507548069283,6.078182107103131
gridplanar_path_tree,grid,grid13,path,copt-gpu,off,rep1,12000,900,13.333333333333334,12,33255,1159320977.891656,1159319416.747724,1,gap,7.435,7.153,0.103,0.044,0,0,12600,0.0,8.174603174603174
gridplanar_path_tree,grid,grid13,path,copt-gpu,off,rep2,12000,900,13.333333333333334,12,33255,1159320977.891659,1159319416.747724,1,gap,7.689,7.42,0.09,0.043,0,0,12600,0.0,7.142857142857143
gridplanar_path_tree,grid,grid13,path,copt-gpu,off,rep3,12000,900,13.333333333333334,12,33255,1159320977.891658,1159319416.747724,1,gap,7.771,7.497,0.095,0.043,0,0,12600,0.0,7.5396825396825395
gridplanar_path_tree,grid,grid13,path,copt-gpu,on,rep1,12000,900,13.333333333333334,12,33255,1159320977.891666,1159319592.860032,1,gap,7.094,6.825,0.095,0.043,1,5291,12600,41.992063492063494,7.5396825396825395
gridplanar_path_tree,grid,grid13,path,copt-gpu,on,rep2,12000,900,13.333333333333334,12,33255,1159320977.891653,1159319592.860032,1,gap,7.524,7.257,0.091,0.043,1,5291,12600,41.992063492063494,7.222222222222222
gridplanar_path_tree,grid,grid13,path,copt-gpu,on,rep3,12000,900,13.333333333333334,12,33255,1159320977.891663,1159319592.860032,1,gap,7.692,7.407,0.1,0.045,1,5291,12600,41.992063492063494,7.936507936507937
gridplanar_path_tree,grid,grid13,tree,copt-gpu,off,rep1,12000,900,13.333333333333334,27,7045,1159321656.055747,1159314081.840402,1,gap,10.637,10.195,0.217,0.033,0,0,30600,0.0,7.091503267973856
gridplanar_path_tree,grid,grid13,tree,copt-gpu,off,rep2,12000,900,13.333333333333334,27,7048,1159321653.364037,1159314082.873316,1,gap,10.998,10.542,0.224,0.032,0,0,30600,0.0,7.3202614379084965
gridplanar_path_tree,grid,grid13,tree,copt-gpu,off,rep3,12000,900,13.333333333333334,25,7056,1159327640.772173,1159280840.980136,1,gap,10.144,9.742,0.203,0.029,0,0,28800,0.0,7.048611111111111
gridplanar_path_tree,grid,grid13,tree,copt-gpu,on,rep1,12000,900,13.333333333333334,27,6987,1159321493.280029,1159315889.560734,1,gap,10.329,9.921,0.172,0.034,1,11051,30600,36.11437908496732,5.620915032679738
gridplanar_path_tree,grid,grid13,tree,copt-gpu,on,rep2,12000,900,13.333333333333334,27,7048,1159321653.364029,1159314096.430797,1,gap,10.7,10.295,0.172,0.032,1,11041,30600,36.08169934640523,5.620915032679738
gridplanar_path_tree,grid,grid13,tree,copt-gpu,on,rep3,12000,900,13.333333333333334,28,7069,1159321038.916224,1159319407.142996,1,gap,11.673,11.246,0.18,0.033,1,11352,31500,36.03809523809524,5.714285714285714
gridplanar_path_tree,grid,grid14,path,copt-gpu,off,rep1,16000,1225,13.061224489795919,10,46854,1802673131.43532,1802670185.34707,1,gap,5.923,5.643,0.15,0.039,0,0,14700,0.0,10.204081632653061
gridplanar_path_tree,grid,grid14,path,copt-gpu,off,rep2,16000,1225,13.061224489795919,10,46854,1802673131.435337,1802670185.34707,1,gap,5.997,5.724,0.144,0.038,0,0,14700,0.0,9.795918367346939
gridplanar_path_tree,grid,grid14,path,copt-gpu,off,rep3,16000,1225,13.061224489795919,10,46854,1802673131.435317,1802670185.34707,1,gap,5.975,5.692,0.154,0.038,0,0,14700,0.0,10.476190476190476
gridplanar_path_tree,grid,grid14,path,copt-gpu,on,rep1,16000,1225,13.061224489795919,10,46854,1802673131.435322,1802670448.609177,1,gap,5.674,5.396,0.148,0.039,1,6889,14700,46.863945578231295,10.068027210884354
gridplanar_path_tree,grid,grid14,path,copt-gpu,on,rep2,16000,1225,13.061224489795919,10,46854,1802673131.435335,1802670448.609177,1,gap,6.074,5.784,0.159,0.04,1,6889,14700,46.863945578231295,10.816326530612244
gridplanar_path_tree,grid,grid14,path,copt-gpu,on,rep3,16000,1225,13.061224489795919,10,46854,1802673131.435329,1802670448.609177,1,gap,6.107,5.812,0.168,0.039,1,6889,14700,46.863945578231295,11.428571428571429
gridplanar_path_tree,grid,grid14,tree,copt-gpu,off,rep1,16000,1225,13.061224489795919,20,8941,1802735360.593493,1802602404.409823,1,gap,7.195,6.691,0.332,0.033,0,0,33075,0.0,10.037792894935752
gridplanar_path_tree,grid,grid14,tree,copt-gpu,off,rep2,16000,1225,13.061224489795919,19,9031,1802716257.4321,1802593298.997186,1,gap,6.731,6.26,0.322,0.031,0,0,31850,0.0,10.10989010989011
gridplanar_path_tree,grid,grid14,tree,copt-gpu,off,rep3,16000,1225,13.061224489795919,19,9023,1802710602.731804,1802586010.948322,1,gap,6.839,6.37,0.314,0.032,0,0,31850,0.0,9.858712715855573
gridplanar_path_tree,grid,grid14,tree,copt-gpu,on,rep1,16000,1225,13.061224489795919,23,8361,1802673016.340676,1802670931.569902,1,gap,8.128,7.637,0.273,0.042,1,16654,36750,45.31700680272109,7.428571428571429
gridplanar_path_tree,grid,grid14,tree,copt-gpu,on,rep2,16000,1225,13.061224489795919,24,8205,1802672991.333449,1802671090.739045,1,gap,8.948,8.426,0.285,0.045,1,17268,37975,45.47202106649111,7.50493745885451
gridplanar_path_tree,grid,grid14,tree,copt-gpu,on,rep3,16000,1225,13.061224489795919,23,8215,1802673043.318963,1802670815.808182,1,gap,8.757,8.257,0.281,0.042,1,16688,36750,45.40952380952381,7.64625850340136
gridplanar_path_tree,grid,grid15,path,copt-gpu,off,rep1,32000,1225,26.122448979591837,11,81874,3593521818.095505,3593517602.921721,1,gap,11.709,11.087,0.23,0.1,0,0,15925,0.0,14.442700156985872
gridplanar_path_tree,grid,grid15,path,copt-gpu,off,rep2,32000,1225,26.122448979591837,11,81874,3593521818.095512,3593517602.92172,1,gap,11.833,11.236,0.19,0.104,0,0,15925,0.0,11.930926216640502
gridplanar_path_tree,grid,grid15,path,copt-gpu,off,rep3,32000,1225,26.122448979591837,11,81874,3593521818.095533,3593517602.921721,1,gap,11.789,11.199,0.191,0.098,0,0,15925,0.0,11.993720565149136
gridplanar_path_tree,grid,grid15,path,copt-gpu,on,rep1,32000,1225,26.122448979591837,11,81874,3593521818.095512,3593517903.340158,1,gap,11.209,10.623,0.186,0.101,1,7296,15925,45.81475667189953,11.679748822605966
gridplanar_path_tree,grid,grid15,path,copt-gpu,on,rep2,32000,1225,26.122448979591837,11,81874,3593521818.095518,3593517903.34017,1,gap,11.473,10.896,0.189,0.098,1,7296,15925,45.81475667189953,11.868131868131869
gridplanar_path_tree,grid,grid15,path,copt-gpu,on,rep3,32000,1225,26.122448979591837,11,81874,3593521818.095522,3593517903.34018,1,gap,11.816,11.225,0.193,0.104,1,7296,15925,45.81475667189953,12.119309262166405
gridplanar_path_tree,grid,grid15,tree,copt-gpu,off,rep1,32000,1225,26.122448979591837,27,9440,3593529302.234959,3593482228.808885,1,gap,13.28,12.365,0.475,0.067,0,0,41650,0.0,11.404561824729893
gridplanar_path_tree,grid,grid15,tree,copt-gpu,off,rep2,32000,1225,26.122448979591837,29,9529,3593521839.471518,3593517397.030282,1,gap,14.694,13.703,0.489,0.077,0,0,44100,0.0,11.08843537414966
gridplanar_path_tree,grid,grid15,tree,copt-gpu,off,rep3,32000,1225,26.122448979591837,25,9513,3593686056.916893,3593355030.588228,1,gap,12.023,11.193,0.446,0.059,0,0,39200,0.0,11.377551020408163
gridplanar_path_tree,grid,grid15,tree,copt-gpu,on,rep1,32000,1225,26.122448979591837,25,9505,3593666713.987979,3593381574.282011,1,gap,11.432,10.737,0.319,0.061,1,14753,39200,37.63520408163265,8.137755102040817
gridplanar_path_tree,grid,grid15,tree,copt-gpu,on,rep2,32000,1225,26.122448979591837,25,9505,3593666713.987998,3593381574.282011,1,gap,11.791,11.083,0.333,0.058,1,14753,39200,37.63520408163265,8.494897959183673
gridplanar_path_tree,grid,grid15,tree,copt-gpu,on,rep3,32000,1225,26.122448979591837,27,9440,3593525446.247543,3593490077.287825,1,gap,13.425,12.622,0.357,0.068,1,14847,41650,35.64705882352941,8.571428571428571
gridplanar_path_tree,grid,grid2,path,copt-gpu,off,rep1,100,25,4.0,8,233,1705378.0,1705376.1053,1,gap,1.353,1.349,0.003,0.0,0,0,275,0.0,10.909090909090908
gridplanar_path_tree,grid,grid2,path,copt-gpu,off,rep2,100,25,4.0,8,233,1705378.0,1705376.1053,1,gap,1.376,1.372,0.003,0.0,0,0,275,0.0,10.909090909090908
gridplanar_path_tree,grid,grid2,path,copt-gpu,off,rep3,100,25,4.0,8,233,1705378.0,1705376.1053,1,gap,1.41,1.407,0.002,0.0,0,0,275,0.0,7.2727272727272725
gridplanar_path_tree,grid,grid2,path,copt-gpu,on,rep1,100,25,4.0,8,233,1705378.0,1705376.847981,1,gap,1.422,1.418,0.003,0.0,1,187,275,68.0,10.909090909090908
gridplanar_path_tree,grid,grid2,path,copt-gpu,on,rep2,100,25,4.0,8,233,1705378.0,1705376.847981,1,gap,1.464,1.46,0.003,0.0,1,187,275,68.0,10.909090909090908
gridplanar_path_tree,grid,grid2,path,copt-gpu,on,rep3,100,25,4.0,8,233,1705378.0,1705376.847981,1,gap,1.421,1.418,0.002,0.0,1,187,275,68.0,7.2727272727272725
gridplanar_path_tree,grid,grid2,tree,copt-gpu,off,rep1,100,25,4.0,14,150,1705375.0,1705373.1053,1,gap,2.26,2.255,0.003,0.0,0,0,500,0.0,6.0
gridplanar_path_tree,grid,grid2,tree,copt-gpu,off,rep2,100,25,4.0,15,150,1705381.362162,1705373.1053,1,gap,2.691,2.68,0.009,0.0,0,0,525,0.0,17.142857142857142
gridplanar_path_tree,grid,grid2,tree,copt-gpu,off,rep3,100,25,4.0,14,150,1705375.0,1705373.1053,1,gap,2.362,2.357,0.003,0.0,0,0,500,0.0,6.0
gridplanar_path_tree,grid,grid2,tree,copt-gpu,on,rep1,100,25,4.0,14,150,1705375.0,1705373.847981,1,gap,2.451,2.445,0.004,0.0,1,324,500,64.8,8.0
gridplanar_path_tree,grid,grid2,tree,copt-gpu,on,rep2,100,25,4.0,15,150,1705381.362162,1705373.847981,1,gap,2.581,2.575,0.004,0.0,1,348,525,66.28571428571429,7.619047619047619
gridplanar_path_tree,grid,grid2,tree,copt-gpu,on,rep3,100,25,4.0,15,150,1705381.362162,1705373.847981,1,gap,2.524,2.517,0.005,0.0,1,348,525,66.28571428571429,9.523809523809524
gridplanar_path_tree,grid,grid3,path,copt-gpu,off,rep1,50,40,1.25,8,90,1524642.001492,1524640.240195,1,gap,1.359,1.355,0.003,0.0,0,0,520,0.0,5.769230769230769
gridplanar_path_tree,grid,grid3,path,copt-gpu,off,rep2,50,40,1.25,8,90,1524642.001492,1524640.240195,1,gap,1.42,1.409,0.009,0.0,0,0,520,0.0,17.307692307692307
gridplanar_path_tree,grid,grid3,path,copt-gpu,off,rep3,50,40,1.25,8,90,1524642.001492,1524640.240195,1,gap,1.408,1.404,0.003,0.0,0,0,520,0.0,5.769230769230769
gridplanar_path_tree,grid,grid3,path,copt-gpu,on,rep1,50,40,1.25,7,88,1524748.0,1524595.675788,1,gap,1.224,1.22,0.002,0.0,1,366,440,83.18181818181819,4.545454545454546
gridplanar_path_tree,grid,grid3,path,copt-gpu,on,rep2,50,40,1.25,7,88,1524748.0,1524595.675788,1,gap,1.286,1.264,0.02,0.0,1,366,440,83.18181818181819,45.45454545454545
gridplanar_path_tree,grid,grid3,path,copt-gpu,on,rep3,50,40,1.25,7,88,1524748.0,1524595.675788,1,gap,1.232,1.228,0.004,0.0,1,366,440,83.18181818181819,9.090909090909092
gridplanar_path_tree,grid,grid3,tree,copt-gpu,off,rep1,50,40,1.25,9,82,1524730.000006,1524598.2404,1,gap,1.49,1.484,0.004,0.0,0,0,560,0.0,7.142857142857143
gridplanar_path_tree,grid,grid3,tree,copt-gpu,off,rep2,50,40,1.25,9,82,1524730.000006,1524598.2404,1,gap,1.53,1.526,0.002,0.0,0,0,560,0.0,3.5714285714285716
gridplanar_path_tree,grid,grid3,tree,copt-gpu,off,rep3,50,40,1.25,9,82,1524730.000006,1524598.2404,1,gap,1.533,1.529,0.003,0.0,0,0,560,0.0,5.357142857142857
gridplanar_path_tree,grid,grid3,tree,copt-gpu,on,rep1,50,40,1.25,9,82,1524730.000006,1524599.676188,1,gap,1.485,1.481,0.003,0.0,1,477,560,85.17857142857143,5.357142857142857
gridplanar_path_tree,grid,grid3,tree,copt-gpu,on,rep2,50,40,1.25,9,82,1524730.000006,1524599.676188,1,gap,1.561,1.555,0.004,0.0,1,477,560,85.17857142857143,7.142857142857143
gridplanar_path_tree,grid,grid3,tree,copt-gpu,on,rep3,50,40,1.25,9,82,1524730.000006,1524599.676188,1,gap,1.532,1.528,0.002,0.0,1,477,560,85.17857142857143,3.5714285714285716
gridplanar_path_tree,grid,grid4,path,copt-gpu,off,rep1,100,63,1.5873015873015872,8,237,3031695.001622,3031691.506784,1,gap,1.373,1.369,0.003,0.0,0,0,756,0.0,3.9682539682539684
gridplanar_path_tree,grid,grid4,path,copt-gpu,off,rep2,100,63,1.5873015873015872,8,237,3031695.001622,3031691.506784,1,gap,1.443,1.439,0.002,0.0,0,0,756,0.0,2.6455026455026456
gridplanar_path_tree,grid,grid4,path,copt-gpu,off,rep3,100,63,1.5873015873015872,8,237,3031695.001622,3031691.506784,1,gap,1.422,1.418,0.003,0.0,0,0,756,0.0,3.9682539682539684
gridplanar_path_tree,grid,grid4,path,copt-gpu,on,rep1,100,63,1.5873015873015872,8,237,3031695.001622,3031693.996566,1,gap,1.423,1.419,0.003,0.0,1,596,756,78.83597883597884,3.9682539682539684
gridplanar_path_tree,grid,grid4,path,copt-gpu,on,rep2,100,63,1.5873015873015872,8,237,3031695.001622,3031693.996566,1,gap,1.451,1.448,0.003,0.0,1,596,756,78.83597883597884,3.9682539682539684
gridplanar_path_tree,grid,grid4,path,copt-gpu,on,rep3,100,63,1.5873015873015872,8,237,3031695.001622,3031693.996566,1,gap,1.466,1.461,0.004,0.0,1,596,756,78.83597883597884,5.291005291005291
gridplanar_path_tree,grid,grid4,tree,copt-gpu,off,rep1,100,63,1.5873015873015872,12,220,3031712.000015,3031657.510091,1,gap,1.943,1.938,0.003,0.0,0,0,1071,0.0,2.8011204481792715
gridplanar_path_tree,grid,grid4,tree,copt-gpu,off,rep2,100,63,1.5873015873015872,12,220,3031712.000015,3031657.510091,1,gap,2.068,2.063,0.004,0.0,0,0,1071,0.0,3.734827264239029
gridplanar_path_tree,grid,grid4,tree,copt-gpu,off,rep3,100,63,1.5873015873015872,12,220,3031712.000015,3031657.510091,1,gap,2.027,2.021,0.003,0.0,0,0,1071,0.0,2.8011204481792715
gridplanar_path_tree,grid,grid4,tree,copt-gpu,on,rep1,100,63,1.5873015873015872,12,220,3031712.000015,3031659.944717,1,gap,1.998,1.993,0.004,0.0,1,846,1071,78.99159663865547,3.734827264239029
gridplanar_path_tree,grid,grid4,tree,copt-gpu,on,rep2,100,63,1.5873015873015872,12,220,3031712.000015,3031659.944717,1,gap,2.05,2.043,0.005,0.0,1,846,1071,78.99159663865547,4.6685340802987865
gridplanar_path_tree,grid,grid4,tree,copt-gpu,on,rep3,100,63,1.5873015873015872,12,220,3031712.000015,3031659.944717,1,gap,2.065,2.057,0.005,0.0,1,846,1071,78.99159663865547,4.6685340802987865
gridplanar_path_tree,grid,grid5,path,copt-gpu,off,rep1,100,83,1.2048192771084338,10,272,5049697.0,5049603.1816,1,gap,1.689,1.682,0.004,0.001,0,0,1079,0.0,3.7071362372567194
gridplanar_path_tree,grid,grid5,path,copt-gpu,off,rep2,100,83,1.2048192771084338,9,268,5049726.000001,5049267.181601,1,gap,1.618,1.613,0.003,0.001,0,0,996,0.0,3.0120481927710845
gridplanar_path_tree,grid,grid5,path,copt-gpu,off,rep3,100,83,1.2048192771084338,9,268,5049726.0,5049267.1816,1,gap,1.626,1.621,0.003,0.001,0,0,996,0.0,3.0120481927710845
gridplanar_path_tree,grid,grid5,path,copt-gpu,on,rep1,100,83,1.2048192771084338,9,268,5049726.0,5049271.843514,1,gap,1.595,1.588,0.006,0.001,1,750,996,75.3012048192771,6.024096385542169
gridplanar_path_tree,grid,grid5,path,copt-gpu,on,rep2,100,83,1.2048192771084338,9,268,5049726.0,5049271.843514,1,gap,1.641,1.636,0.004,0.001,1,750,996,75.3012048192771,4.016064257028113
gridplanar_path_tree,grid,grid5,path,copt-gpu,on,rep3,100,83,1.2048192771084338,10,272,5049697.0,5049608.162788,1,gap,1.807,1.801,0.004,0.001,1,831,1079,77.01575532900834,3.7071362372567194
gridplanar_path_tree,grid,grid5,tree,copt-gpu,off,rep1,100,83,1.2048192771084338,13,260,5049688.500151,5049682.681564,1,gap,2.197,2.189,0.005,0.001,0,0,1577,0.0,3.170577045022194
gridplanar_path_tree,grid,grid5,tree,copt-gpu,off,rep2,100,83,1.2048192771084338,13,260,5049688.500151,5049682.681564,1,gap,2.256,2.248,0.004,0.002,0,0,1577,0.0,2.5364616360177554
gridplanar_path_tree,grid,grid5,tree,copt-gpu,off,rep3,100,83,1.2048192771084338,13,260,5049688.500151,5049682.681564,1,gap,2.272,2.263,0.006,0.001,0,0,1577,0.0,3.804692454026633
gridplanar_path_tree,grid,grid5,tree,copt-gpu,on,rep1,100,83,1.2048192771084338,13,260,5049688.500151,5049687.847521,1,gap,2.229,2.222,0.004,0.001,1,1295,1577,82.11794546607483,2.5364616360177554
gridplanar_path_tree,grid,grid5,tree,copt-gpu,on,rep2,100,83,1.2048192771084338,13,260,5049688.500151,5049687.847521,1,gap,2.285,2.277,0.005,0.001,1,1295,1577,82.11794546607483,3.170577045022194
gridplanar_path_tree,grid,grid5,tree,copt-gpu,on,rep3,100,83,1.2048192771084338,13,260,5049688.500151,5049687.847521,1,gap,2.279,2.272,0.005,0.001,1,1295,1577,82.11794546607483,3.170577045022194
gridplanar_path_tree,grid,grid6,path,copt-gpu,off,rep1,200,135,1.4814814814814814,12,878,10401910.313496,10400886.874097,1,gap,2.26,2.25,0.005,0.002,0,0,2025,0.0,2.4691358024691357
gridplanar_path_tree,grid,grid6,path,copt-gpu,off,rep2,200,135,1.4814814814814814,13,787,10401834.441074,10401313.430026,1,gap,2.548,2.536,0.005,0.003,0,0,2160,0.0,2.314814814814815
gridplanar_path_tree,grid,grid6,path,copt-gpu,off,rep3,200,135,1.4814814814814814,13,781,10401744.0,10401393.711401,1,gap,2.512,2.501,0.005,0.002,0,0,2160,0.0,2.314814814814815
gridplanar_path_tree,grid,grid6,path,copt-gpu,on,rep1,200,135,1.4814814814814814,13,770,10401534.363691,10401333.813533,1,gap,2.468,2.458,0.005,0.002,1,1388,2160,64.25925925925925,2.314814814814815
gridplanar_path_tree,grid,grid6,path,copt-gpu,on,rep2,200,135,1.4814814814814814,13,762,10401730.149661,10401670.728041,1,gap,2.575,2.563,0.006,0.002,1,1405,2160,65.04629629629629,2.7777777777777777
gridplanar_path_tree,grid,grid6,path,copt-gpu,on,rep3,200,135,1.4814814814814814,13,762,10401738.989154,10401660.125788,1,gap,2.582,2.571,0.005,0.002,1,1403,2160,64.95370370370371,2.314814814814815
gridplanar_path_tree,grid,grid6,tree,copt-gpu,off,rep1,200,135,1.4814814814814814,18,561,10401080.640617,10400135.907945,1,gap,3.311,3.294,0.007,0.005,0,0,3105,0.0,2.254428341384863
gridplanar_path_tree,grid,grid6,tree,copt-gpu,off,rep2,200,135,1.4814814814814814,18,577,10401034.697378,10400820.933936,1,gap,3.394,3.38,0.007,0.002,0,0,3105,0.0,2.254428341384863
gridplanar_path_tree,grid,grid6,tree,copt-gpu,off,rep3,200,135,1.4814814814814814,19,529,10401646.004575,10400726.858942,1,gap,3.533,3.518,0.008,0.003,0,0,3240,0.0,2.4691358024691357
gridplanar_path_tree,grid,grid6,tree,copt-gpu,on,rep1,200,135,1.4814814814814814,18,571,10401026.682819,10400674.414203,1,gap,3.42,3.405,0.007,0.003,1,2122,3105,68.34138486312399,2.254428341384863
gridplanar_path_tree,grid,grid6,tree,copt-gpu,on,rep2,200,135,1.4814814814814814,17,616,10401356.49244,10400366.782299,1,gap,3.162,3.149,0.006,0.002,1,2001,2970,67.37373737373737,2.0202020202020203
gridplanar_path_tree,grid,grid6,tree,copt-gpu,on,rep3,200,135,1.4814814814814814,19,487,10401047.716525,10400948.543649,1,gap,3.595,3.581,0.007,0.003,1,2288,3240,70.61728395061728,2.1604938271604937
gridplanar_path_tree,grid,grid7,path,copt-gpu,off,rep1,400,247,1.6194331983805668,11,1473,25863941.333562,25862855.414628,1,gap,2.32,2.301,0.011,0.004,0,0,3705,0.0,2.968960863697706
gridplanar_path_tree,grid,grid7,path,copt-gpu,off,rep2,400,247,1.6194331983805668,11,1473,25864203.139016,25863046.578859,1,gap,2.289,2.271,0.012,0.002,0,0,3705,0.0,3.2388663967611335
gridplanar_path_tree,grid,grid7,path,copt-gpu,off,rep3,400,247,1.6194331983805668,11,1473,25864203.139016,25863046.578859,1,gap,2.263,2.246,0.012,0.002,0,0,3705,0.0,3.2388663967611335
gridplanar_path_tree,grid,grid7,path,copt-gpu,on,rep1,400,247,1.6194331983805668,14,1006,25864036.577655,25864027.926431,1,gap,2.729,2.709,0.012,0.003,1,3522,4693,75.04794374600469,2.5569997869166845
gridplanar_path_tree,grid,grid7,path,copt-gpu,on,rep2,400,247,1.6194331983805668,11,1473,25864203.139016,25863065.483693,1,gap,2.284,2.268,0.009,0.003,1,2557,3705,69.01484480431849,2.42914979757085
gridplanar_path_tree,grid,grid7,path,copt-gpu,on,rep3,400,247,1.6194331983805668,11,1473,25864203.139016,25863065.483693,1,gap,2.325,2.31,0.01,0.003,1,2557,3705,69.01484480431849,2.699055330634278
gridplanar_path_tree,grid,grid7,tree,copt-gpu,off,rep1,400,247,1.6194331983805668,15,1014,25865587.652075,25863327.199376,1,gap,2.94,2.917,0.014,0.004,0,0,4940,0.0,2.834008097165992
gridplanar_path_tree,grid,grid7,tree,copt-gpu,off,rep2,400,247,1.6194331983805668,15,1073,25863784.038039,25863162.590465,1,gap,2.963,2.939,0.016,0.003,0,0,4940,0.0,3.2388663967611335
gridplanar_path_tree,grid,grid7,tree,copt-gpu,off,rep3,400,247,1.6194331983805668,20,632,25864036.582236,25864006.79557,1,gap,3.917,3.888,0.018,0.004,0,0,6175,0.0,2.91497975708502
gridplanar_path_tree,grid,grid7,tree,copt-gpu,on,rep1,400,247,1.6194331983805668,15,1059,25864141.670453,25863312.051174,1,gap,2.773,2.753,0.012,0.003,1,3521,4940,71.2753036437247,2.42914979757085
gridplanar_path_tree,grid,grid7,tree,copt-gpu,on,rep2,400,247,1.6194331983805668,15,1060,25865171.297603,25863464.079487,1,gap,2.897,2.876,0.012,0.003,1,3523,4940,71.3157894736842,2.42914979757085
gridplanar_path_tree,grid,grid7,tree,copt-gpu,on,rep3,400,247,1.6194331983805668,16,923,25864032.803349,25863271.9269,1,gap,3.149,3.128,0.013,0.003,1,3743,5187,72.16117216117216,2.506265664160401
gridplanar_path_tree,grid,grid8,path,copt-gpu,off,rep1,500,343,1.4577259475218658,17,1943,41711165.383676,41710916.033718,1,gap,4.203,4.155,0.03,0.006,0,0,7203,0.0,4.164931278633903
gridplanar_path_tree,grid,grid8,path,copt-gpu,off,rep2,500,343,1.4577259475218658,17,1824,41710980.251058,41710730.969513,1,gap,4.181,4.138,0.026,0.005,0,0,7203,0.0,3.6096071081493823
gridplanar_path_tree,grid,grid8,path,copt-gpu,off,rep3,500,343,1.4577259475218658,19,1663,41711146.809954,41711098.845835,1,gap,4.654,4.602,0.033,0.006,0,0,8232,0.0,4.0087463556851315
gridplanar_path_tree,grid,grid8,path,copt-gpu,on,rep1,500,343,1.4577259475218658,19,1571,41711148.466147,41711137.377662,1,gap,4.392,4.344,0.029,0.006,1,5517,8232,67.01895043731778,3.522837706511176
gridplanar_path_tree,grid,grid8,path,copt-gpu,on,rep2,500,343,1.4577259475218658,20,1552,41711151.022759,41711128.533252,1,gap,4.919,4.868,0.031,0.007,1,5487,8232,66.65451895043732,3.7657920310981536
gridplanar_path_tree,grid,grid8,path,copt-gpu,on,rep3,500,343,1.4577259475218658,16,2097,41711235.785296,41710024.732662,1,gap,3.972,3.934,0.022,0.006,1,4137,6860,60.30612244897959,3.206997084548105
gridplanar_path_tree,grid,grid8,tree,copt-gpu,off,rep1,500,343,1.4577259475218658,23,1500,41710708.808904,41710374.331101,1,gap,5.322,5.265,0.034,0.008,0,0,9604,0.0,3.540191586838817
gridplanar_path_tree,grid,grid8,tree,copt-gpu,off,rep2,500,343,1.4577259475218658,23,1487,41710859.958992,41710467.223426,1,gap,5.401,5.342,0.036,0.007,0,0,9604,0.0,3.7484381507705122
gridplanar_path_tree,grid,grid8,tree,copt-gpu,off,rep3,500,343,1.4577259475218658,24,1391,41710751.404912,41710673.446046,1,gap,5.552,5.492,0.035,0.008,0,0,9947,0.0,3.518648838845883
gridplanar_path_tree,grid,grid8,tree,copt-gpu,on,rep1,500,343,1.4577259475218658,22,1546,41710779.407667,41709824.309076,1,gap,4.842,4.791,0.03,0.006,1,5816,9261,62.80099341323831,3.2393909944930352
gridplanar_path_tree,grid,grid8,tree,copt-gpu,on,rep2,500,343,1.4577259475218658,21,1662,41711018.958659,41708992.21308,1,gap,4.733,4.683,0.027,0.007,1,5475,8918,61.39268894370935,3.0275846602377214
gridplanar_path_tree,grid,grid8,tree,copt-gpu,on,rep3,500,343,1.4577259475218658,21,1603,41710838.990896,41710281.739637,1,gap,4.942,4.892,0.028,0.007,1,5613,8918,62.94012110338641,3.1397174254317113
gridplanar_path_tree,grid,grid9,path,copt-gpu,off,rep1,1000,495,2.0202020202020203,19,3509,82652986.450709,82652826.034389,1,gap,5.652,5.58,0.042,0.006,0,0,11385,0.0,3.689064558629776
gridplanar_path_tree,grid,grid9,path,copt-gpu,off,rep2,1000,495,2.0202020202020203,20,3374,82652952.92022,82652858.27332,1,gap,6.009,5.931,0.048,0.006,0,0,12870,0.0,3.7296037296037294
gridplanar_path_tree,grid,grid9,path,copt-gpu,off,rep3,1000,495,2.0202020202020203,18,3719,82653006.69151,82652645.37933,1,gap,5.294,5.222,0.044,0.006,0,0,10890,0.0,4.040404040404041
gridplanar_path_tree,grid,grid9,path,copt-gpu,on,rep1,1000,495,2.0202020202020203,20,3221,82652972.566652,82652934.473106,1,gap,5.637,5.565,0.041,0.007,1,7759,12375,62.6989898989899,3.313131313131313
gridplanar_path_tree,grid,grid9,path,copt-gpu,on,rep2,1000,495,2.0202020202020203,19,3407,82652978.646983,82652885.821985,1,gap,5.538,5.469,0.036,0.007,1,6794,11385,59.6750109793588,3.1620553359683794
gridplanar_path_tree,grid,grid9,path,copt-gpu,on,rep3,1000,495,2.0202020202020203,19,3456,82652983.838615,82652862.150255,1,gap,5.78,5.713,0.036,0.007,1,6740,11385,59.20070267896355,3.1620553359683794
gridplanar_path_tree,grid,grid9,tree,copt-gpu,off,rep1,1000,495,2.0202020202020203,30,2150,82652982.354788,82652887.102431,1,gap,8.552,8.439,0.065,0.011,0,0,17820,0.0,3.6475869809203143
gridplanar_path_tree,grid,grid9,tree,copt-gpu,off,rep2,1000,495,2.0202020202020203,27,2467,82652990.422773,82652860.983645,1,gap,7.528,7.421,0.065,0.01,0,0,16335,0.0,3.9791857973676157
gridplanar_path_tree,grid,grid9,tree,copt-gpu,off,rep3,1000,495,2.0202020202020203,26,2562,82652967.424454,82652711.011426,1,gap,7.21,7.117,0.052,0.009,0,0,15840,0.0,3.282828282828283
gridplanar_path_tree,grid,grid9,tree,copt-gpu,on,rep1,1000,495,2.0202020202020203,25,2627,82653004.425988,82652743.260751,1,gap,6.563,6.48,0.044,0.009,1,8567,15345,55.82926034538938,2.867383512544803
gridplanar_path_tree,grid,grid9,tree,copt-gpu,on,rep2,1000,495,2.0202020202020203,23,2864,82654704.45647,82648691.325962,1,gap,6.205,6.126,0.044,0.008,1,7775,14355,54.16231278300244,3.0651340996168583
gridplanar_path_tree,grid,grid9,tree,copt-gpu,on,rep3,1000,495,2.0202020202020203,25,2609,82653096.07626,82652560.901276,1,gap,7.032,6.946,0.045,0.01,1,8514,15345,55.483870967741936,2.932551319648094
gridplanar_path_tree,planar,planar100,path,copt-gpu,off,rep1,1085,100,10.85,9,4150,231340800.035002,231336169.239961,1,gap,1.935,1.925,0.004,0.003,0,0,1100,0.0,3.6363636363636362
gridplanar_path_tree,planar,planar100,path,copt-gpu,off,rep2,1085,100,10.85,9,4150,231340800.000047,231336169.376084,1,gap,2.008,1.995,0.005,0.004,0,0,1100,0.0,4.545454545454546
gridplanar_path_tree,planar,planar100,path,copt-gpu,off,rep3,1085,100,10.85,9,4150,231340800.035001,231336169.239961,1,gap,1.931,1.921,0.003,0.002,0,0,1100,0.0,2.727272727272727
gridplanar_path_tree,planar,planar100,path,copt-gpu,on,rep1,1085,100,10.85,9,4150,231340800.035002,231336169.93713,1,gap,1.867,1.856,0.005,0.003,1,518,1100,47.09090909090909,4.545454545454546
gridplanar_path_tree,planar,planar100,path,copt-gpu,on,rep2,1085,100,10.85,9,4150,231340800.000047,231336170.067052,1,gap,1.937,1.926,0.004,0.003,1,518,1100,47.09090909090909,3.6363636363636362
gridplanar_path_tree,planar,planar100,path,copt-gpu,on,rep3,1085,100,10.85,9,4150,231340800.035001,231336169.93713,1,gap,1.996,1.985,0.005,0.002,1,518,1100,47.09090909090909,4.545454545454546
gridplanar_path_tree,planar,planar100,tree,copt-gpu,off,rep1,1085,100,10.85,22,822,231344992.214049,231339110.401256,1,gap,4.21,4.19,0.007,0.003,0,0,2600,0.0,2.6923076923076925
gridplanar_path_tree,planar,planar100,tree,copt-gpu,off,rep2,1085,100,10.85,22,822,231344992.214061,231339110.401256,1,gap,4.258,4.237,0.007,0.004,0,0,2600,0.0,2.6923076923076925
gridplanar_path_tree,planar,planar100,tree,copt-gpu,off,rep3,1085,100,10.85,22,822,231344992.214054,231339110.401256,1,gap,4.177,4.155,0.007,0.004,0,0,2600,0.0,2.6923076923076925
gridplanar_path_tree,planar,planar100,tree,copt-gpu,on,rep1,1085,100,10.85,22,822,231344992.214065,231339110.682943,1,gap,4.043,4.023,0.007,0.003,1,692,2600,26.615384615384617,2.6923076923076925
gridplanar_path_tree,planar,planar100,tree,copt-gpu,on,rep2,1085,100,10.85,22,822,231344992.214053,231339110.682943,1,gap,4.131,4.111,0.007,0.004,1,692,2600,26.615384615384617,2.6923076923076925
gridplanar_path_tree,planar,planar100,tree,copt-gpu,on,rep3,1085,100,10.85,22,822,231344992.21406,231339110.682943,1,gap,4.264,4.243,0.006,0.005,1,692,2600,26.615384615384617,2.3076923076923075
gridplanar_path_tree,planar,planar1000,path,copt-gpu,off,rep1,20026,1000,20.026,17,83894,3449618257.586778,3449546317.030834,1,gap,24.689,23.244,0.224,0.27,0,0,19000,0.0,11.789473684210526
gridplanar_path_tree,planar,planar1000,path,copt-gpu,off,rep2,20026,1000,20.026,17,83894,3449618257.586895,3449546317.03084,1,gap,25.684,24.159,0.238,0.28,0,0,19000,0.0,12.526315789473685
gridplanar_path_tree,planar,planar1000,path,copt-gpu,off,rep3,20026,1000,20.026,17,83894,3449618257.586714,3449546317.030835,1,gap,25.99,24.505,0.256,0.269,0,0,19000,0.0,13.473684210526315
gridplanar_path_tree,planar,planar1000,path,copt-gpu,on,rep1,20026,1000,20.026,17,83894,3449618257.586852,3449546350.549714,1,gap,24.682,23.201,0.238,0.271,1,5267,19000,27.721052631578946,12.526315789473685
gridplanar_path_tree,planar,planar1000,path,copt-gpu,on,rep2,20026,1000,20.026,17,83894,3449618257.586701,3449546350.549737,1,gap,25.756,24.268,0.24,0.275,1,5267,19000,27.721052631578946,12.631578947368421
gridplanar_path_tree,planar,planar1000,path,copt-gpu,on,rep3,20026,1000,20.026,17,83894,3449618257.586792,3449546350.549725,1,gap,25.999,24.528,0.233,0.269,1,5267,19000,27.721052631578946,12.263157894736842
gridplanar_path_tree,planar,planar1000,tree,copt-gpu,off,rep1,20026,1000,20.026,50,8537,3449663661.461962,3449319923.019254,1,gap,41.165,39.44,0.593,0.115,0,0,55000,0.0,10.781818181818181
gridplanar_path_tree,planar,planar1000,tree,copt-gpu,off,rep2,20026,1000,20.026,51,8536,3449661380.680587,3449330254.422525,1,gap,40.798,39.022,0.636,0.12,0,0,56000,0.0,11.357142857142858
gridplanar_path_tree,planar,planar1000,tree,copt-gpu,off,rep3,20026,1000,20.026,51,8606,3449670930.526391,3449390051.063023,1,gap,42.017,40.239,0.64,0.123,0,0,56000,0.0,11.428571428571429
gridplanar_path_tree,planar,planar1000,tree,copt-gpu,on,rep1,20026,1000,20.026,50,8572,3449625635.054077,3449417110.462172,1,gap,38.624,37.0,0.539,0.12,1,8002,55000,14.549090909090909,9.8
gridplanar_path_tree,planar,planar1000,tree,copt-gpu,on,rep2,20026,1000,20.026,53,8709,3449610936.67655,3449610400.985126,1,gap,43.482,41.676,0.606,0.123,1,8002,58000,13.796551724137931,10.448275862068966
gridplanar_path_tree,planar,planar1000,tree,copt-gpu,on,rep3,20026,1000,20.026,50,8578,3449619378.936481,3449415595.39676,1,gap,40.974,39.306,0.573,0.114,1,8002,55000,14.549090909090909,10.418181818181818
gridplanar_path_tree,planar,planar150,path,copt-gpu,off,rep1,2239,150,14.926666666666666,14,9776,548091372.107577,548058236.0215,1,gap,4.603,4.556,0.009,0.009,0,0,2400,0.0,3.75
gridplanar_path_tree,planar,planar150,path,copt-gpu,off,rep2,2239,150,14.926666666666666,14,9764,548089693.033674,548052966.528474,1,gap,4.544,4.498,0.008,0.008,0,0,2400,0.0,3.3333333333333335
gridplanar_path_tree,planar,planar150,path,copt-gpu,off,rep3,2239,150,14.926666666666666,14,9776,548091372.107578,548058236.0215,1,gap,4.639,4.592,0.009,0.009,0,0,2400,0.0,3.75
gridplanar_path_tree,planar,planar150,path,copt-gpu,on,rep1,2239,150,14.926666666666666,14,9776,548091372.107577,548058237.405913,1,gap,4.314,4.268,0.008,0.009,1,671,2400,27.958333333333332,3.3333333333333335
gridplanar_path_tree,planar,planar150,path,copt-gpu,on,rep2,2239,150,14.926666666666666,14,9776,548091372.107577,548058237.405913,1,gap,4.603,4.555,0.009,0.009,1,671,2400,27.958333333333332,3.75
gridplanar_path_tree,planar,planar150,path,copt-gpu,on,rep3,2239,150,14.926666666666666,14,9776,548091372.107576,548058237.405913,1,gap,4.632,4.584,0.01,0.009,1,671,2400,27.958333333333332,4.166666666666667
gridplanar_path_tree,planar,planar150,tree,copt-gpu,off,rep1,2239,150,14.926666666666666,49,1504,548091450.260139,548048148.498408,1,gap,11.358,11.27,0.022,0.013,0,0,7950,0.0,2.7672955974842766
gridplanar_path_tree,planar,planar150,tree,copt-gpu,off,rep2,2239,150,14.926666666666666,49,1501,548088810.354112,548045967.495429,1,gap,11.77,11.685,0.02,0.012,0,0,7950,0.0,2.5157232704402515
gridplanar_path_tree,planar,planar150,tree,copt-gpu,off,rep3,2239,150,14.926666666666666,49,1492,548087962.489113,548064622.514009,1,gap,11.907,11.823,0.02,0.012,0,0,7950,0.0,2.5157232704402515
gridplanar_path_tree,planar,planar150,tree,copt-gpu,on,rep1,2239,150,14.926666666666666,49,1503,548089165.361317,548067221.354424,1,gap,11.417,11.331,0.022,0.011,1,907,7950,11.40880503144654,2.7672955974842766
gridplanar_path_tree,planar,planar150,tree,copt-gpu,on,rep2,2239,150,14.926666666666666,49,1484,548095650.047287,548064098.869704,1,gap,11.913,11.817,0.03,0.013,1,905,7950,11.383647798742139,3.7735849056603774
gridplanar_path_tree,planar,planar150,tree,copt-gpu,on,rep3,2239,150,14.926666666666666,50,1498,548089129.867456,548078181.182225,1,gap,12.242,12.154,0.02,0.013,1,908,8100,11.209876543209877,2.4691358024691357
gridplanar_path_tree,planar,planar30,path,copt-gpu,off,rep1,92,29,3.1724137931034484,8,211,44350624.0,44350623.7389,1,gap,1.446,1.443,0.002,0.0,0,0,348,0.0,5.747126436781609
gridplanar_path_tree,planar,planar30,path,copt-gpu,off,rep2,92,29,3.1724137931034484,8,211,44350624.0,44350623.7389,1,gap,1.438,1.434,0.003,0.0,0,0,348,0.0,8.620689655172415
gridplanar_path_tree,planar,planar30,path,copt-gpu,off,rep3,92,29,3.1724137931034484,8,211,44350624.0,44350623.7389,1,gap,1.429,1.425,0.002,0.0,0,0,348,0.0,5.747126436781609
gridplanar_path_tree,planar,planar30,path,copt-gpu,on,rep1,92,29,3.1724137931034484,8,211,44350624.0,44350623.852797,1,gap,1.383,1.379,0.002,0.0,1,270,348,77.58620689655173,5.747126436781609
gridplanar_path_tree,planar,planar30,path,copt-gpu,on,rep2,92,29,3.1724137931034484,8,211,44350624.0,44350623.852797,1,gap,1.439,1.435,0.002,0.0,1,270,348,77.58620689655173,5.747126436781609
gridplanar_path_tree,planar,planar30,path,copt-gpu,on,rep3,92,29,3.1724137931034484,8,211,44350624.0,44350623.852797,1,gap,1.465,1.462,0.002,0.0,1,270,348,77.58620689655173,5.747126436781609
gridplanar_path_tree,planar,planar30,tree,copt-gpu,off,rep1,92,29,3.1724137931034484,10,130,44350800.800132,44347500.255333,1,gap,1.753,1.749,0.003,0.0,0,0,377,0.0,7.957559681697613
gridplanar_path_tree,planar,planar30,tree,copt-gpu,off,rep2,92,29,3.1724137931034484,10,130,44350800.800132,44347500.255333,1,gap,1.739,1.736,0.002,0.0,0,0,377,0.0,5.305039787798409
gridplanar_path_tree,planar,planar30,tree,copt-gpu,off,rep3,92,29,3.1724137931034484,10,130,44350800.800132,44347500.255333,1,gap,1.751,1.748,0.002,0.0,0,0,377,0.0,5.305039787798409
gridplanar_path_tree,planar,planar30,tree,copt-gpu,on,rep1,92,29,3.1724137931034484,10,130,44350800.800132,44347500.37343,1,gap,1.69,1.685,0.003,0.0,1,244,377,64.72148541114058,7.957559681697613
gridplanar_path_tree,planar,planar30,tree,copt-gpu,on,rep2,92,29,3.1724137931034484,10,130,44350800.800132,44347500.37343,1,gap,1.75,1.745,0.003,0.0,1,244,377,64.72148541114058,7.957559681697613
gridplanar_path_tree,planar,planar30,tree,copt-gpu,on,rep3,92,29,3.1724137931034484,10,130,44350800.800132,44347500.37343,1,gap,1.78,1.776,0.003,0.0,1,244,377,64.72148541114058,7.957559681697613
gridplanar_path_tree,planar,planar300,path,copt-gpu,off,rep1,3584,300,11.946666666666667,10,14253,689979834.00592,689967576.828965,1,gap,2.825,2.787,0.016,0.005,0,0,3600,0.0,4.444444444444445
gridplanar_path_tree,planar,planar300,path,copt-gpu,off,rep2,3584,300,11.946666666666667,10,14253,689979834.00592,689967576.828964,1,gap,2.934,2.894,0.018,0.005,0,0,3600,0.0,5.0
gridplanar_path_tree,planar,planar300,path,copt-gpu,off,rep3,3584,300,11.946666666666667,10,14253,689979834.005918,689967576.828965,1,gap,2.999,2.961,0.015,0.005,0,0,3600,0.0,4.166666666666667
gridplanar_path_tree,planar,planar300,path,copt-gpu,on,rep1,3584,300,11.946666666666667,10,14253,689979834.005918,689967580.763291,1,gap,2.862,2.822,0.017,0.005,1,1547,3600,42.97222222222222,4.722222222222222
gridplanar_path_tree,planar,planar300,path,copt-gpu,on,rep2,3584,300,11.946666666666667,10,14253,689979834.005917,689967580.763291,1,gap,2.961,2.923,0.016,0.005,1,1547,3600,42.97222222222222,4.444444444444445
gridplanar_path_tree,planar,planar300,path,copt-gpu,on,rep3,3584,300,11.946666666666667,10,14260,689979980.667247,689967229.082397,1,gap,2.966,2.927,0.017,0.005,1,1547,3600,42.97222222222222,4.722222222222222
gridplanar_path_tree,planar,planar300,tree,copt-gpu,off,rep1,3584,300,11.946666666666667,22,2447,689995036.771002,689951388.17483,1,gap,4.848,4.78,0.03,0.008,0,0,7800,0.0,3.8461538461538463
gridplanar_path_tree,planar,planar300,tree,copt-gpu,off,rep2,3584,300,11.946666666666667,23,2503,689979198.000012,689979049.291001,1,gap,5.259,5.188,0.032,0.008,0,0,8100,0.0,3.950617283950617
gridplanar_path_tree,planar,planar300,tree,copt-gpu,off,rep3,3584,300,11.946666666666667,22,2447,689995036.771032,689951388.174829,1,gap,5.126,5.061,0.028,0.008,0,0,7800,0.0,3.58974358974359
gridplanar_path_tree,planar,planar300,tree,copt-gpu,on,rep1,3584,300,11.946666666666667,22,2447,689995036.770997,689951388.182529,1,gap,4.871,4.806,0.029,0.007,1,1812,7800,23.23076923076923,3.717948717948718
gridplanar_path_tree,planar,planar300,tree,copt-gpu,on,rep2,3584,300,11.946666666666667,22,2447,689995036.770997,689951388.182529,1,gap,5.07,5.004,0.029,0.008,1,1812,7800,23.23076923076923,3.717948717948718
gridplanar_path_tree,planar,planar300,tree,copt-gpu,on,rep3,3584,300,11.946666666666667,22,2447,689995036.771026,689951388.182528,1,gap,5.072,4.999,0.036,0.008,1,1812,7800,23.23076923076923,4.615384615384615
gridplanar_path_tree,planar,planar50,path,copt-gpu,off,rep1,267,50,5.34,9,772,122199689.00001,122199688.172894,1,gap,1.645,1.639,0.003,0.001,0,0,600,0.0,5.0
gridplanar_path_tree,planar,planar50,path,copt-gpu,off,rep2,267,50,5.34,9,772,122199689.000011,122199688.172894,1,gap,1.689,1.684,0.002,0.002,0,0,600,0.0,3.3333333333333335
gridplanar_path_tree,planar,planar50,path,copt-gpu,off,rep3,267,50,5.34,9,772,122199689.000011,122199688.172894,1,gap,1.666,1.66,0.003,0.002,0,0,600,0.0,5.0
gridplanar_path_tree,planar,planar50,path,copt-gpu,on,rep1,267,50,5.34,9,772,122199689.000011,122199688.387986,1,gap,1.587,1.582,0.002,0.001,1,381,600,63.5,3.3333333333333335
gridplanar_path_tree,planar,planar50,path,copt-gpu,on,rep2,267,50,5.34,9,772,122199689.000011,122199688.387986,1,gap,1.641,1.635,0.003,0.001,1,381,600,63.5,5.0
gridplanar_path_tree,planar,planar50,path,copt-gpu,on,rep3,267,50,5.34,9,772,122199689.000011,122199688.387986,1,gap,1.663,1.657,0.003,0.002,1,381,600,63.5,5.0
gridplanar_path_tree,planar,planar50,tree,copt-gpu,off,rep1,267,50,5.34,17,256,122199882.037322,122199109.120486,1,gap,2.936,2.928,0.003,0.002,0,0,1050,0.0,2.857142857142857
gridplanar_path_tree,planar,planar50,tree,copt-gpu,off,rep2,267,50,5.34,17,256,122199882.037322,122199109.120486,1,gap,3.007,2.997,0.004,0.002,0,0,1050,0.0,3.8095238095238093
gridplanar_path_tree,planar,planar50,tree,copt-gpu,off,rep3,267,50,5.34,17,256,122199882.037322,122199109.120486,1,gap,3.008,2.998,0.004,0.002,0,0,1050,0.0,3.8095238095238093
gridplanar_path_tree,planar,planar50,tree,copt-gpu,on,rep1,267,50,5.34,17,256,122199882.037322,122199109.326378,1,gap,2.853,2.845,0.003,0.002,1,557,1050,53.04761904761905,2.857142857142857
gridplanar_path_tree,planar,planar50,tree,copt-gpu,on,rep2,267,50,5.34,17,256,122199882.037321,122199109.326378,1,gap,2.988,2.979,0.004,0.002,1,557,1050,53.04761904761905,3.8095238095238093
gridplanar_path_tree,planar,planar50,tree,copt-gpu,on,rep3,267,50,5.34,17,256,122199882.037322,122199109.326378,1,gap,3.05,3.04,0.004,0.002,1,557,1050,53.04761904761905,3.8095238095238093
gridplanar_path_tree,planar,planar500,path,copt-gpu,off,rep1,3525,500,7.05,8,11279,481985162.109303,481947756.306229,1,gap,2.099,2.06,0.028,0.004,0,0,5000,0.0,5.6
gridplanar_path_tree,planar,planar500,path,copt-gpu,off,rep2,3525,500,7.05,8,11279,481985162.109319,481947756.306251,1,gap,2.246,2.188,0.047,0.004,0,0,5000,0.0,9.4
gridplanar_path_tree,planar,planar500,path,copt-gpu,off,rep3,3525,500,7.05,8,11279,481985162.109292,481947756.306228,1,gap,2.26,2.211,0.031,0.004,0,0,5000,0.0,6.2
gridplanar_path_tree,planar,planar500,path,copt-gpu,on,rep1,3525,500,7.05,8,11279,481985162.109261,481947765.902915,1,gap,2.114,2.075,0.028,0.004,1,2620,5000,52.4,5.6
gridplanar_path_tree,planar,planar500,path,copt-gpu,on,rep2,3525,500,7.05,8,11279,481985162.109264,481947765.902931,1,gap,2.18,2.14,0.029,0.004,1,2620,5000,52.4,5.8
gridplanar_path_tree,planar,planar500,path,copt-gpu,on,rep3,3525,500,7.05,8,11279,481985162.109281,481947765.902957,1,gap,2.253,2.213,0.03,0.004,1,2620,5000,52.4,6.0
gridplanar_path_tree,planar,planar500,tree,copt-gpu,off,rep1,3525,500,7.05,12,3269,481988459.777583,481969144.659687,1,gap,2.506,2.446,0.042,0.006,0,0,7500,0.0,5.6
gridplanar_path_tree,planar,planar500,tree,copt-gpu,off,rep2,3525,500,7.05,12,3275,481987762.30485,481968592.822797,1,gap,2.613,2.554,0.041,0.005,0,0,7500,0.0,5.466666666666667
gridplanar_path_tree,planar,planar500,tree,copt-gpu,off,rep3,3525,500,7.05,12,3277,481987950.565405,481956129.577043,1,gap,2.694,2.635,0.042,0.005,0,0,7500,0.0,5.6
gridplanar_path_tree,planar,planar500,tree,copt-gpu,on,rep1,3525,500,7.05,12,3275,481987762.304851,481968600.379833,1,gap,2.505,2.451,0.036,0.006,1,3089,7500,41.18666666666667,4.8
gridplanar_path_tree,planar,planar500,tree,copt-gpu,on,rep2,3525,500,7.05,12,3279,481987530.045638,481956422.46137,1,gap,2.663,2.61,0.035,0.005,1,3003,7500,40.04,4.666666666666667
gridplanar_path_tree,planar,planar500,tree,copt-gpu,on,rep3,3525,500,7.05,12,3231,481988302.520226,481953736.801833,1,gap,2.691,2.636,0.037,0.005,1,3018,7500,40.24,4.933333333333334
gridplanar_path_tree,planar,planar80,path,copt-gpu,off,rep1,543,80,6.7875,10,2360,182438134.00002,182438131.958298,1,gap,2.122,2.113,0.003,0.002,0,0,1040,0.0,2.8846153846153846
gridplanar_path_tree,planar,planar80,path,copt-gpu,off,rep2,543,80,6.7875,10,2613,182438134.0,182438131.9772,1,gap,2.15,2.14,0.005,0.002,0,0,1120,0.0,4.464285714285714
gridplanar_path_tree,planar,planar80,path,copt-gpu,off,rep3,543,80,6.7875,10,2360,182438134.00002,182438131.958298,1,gap,2.149,2.139,0.003,0.002,0,0,1040,0.0,2.8846153846153846
gridplanar_path_tree,planar,planar80,path,copt-gpu,on,rep1,543,80,6.7875,10,2613,182438134.0,182438132.414779,1,gap,2.032,2.024,0.003,0.002,1,621,1120,55.44642857142857,2.6785714285714284
gridplanar_path_tree,planar,planar80,path,copt-gpu,on,rep2,543,80,6.7875,10,2613,182438134.0,182438132.414779,1,gap,2.126,2.117,0.004,0.002,1,621,1120,55.44642857142857,3.5714285714285716
gridplanar_path_tree,planar,planar80,path,copt-gpu,on,rep3,543,80,6.7875,10,2613,182438134.0,182438132.414779,1,gap,2.184,2.175,0.004,0.002,1,621,1120,55.44642857142857,3.5714285714285716
gridplanar_path_tree,planar,planar80,tree,copt-gpu,off,rep1,543,80,6.7875,25,729,182438134.018296,182438131.611492,1,gap,4.713,4.693,0.006,0.004,0,0,2240,0.0,2.6785714285714284
gridplanar_path_tree,planar,planar80,tree,copt-gpu,off,rep2,543,80,6.7875,25,729,182438134.018297,182438131.611492,1,gap,4.769,4.746,0.007,0.007,0,0,2240,0.0,3.125
gridplanar_path_tree,planar,planar80,tree,copt-gpu,off,rep3,543,80,6.7875,25,729,182438134.018298,182438131.611492,1,gap,4.697,4.678,0.006,0.004,0,0,2240,0.0,2.6785714285714284
gridplanar_path_tree,planar,planar80,tree,copt-gpu,on,rep1,543,80,6.7875,25,729,182438134.018298,182438131.817781,1,gap,4.501,4.483,0.005,0.004,1,410,2240,18.303571428571427,2.232142857142857
gridplanar_path_tree,planar,planar80,tree,copt-gpu,on,rep2,543,80,6.7875,26,709,182438768.94145,182437207.606106,1,gap,4.94,4.917,0.008,0.005,1,459,2320,19.78448275862069,3.4482758620689653
gridplanar_path_tree,planar,planar80,tree,copt-gpu,on,rep3,543,80,6.7875,25,729,182438134.018298,182438131.817781,1,gap,4.811,4.792,0.006,0.004,1,410,2240,18.303571428571427,2.6785714285714284
gridplanar_path_tree,planar,planar800,path,copt-gpu,off,rep1,12756,800,15.945,10,52896,1167385798.522225,1167292803.934007,1,gap,6.006,5.794,0.094,0.033,0,0,9600,0.0,9.791666666666666
gridplanar_path_tree,planar,planar800,path,copt-gpu,off,rep2,12756,800,15.945,10,52896,1167385798.522217,1167292803.934031,1,gap,6.362,6.099,0.142,0.033,0,0,9600,0.0,14.791666666666666
gridplanar_path_tree,planar,planar800,path,copt-gpu,off,rep3,12756,800,15.945,10,52896,1167385798.522213,1167292803.934021,1,gap,6.411,6.185,0.106,0.032,0,0,9600,0.0,11.041666666666666
gridplanar_path_tree,planar,planar800,path,copt-gpu,on,rep1,12756,800,15.945,10,52896,1167385798.522223,1167292813.186543,1,gap,5.948,5.742,0.092,0.031,1,3399,9600,35.40625,9.583333333333334
gridplanar_path_tree,planar,planar800,path,copt-gpu,on,rep2,12756,800,15.945,10,52896,1167385798.522206,1167292813.186585,1,gap,6.233,6.019,0.095,0.032,1,3399,9600,35.40625,9.895833333333334
gridplanar_path_tree,planar,planar800,path,copt-gpu,on,rep3,12756,800,15.945,10,52896,1167385798.522221,1167292813.18655,1,gap,6.441,6.218,0.101,0.031,1,3399,9600,35.40625,10.520833333333334
gridplanar_path_tree,planar,planar800,tree,copt-gpu,off,rep1,12756,800,15.945,23,6324,1167373872.737834,1167329873.260839,1,gap,7.74,7.384,0.186,0.035,0,0,20800,0.0,8.942307692307692
gridplanar_path_tree,planar,planar800,tree,copt-gpu,off,rep2,12756,800,15.945,23,6324,1167373872.737824,1167329873.260842,1,gap,7.972,7.618,0.184,0.035,0,0,20800,0.0,8.846153846153847
gridplanar_path_tree,planar,planar800,tree,copt-gpu,off,rep3,12756,800,15.945,23,6324,1167373872.737835,1167329873.260848,1,gap,8.074,7.711,0.192,0.036,0,0,20800,0.0,9.23076923076923
gridplanar_path_tree,planar,planar800,tree,copt-gpu,on,rep1,12756,800,15.945,23,6324,1167373872.737828,1167329873.565698,1,gap,7.731,7.384,0.18,0.036,1,3269,20800,15.716346153846153,8.653846153846153
gridplanar_path_tree,planar,planar800,tree,copt-gpu,on,rep2,12756,800,15.945,23,6324,1167373872.737825,1167329873.565696,1,gap,8.049,7.698,0.181,0.039,1,3269,20800,15.716346153846153,8.701923076923077
gridplanar_path_tree,planar,planar800,tree,copt-gpu,on,rep3,12756,800,15.945,23,6324,1167373872.737819,1167329873.565711,1,gap,8.234,7.877,0.186,0.035,1,3269,20800,15.716346153846153,8.942307692307692
intermodal_tree,intermodal,BUS-13160-0,tree,copt-cpu,off,rep1,13135,13135,1.0,26,15089,348361.500163,348336.740538,1,gap,4.788,0.589,2.34,1.837,0,0,55542,0.0,42.13027978826834
intermodal_tree,intermodal,BUS-13160-0,tree,copt-cpu,off,rep2,13135,13135,1.0,26,15089,348361.500163,348336.740538,1,gap,4.782,0.591,2.324,1.835,0,0,55542,0.0,41.842209499117786
intermodal_tree,intermodal,BUS-13160-0,tree,copt-cpu,off,rep3,13135,13135,1.0,26,15089,348361.500163,348336.740538,1,gap,4.731,0.577,2.315,1.819,0,0,55542,0.0,41.6801699614706
intermodal_tree,intermodal,BUS-13160-0,tree,copt-cpu,on,rep1,13135,13135,1.0,21,15008,348361.5,348359.961517,1,gap,4.176,0.474,2.197,1.488,1,40199,55211,72.80976616978501,39.792794914056984
intermodal_tree,intermodal,BUS-13160-0,tree,copt-cpu,on,rep2,13135,13135,1.0,21,15008,348361.5,348359.961517,1,gap,4.203,0.476,2.23,1.48,1,40199,55211,72.80976616978501,40.39050189273877
intermodal_tree,intermodal,BUS-13160-0,tree,copt-cpu,on,rep3,13135,13135,1.0,21,15008,348361.5,348359.953041,1,gap,4.202,0.464,2.245,1.476,1,40200,55212,72.81025863942621,40.6614504093313
intermodal_tree,intermodal,BUS-13160-0,tree,copt-gpu,off,rep1,13135,13135,1.0,26,15089,348361.500163,348336.740538,1,gap,9.005,4.777,2.355,1.852,0,0,55542,0.0,42.40034568434698
intermodal_tree,intermodal,BUS-13160-0,tree,copt-gpu,off,rep2,13135,13135,1.0,26,15089,348361.500163,348336.740538,1,gap,8.891,4.676,2.332,1.863,0,0,55542,0.0,41.98624464369306
intermodal_tree,intermodal,BUS-13160-0,tree,copt-gpu,on,rep1,13135,13135,1.0,21,15008,348361.5,348359.953041,1,gap,7.511,3.81,2.185,1.498,1,40200,55212,72.81025863942621,39.57473013113091
intermodal_tree,intermodal,BUS-13160-0,tree,copt-gpu,on,rep2,13135,13135,1.0,21,15008,348361.5,348359.953041,1,gap,7.502,3.804,2.191,1.49,1,40200,55212,72.81025863942621,39.683402158950955
intermodal_tree,intermodal,BUS-18424-0,tree,copt-cpu,off,rep1,18388,18388,1.0,42,21144,485027.000005,484989.633613,1,gap,9.776,1.268,4.639,3.83,0,0,94518,0.0,49.0805984045367
intermodal_tree,intermodal,BUS-18424-0,tree,copt-cpu,off,rep2,18388,18388,1.0,33,21144,485025.500001,484993.076081,1,gap,8.376,0.975,4.369,3.001,0,0,94277,0.0,46.3421619270872
intermodal_tree,intermodal,BUS-18424-0,tree,copt-cpu,off,rep3,18388,18388,1.0,33,21144,485025.500001,484993.074018,1,gap,8.47,0.976,4.451,3.013,0,0,94273,0.0,47.21394248618374
intermodal_tree,intermodal,BUS-18424-0,tree,copt-cpu,on,rep1,18388,18388,1.0,32,20906,485032.000322,485007.798403,1,gap,7.514,0.903,3.678,2.902,1,55124,76055,72.4791269476037,48.359739662086646
intermodal_tree,intermodal,BUS-18424-0,tree,copt-cpu,on,rep2,18388,18388,1.0,32,20906,485032.000322,485007.798403,1,gap,7.516,0.915,3.646,2.925,1,55124,76055,72.4791269476037,47.93899151929525
intermodal_tree,intermodal,BUS-18424-0,tree,copt-cpu,on,rep3,18388,18388,1.0,32,20906,485032.00009,485007.951796,1,gap,7.525,0.911,3.68,2.903,1,55124,76055,72.4791269476037,48.38603642101111
intermodal_tree,intermodal,BUS-18424-0,tree,copt-gpu,off,rep1,18388,18388,1.0,33,21144,485025.500001,484993.074018,1,gap,13.646,6.3,4.334,2.979,0,0,94273,0.0,45.972866037996035
intermodal_tree,intermodal,BUS-18424-0,tree,copt-gpu,off,rep2,18388,18388,1.0,33,21144,485025.500001,484993.074018,1,gap,13.786,6.343,4.416,2.995,0,0,94273,0.0,46.84268030082845
intermodal_tree,intermodal,BUS-18424-0,tree,copt-gpu,on,rep1,18388,18388,1.0,32,20906,485032.00009,485007.951796,1,gap,12.685,6.104,3.66,2.89,1,55124,76055,72.4791269476037,48.12306883176648
intermodal_tree,intermodal,BUS-18424-0,tree,copt-gpu,on,rep2,18388,18388,1.0,32,20906,485032.000103,485007.944257,1,gap,12.62,6.079,3.611,2.897,1,55124,76055,72.4791269476037,47.47879823811715
intermodal_tree,intermodal,BUS-23688-0,tree,copt-cpu,off,rep1,23643,23643,1.0,13,27331,624891.00213,624830.570363,1,gap,7.109,0.56,5.075,1.457,0,0,97029,0.0,52.30395036535469
intermodal_tree,intermodal,BUS-23688-0,tree,copt-cpu,off,rep2,23643,23643,1.0,13,27331,624891.00213,624830.570363,1,gap,7.006,0.558,4.959,1.471,0,0,97029,0.0,51.10843149986086
intermodal_tree,intermodal,BUS-23688-0,tree,copt-cpu,off,rep3,23643,23643,1.0,13,27331,624891.0,624830.559131,1,gap,6.951,0.561,4.899,1.474,0,0,97042,0.0,50.48329589250015
intermodal_tree,intermodal,BUS-23688-0,tree,copt-cpu,on,rep1,23643,23643,1.0,20,27345,624894.000001,624846.243112,1,gap,8.212,0.846,5.096,2.245,1,70064,97439,71.90549985118895,52.29938730898306
intermodal_tree,intermodal,BUS-23688-0,tree,copt-cpu,on,rep2,23643,23643,1.0,20,27345,624894.000001,624846.295662,1,gap,8.168,0.841,5.044,2.258,1,70064,97439,71.90549985118895,51.76572009154445
intermodal_tree,intermodal,BUS-23688-0,tree,copt-cpu,on,rep3,23643,23643,1.0,20,27345,624894.000001,624846.295662,1,gap,8.188,0.83,5.095,2.232,1,70064,97439,71.90549985118895,52.28912447787847
intermodal_tree,intermodal,BUS-23688-0,tree,copt-gpu,off,rep1,23643,23643,1.0,13,27331,624891.00213,624830.570363,1,gap,9.2,2.764,4.972,1.446,0,0,97029,0.0,51.242412062373106
intermodal_tree,intermodal,BUS-23688-0,tree,copt-gpu,off,rep2,23643,23643,1.0,13,27331,624891.00213,624830.570363,1,gap,9.228,2.753,5.012,1.445,0,0,97029,0.0,51.65465994702615
intermodal_tree,intermodal,BUS-23688-0,tree,copt-gpu,on,rep1,23643,23643,1.0,20,27345,624894.000001,624846.295662,1,gap,11.473,4.169,5.056,2.222,1,70064,97439,71.90549985118895,51.888874064799516
intermodal_tree,intermodal,BUS-23688-0,tree,copt-gpu,on,rep2,23643,23643,1.0,20,27345,624894.000001,624846.295662,1,gap,11.469,4.176,5.043,2.225,1,70064,97439,71.90549985118895,51.75545726043986
intermodal_tree,intermodal,BUS-2632-0,tree,copt-cpu,off,rep1,2628,2628,1.0,32,3243,71026.5,71021.87,1,gap,1.715,0.245,0.564,0.896,0,0,16342,0.0,34.512299596132664
intermodal_tree,intermodal,BUS-2632-0,tree,copt-cpu,off,rep2,2628,2628,1.0,32,3243,71026.5,71021.87,1,gap,1.726,0.246,0.564,0.907,0,0,16342,0.0,34.512299596132664
intermodal_tree,intermodal,BUS-2632-0,tree,copt-cpu,off,rep3,2628,2628,1.0,32,3243,71026.5,71021.8686,1,gap,1.718,0.246,0.565,0.897,0,0,16342,0.0,34.57349161669318
intermodal_tree,intermodal,BUS-2632-0,tree,copt-cpu,on,rep1,2628,2628,1.0,24,3237,71026.500108,71022.844422,1,gap,1.338,0.185,0.46,0.684,1,10409,13650,76.25641025641026,33.6996336996337
intermodal_tree,intermodal,BUS-2632-0,tree,copt-cpu,on,rep2,2628,2628,1.0,24,3237,71026.500108,71022.844422,1,gap,1.336,0.186,0.456,0.685,1,10409,13650,76.25641025641026,33.40659340659341
intermodal_tree,intermodal,BUS-2632-0,tree,copt-cpu,on,rep3,2628,2628,1.0,24,3237,71026.500108,71022.844422,1,gap,1.312,0.185,0.44,0.679,1,10409,13650,76.25641025641026,32.234432234432234
intermodal_tree,intermodal,BUS-2632-0,tree,copt-gpu,off,rep1,2628,2628,1.0,32,3243,71026.5,71021.8676,1,gap,6.967,5.147,0.698,1.11,0,0,16342,0.0,42.7120303512422
intermodal_tree,intermodal,BUS-2632-0,tree,copt-gpu,off,rep2,2628,2628,1.0,32,3243,71026.5,71021.8716,1,gap,6.979,5.175,0.68,1.112,0,0,16342,0.0,41.61057398115286
intermodal_tree,intermodal,BUS-2632-0,tree,copt-gpu,on,rep1,2628,2628,1.0,24,3237,71026.500108,71022.844422,1,gap,5.353,3.964,0.559,0.818,1,10409,13650,76.25641025641026,40.95238095238095
intermodal_tree,intermodal,BUS-2632-0,tree,copt-gpu,on,rep2,2628,2628,1.0,24,3237,71026.500108,71022.844422,1,gap,5.373,3.962,0.57,0.831,1,10409,13650,76.25641025641026,41.75824175824176
intermodal_tree,intermodal,BUS-7896-0,tree,copt-cpu,off,rep1,7883,7883,1.0,16,9168,210593.501491,210575.695613,1,gap,2.316,0.275,1.24,0.792,0,0,40322,0.0,30.752442835176826
intermodal_tree,intermodal,BUS-7896-0,tree,copt-cpu,off,rep2,7883,7883,1.0,16,9168,210593.500067,210575.719984,1,gap,2.317,0.279,1.234,0.795,0,0,40322,0.0,30.60364069242597
intermodal_tree,intermodal,BUS-7896-0,tree,copt-cpu,off,rep3,7883,7883,1.0,16,9168,210594.500003,210575.630915,1,gap,2.317,0.274,1.235,0.798,0,0,40322,0.0,30.628441049551114
intermodal_tree,intermodal,BUS-7896-0,tree,copt-cpu,on,rep1,7883,7883,1.0,20,9271,210595.000061,210590.316884,1,gap,2.549,0.329,1.224,0.985,1,30979,40274,76.92059393156876,30.391816059989075
intermodal_tree,intermodal,BUS-7896-0,tree,copt-cpu,on,rep2,7883,7883,1.0,20,9271,210595.000061,210590.316884,1,gap,2.546,0.325,1.221,0.989,1,30979,40274,76.92059393156876,30.317326314744005
intermodal_tree,intermodal,BUS-7896-0,tree,copt-cpu,on,rep3,7883,7883,1.0,20,9271,210595.000061,210590.316884,1,gap,2.565,0.327,1.229,0.998,1,30979,40274,76.92059393156876,30.515965635397528
intermodal_tree,intermodal,BUS-7896-0,tree,copt-gpu,off,rep1,7883,7883,1.0,16,9168,210593.501491,210575.695613,1,gap,4.961,2.818,1.234,0.898,0,0,40322,0.0,30.60364069242597
intermodal_tree,intermodal,BUS-7896-0,tree,copt-gpu,off,rep2,7883,7883,1.0,16,9168,210593.501491,210575.695613,1,gap,5.029,2.833,1.275,0.911,0,0,40322,0.0,31.62045533455682
intermodal_tree,intermodal,BUS-7896-0,tree,copt-gpu,on,rep1,7883,7883,1.0,20,9271,210595.000061,210590.316884,1,gap,5.943,3.49,1.281,1.159,1,30979,40274,76.92059393156876,31.807121219645428
intermodal_tree,intermodal,BUS-7896-0,tree,copt-gpu,on,rep2,7883,7883,1.0,20,9271,210595.000061,210590.316884,1,gap,5.959,3.496,1.287,1.162,1,30979,40274,76.92059393156876,31.956100710135573
intermodal_tree,intermodal,SBT-18765-0,tree,copt-cpu,off,rep1,18745,18745,1.0,9,19686,481107.5,481069.92179,1,gap,9.471,0.189,8.173,1.102,0,0,75755,0.0,107.88726816711768
intermodal_tree,intermodal,SBT-18765-0,tree,copt-cpu,off,rep2,18745,18745,1.0,9,19686,481107.5,481069.92179,1,gap,9.459,0.182,8.175,1.094,0,0,75755,0.0,107.91366906474822
intermodal_tree,intermodal,SBT-18765-0,tree,copt-cpu,off,rep3,18745,18745,1.0,9,19686,481107.5,481069.92179,1,gap,9.402,0.183,8.124,1.088,0,0,75755,0.0,107.24044617516996
intermodal_tree,intermodal,SBT-18765-0,tree,copt-cpu,on,rep1,18745,18745,1.0,7,19675,481113.000002,481098.244188,1,gap,7.049,0.154,6.032,0.857,1,37312,56998,65.46194603319415,105.82827467630443
intermodal_tree,intermodal,SBT-18765-0,tree,copt-cpu,on,rep2,18745,18745,1.0,7,19675,481113.000002,481098.244188,1,gap,7.161,0.152,6.155,0.849,1,37312,56998,65.46194603319415,107.98624513140813
intermodal_tree,intermodal,SBT-18765-0,tree,copt-cpu,on,rep3,18745,18745,1.0,7,19675,481113.000002,481098.244188,1,gap,7.176,0.154,6.178,0.839,1,37312,56998,65.46194603319415,108.38976806203726
intermodal_tree,intermodal,SBT-18765-0,tree,copt-gpu,off,rep1,18745,18745,1.0,9,19686,481107.5,481069.92179,1,gap,11.198,1.759,8.347,1.083,0,0,75755,0.0,110.18414626097287
intermodal_tree,intermodal,SBT-18765-0,tree,copt-gpu,off,rep2,18745,18745,1.0,9,19686,481107.5,481069.92179,1,gap,11.18,1.733,8.354,1.085,0,0,75755,0.0,110.27654940267968
intermodal_tree,intermodal,SBT-18765-0,tree,copt-gpu,on,rep1,18745,18745,1.0,7,19675,481113.000002,481098.244188,1,gap,8.256,1.417,5.985,0.848,1,37312,56998,65.46194603319415,105.0036843398014
intermodal_tree,intermodal,SBT-18765-0,tree,copt-gpu,on,rep2,18745,18745,1.0,7,19675,481113.000002,481098.244188,1,gap,8.413,1.408,6.16,0.839,1,37312,56998,65.46194603319415,108.07396750763185
intermodal_tree,intermodal,SBT-31275-0,tree,copt-cpu,off,rep1,31252,31252,1.0,6,32538,801323.0,801264.5071,1,gap,20.905,0.22,19.527,1.151,0,0,126342,0.0,154.55667948900603
intermodal_tree,intermodal,SBT-31275-0,tree,copt-cpu,off,rep2,31252,31252,1.0,6,32538,801323.0,801264.5071,1,gap,20.611,0.222,19.243,1.139,0,0,126342,0.0,152.30881258805465
intermodal_tree,intermodal,SBT-31275-0,tree,copt-cpu,off,rep3,31252,31252,1.0,6,32538,801323.0,801264.5071,1,gap,20.87,0.214,19.514,1.135,0,0,126342,0.0,154.4537841731174
intermodal_tree,intermodal,SBT-31275-0,tree,copt-cpu,on,rep1,31252,31252,1.0,6,32538,801323.0,801319.663709,1,gap,20.392,0.222,19.037,1.127,1,93804,126342,74.24609393550838,150.67831758243497
intermodal_tree,intermodal,SBT-31275-0,tree,copt-cpu,on,rep2,31252,31252,1.0,6,32538,801323.0,801319.663709,1,gap,20.444,0.219,19.094,1.124,1,93804,126342,74.24609393550838,151.12947396748507
intermodal_tree,intermodal,SBT-31275-0,tree,copt-cpu,on,rep3,31252,31252,1.0,6,32538,801323.0,801319.663709,1,gap,20.399,0.221,19.042,1.13,1,93804,126342,74.24609393550838,150.7178927039306
intermodal_tree,intermodal,SBT-31275-0,tree,copt-gpu,off,rep1,31252,31252,1.0,6,32538,801323.0,801264.5071,1,gap,21.826,1.307,19.386,1.126,0,0,126342,0.0,153.44066106282946
intermodal_tree,intermodal,SBT-31275-0,tree,copt-gpu,off,rep2,31252,31252,1.0,6,32538,801323.0,801264.5071,1,gap,22.195,1.326,19.735,1.126,0,0,126342,0.0,156.20300454322395
intermodal_tree,intermodal,SBT-31275-0,tree,copt-gpu,on,rep1,31252,31252,1.0,6,32538,801323.0,801319.663709,1,gap,21.668,1.321,19.21,1.13,1,93804,126342,74.24609393550838,152.04761678618354
intermodal_tree,intermodal,SBT-31275-0,tree,copt-gpu,on,rep2,31252,31252,1.0,6,32538,801323.0,801319.663709,1,gap,21.479,1.322,19.019,1.13,1,93804,126342,74.24609393550838,150.53584714505072
intermodal_tree,intermodal,SBT-43785-0,tree,copt-cpu,off,rep1,43757,43757,1.0,6,45730,1123600.000001,1123517.013469,1,gap,29.43,0.319,27.47,1.632,0,0,133286,0.0,206.09816484852124
intermodal_tree,intermodal,SBT-43785-0,tree,copt-cpu,off,rep2,43757,43757,1.0,6,45730,1123600.000001,1123517.013469,1,gap,29.399,0.315,27.43,1.645,0,0,133286,0.0,205.7980583107003
intermodal_tree,intermodal,SBT-43785-0,tree,copt-cpu,off,rep3,43757,43757,1.0,6,45730,1123600.000001,1123517.013469,1,gap,29.115,0.315,27.174,1.617,0,0,133286,0.0,203.87737646864636
intermodal_tree,intermodal,SBT-43785-0,tree,copt-cpu,on,rep1,43757,43757,1.0,6,45730,1123600.000001,1123593.83063,1,gap,28.687,0.316,26.701,1.66,1,87555,133286,65.68956979727804,200.32861665891392
intermodal_tree,intermodal,SBT-43785-0,tree,copt-cpu,on,rep2,43757,43757,1.0,6,45730,1123600.000001,1123593.83063,1,gap,28.508,0.318,26.521,1.659,1,87555,133286,65.68956979727804,198.97813723871974
intermodal_tree,intermodal,SBT-43785-0,tree,copt-cpu,on,rep3,43757,43757,1.0,6,45730,1123600.000001,1123593.83063,1,gap,29.017,0.317,27.038,1.652,1,87555,133286,65.68956979727804,202.8570142400552
intermodal_tree,intermodal,SBT-43785-0,tree,copt-gpu,off,rep1,43757,43757,1.0,6,45730,1123600.000001,1123517.013469,1,gap,30.156,1.38,27.123,1.643,0,0,133286,0.0,203.49474063292467
intermodal_tree,intermodal,SBT-43785-0,tree,copt-gpu,off,rep2,43757,43757,1.0,6,45730,1123600.000001,1123517.013469,1,gap,30.268,1.389,27.225,1.645,0,0,133286,0.0,204.26001230436805
intermodal_tree,intermodal,SBT-43785-0,tree,copt-gpu,on,rep1,43757,43757,1.0,6,45730,1123600.000001,1123593.83063,1,gap,29.818,1.412,26.742,1.653,1,87555,133286,65.68956979727804,200.63622586018036
intermodal_tree,intermodal,SBT-43785-0,tree,copt-gpu,on,rep2,43757,43757,1.0,6,45730,1123600.000001,1123593.83063,1,gap,30.046,1.44,26.951,1.644,1,87555,133286,65.68956979727804,202.2042825202947
intermodal_tree,intermodal,SBT-56295-0,tree,copt-cpu,off,rep1,56269,56269,1.0,10,58750,1447869.0,1447747.2042,1,gap,48.842,0.571,44.882,3.365,0,0,171350,0.0,261.9317187044062
intermodal_tree,intermodal,SBT-56295-0,tree,copt-cpu,off,rep2,56269,56269,1.0,10,58750,1447869.0,1447747.2042,1,gap,48.804,0.574,44.838,3.368,0,0,171350,0.0,261.6749343449081
intermodal_tree,intermodal,SBT-56295-0,tree,copt-cpu,off,rep3,56269,56269,1.0,10,58750,1447869.0,1447747.2042,1,gap,49.528,0.564,45.491,3.436,0,0,171350,0.0,265.48584768018674
intermodal_tree,intermodal,SBT-56295-0,tree,copt-cpu,on,rep1,56269,56269,1.0,10,58750,1447869.0,1447845.522451,1,gap,49.088,0.577,45.088,3.399,1,112303,171083,65.64240748642472,263.5445953133859
intermodal_tree,intermodal,SBT-56295-0,tree,copt-cpu,on,rep2,56269,56269,1.0,10,58750,1447869.0,1447845.522451,1,gap,48.022,0.566,44.055,3.377,1,112303,171083,65.64240748642472,257.5065903684177
intermodal_tree,intermodal,SBT-56295-0,tree,copt-cpu,on,rep3,56269,56269,1.0,10,58750,1447869.0,1447845.522451,1,gap,47.803,0.574,43.829,3.377,1,112303,171083,65.64240748642472,256.1855941268273
intermodal_tree,intermodal,SBT-56295-0,tree,copt-gpu,off,rep1,56269,56269,1.0,10,58750,1447869.0,1447747.2042,1,gap,50.961,2.251,45.322,3.364,0,0,171350,0.0,264.4995622993872
intermodal_tree,intermodal,SBT-56295-0,tree,copt-gpu,off,rep2,56269,56269,1.0,10,58750,1447869.0,1447747.2042,1,gap,51.132,2.263,45.483,3.362,0,0,171350,0.0,265.43915961482344
intermodal_tree,intermodal,SBT-56295-0,tree,copt-gpu,on,rep1,56269,56269,1.0,10,58750,1447869.0,1447845.522451,1,gap,49.8,2.252,44.152,3.373,1,112303,171083,65.64240748642472,258.07356663140115
intermodal_tree,intermodal,SBT-56295-0,tree,copt-gpu,on,rep2,56269,56269,1.0,10,58750,1447869.0,1447845.522451,1,gap,49.337,2.252,43.676,3.385,1,112303,171083,65.64240748642472,255.29129136150289
intermodal_tree,intermodal,SBT-6255-0,tree,copt-cpu,off,rep1,6251,6251,1.0,8,6747,160606.000003,160593.921669,1,gap,1.817,0.075,1.279,0.458,0,0,19164,0.0,66.73972030891254
intermodal_tree,intermodal,SBT-6255-0,tree,copt-cpu,off,rep2,6251,6251,1.0,8,6747,160606.000003,160593.921669,1,gap,1.862,0.077,1.323,0.459,0,0,19164,0.0,69.03569192235442
intermodal_tree,intermodal,SBT-6255-0,tree,copt-cpu,off,rep3,6251,6251,1.0,8,6747,160606.000003,160593.921669,1,gap,1.868,0.079,1.322,0.464,0,0,19164,0.0,68.98351074932164
intermodal_tree,intermodal,SBT-6255-0,tree,copt-cpu,on,rep1,6251,6251,1.0,8,6747,160606.000003,160605.166572,1,gap,1.756,0.078,1.214,0.46,1,12416,19164,64.78814443748695,63.347944061782506
intermodal_tree,intermodal,SBT-6255-0,tree,copt-cpu,on,rep2,6251,6251,1.0,8,6747,160606.000003,160605.166572,1,gap,1.82,0.075,1.282,0.459,1,12416,19164,64.78814443748695,66.89626382801086
intermodal_tree,intermodal,SBT-6255-0,tree,copt-cpu,on,rep3,6251,6251,1.0,8,6747,160606.000003,160605.166572,1,gap,1.832,0.077,1.292,0.46,1,12416,19164,64.78814443748695,67.41807555833856
intermodal_tree,intermodal,SBT-6255-0,tree,copt-gpu,off,rep1,6251,6251,1.0,8,6747,160606.000003,160593.921669,1,gap,3.229,1.428,1.298,0.499,0,0,19164,0.0,67.73116259653517
intermodal_tree,intermodal,SBT-6255-0,tree,copt-gpu,off,rep2,6251,6251,1.0,8,6747,160606.000003,160593.921669,1,gap,3.18,1.432,1.248,0.496,0,0,19164,0.0,65.12210394489668
intermodal_tree,intermodal,SBT-6255-0,tree,copt-gpu,on,rep1,6251,6251,1.0,8,6747,160606.000003,160605.166572,1,gap,3.148,1.36,1.279,0.505,1,12416,19164,64.78814443748695,66.73972030891254
intermodal_tree,intermodal,SBT-6255-0,tree,copt-gpu,on,rep2,6251,6251,1.0,8,6747,160606.000003,160605.166572,1,gap,3.119,1.35,1.272,0.482,1,12416,19164,64.78814443748695,66.37445209768316
transportation_tree,transportation,Barcelona,tree,copt-gpu,off,rep1,7922,97,81.6701030927835,33,274,243.518536,243.437125,1,priced-out,6.418,6.327,0.043,0.011,0,0,3492,0.0,12.313860252004583
transportation_tree,transportation,Barcelona,tree,copt-gpu,off,rep2,7922,97,81.6701030927835,36,211,243.518401,243.435421,1,priced-out,7.002,6.907,0.045,0.012,0,0,3783,0.0,11.89532117367169
transportation_tree,transportation,Barcelona,tree,copt-gpu,off,rep3,7922,97,81.6701030927835,33,268,243.518188,243.436046,1,priced-out,6.499,6.406,0.044,0.011,0,0,3492,0.0,12.600229095074456
transportation_tree,transportation,Barcelona,tree,copt-gpu,on,rep1,7922,97,81.6701030927835,33,272,243.51905,243.409653,1,priced-out,6.333,6.242,0.044,0.011,1,1655,3492,47.394043528064145,12.600229095074456
transportation_tree,transportation,Barcelona,tree,copt-gpu,on,rep2,7922,97,81.6701030927835,33,288,243.517311,243.412128,1,priced-out,6.379,6.286,0.047,0.011,1,1681,3589,46.83755920869323,13.095569796600724
transportation_tree,transportation,Barcelona,tree,copt-gpu,on,rep3,7922,97,81.6701030927835,33,303,243.518086,243.41248,1,priced-out,6.359,6.267,0.045,0.011,1,1599,3492,45.79037800687285,12.88659793814433
transportation_tree,transportation,BerlinCenter,tree,copt-gpu,off,rep1,49688,865,57.442774566473986,32,5269,27529397.330739,27527263.126577,1,gap,14.995,12.84,1.598,0.147,0,0,31140,0.0,51.316634553628774
transportation_tree,transportation,BerlinCenter,tree,copt-gpu,off,rep2,49688,865,57.442774566473986,34,5115,27529346.481777,27527584.858655,1,gap,15.53,13.27,1.667,0.16,0,0,32870,0.0,50.71493763310009
transportation_tree,transportation,BerlinCenter,tree,copt-gpu,off,rep3,49688,865,57.442774566473986,32,5248,27529599.619425,27527365.769793,1,gap,14.841,12.637,1.644,0.15,0,0,31140,0.0,52.79383429672447
transportation_tree,transportation,BerlinCenter,tree,copt-gpu,on,rep1,49688,865,57.442774566473986,32,5248,27529599.636448,27527368.352001,1,gap,14.676,12.624,1.5,0.147,1,9315,31140,29.91329479768786,48.16955684007707
transportation_tree,transportation,BerlinCenter,tree,copt-gpu,on,rep2,49688,865,57.442774566473986,34,5287,27529232.87252,27527079.157977,1,gap,15.406,13.237,1.587,0.156,1,9787,32870,29.77487070276848,48.28110739275935
transportation_tree,transportation,BerlinCenter,tree,copt-gpu,on,rep3,49688,865,57.442774566473986,32,5300,27529426.807252,27527328.765213,1,gap,14.259,12.249,1.463,0.146,1,9336,31140,29.98073217726397,46.98137443802184
transportation_tree,transportation,ChicagoRegional,tree,copt-gpu,off,rep1,2297945,1771,1297.5409373235461,50,22236,5513156.279144,5512375.4802,1,priced-out,86.347,55.481,13.208,2.519,0,0,99176,0.0,133.1773816245866
transportation_tree,transportation,ChicagoRegional,tree,copt-gpu,off,rep2,2297945,1771,1297.5409373235461,51,22217,5513156.233163,5512373.526136,1,priced-out,85.121,54.282,13.405,2.406,0,0,102718,0.0,130.50293035300533
transportation_tree,transportation,ChicagoRegional,tree,copt-gpu,off,rep3,2297945,1771,1297.5409373235461,52,22521,5513156.281074,5512373.916715,1,priced-out,84.924,53.318,13.603,2.494,0,0,102718,0.0,132.43053797776437
transportation_tree,transportation,ChicagoRegional,tree,copt-gpu,on,rep1,2297945,1771,1297.5409373235461,49,21335,5513156.266071,5512371.542349,1,priced-out,77.696,48.566,12.286,2.32,1,22026,97405,22.6128022175453,126.13315538216725
transportation_tree,transportation,ChicagoRegional,tree,copt-gpu,on,rep2,2297945,1771,1297.5409373235461,51,21922,5513156.28314,5512373.537388,1,priced-out,82.159,51.784,12.812,2.45,1,22923,100947,22.70795565990074,126.91808572815438
transportation_tree,transportation,ChicagoRegional,tree,copt-gpu,on,rep3,2297945,1771,1297.5409373235461,52,21885,5513156.276687,5512373.512678,1,priced-out,84.277,53.789,12.795,2.488,1,24500,102718,23.851710508382173,124.56434120602037
transportation_tree,transportation,ChicagoSketch,tree,copt-gpu,off,rep1,93513,386,242.26165803108807,14,2722,6705940.401858,6705421.631723,1,gap,2.794,2.651,0.088,0.012,0,0,7334,0.0,11.998909190073629
transportation_tree,transportation,ChicagoSketch,tree,copt-gpu,off,rep2,93513,386,242.26165803108807,14,2722,6705940.401858,6705421.631723,1,gap,2.764,2.612,0.097,0.011,0,0,7334,0.0,13.226070357240252
transportation_tree,transportation,ChicagoSketch,tree,copt-gpu,off,rep3,93513,386,242.26165803108807,14,2722,6705940.401858,6705421.631723,1,gap,2.798,2.65,0.091,0.013,0,0,7334,0.0,12.407962912462503
transportation_tree,transportation,ChicagoSketch,tree,copt-gpu,on,rep1,93513,386,242.26165803108807,15,2532,6705868.864438,6705450.895762,1,gap,2.937,2.797,0.077,0.015,1,3680,7720,47.66839378238342,9.974093264248705
transportation_tree,transportation,ChicagoSketch,tree,copt-gpu,on,rep2,93513,386,242.26165803108807,14,2695,6705927.477377,6705451.681376,1,gap,2.76,2.628,0.076,0.014,1,3479,7334,47.436596673029726,10.362694300518134
transportation_tree,transportation,ChicagoSketch,tree,copt-gpu,on,rep3,93513,386,242.26165803108807,14,2704,6705940.395608,6705421.917069,1,gap,2.722,2.596,0.071,0.011,1,3475,7334,47.38205617671121,9.680938096536678
transportation_tree,transportation,Sydney,tree,copt-gpu,off,rep1,3343560,3257,1026.576604237028,25,12647,4968208.845097,4966458.608894,1,priced-out,73.34,25.642,28.521,2.354,0,0,97710,0.0,291.89438133251457
transportation_tree,transportation,Sydney,tree,copt-gpu,off,rep2,3343560,3257,1026.576604237028,25,12647,4968208.845097,4966458.608927,1,priced-out,70.083,24.338,27.355,2.174,0,0,97710,0.0,279.9611094053833
transportation_tree,transportation,Sydney,tree,copt-gpu,off,rep3,3343560,3257,1026.576604237028,25,12647,4968208.845097,4966458.608826,1,priced-out,69.613,24.256,27.004,2.19,0,0,97710,0.0,276.36884658683863
transportation_tree,transportation,Sydney,tree,copt-gpu,on,rep1,3343560,3257,1026.576604237028,24,13210,4968208.848142,4966459.012968,1,priced-out,68.212,23.425,26.515,2.128,1,27413,94453,29.022900278445363,280.7216287465724
transportation_tree,transportation,Sydney,tree,copt-gpu,on,rep2,3343560,3257,1026.576604237028,25,12647,4968208.845097,4966458.791924,1,priced-out,69.479,24.252,26.951,2.196,1,28627,97710,29.297922423498107,275.82642513560535
transportation_tree,transportation,Sydney,tree,copt-gpu,on,rep3,3343560,3257,1026.576604237028,25,12647,4968208.845097,4966458.791916,1,priced-out,69.644,24.337,26.926,2.184,1,28627,97710,29.297922423498107,275.57056596049534
transportation_tree,transportation,Winnipeg,tree,copt-gpu,off,rep1,4345,135,32.18518518518518,37,388,420.17008,420.080892,1,priced-out,7.426,7.307,0.055,0.016,0,0,5400,0.0,10.185185185185185
transportation_tree,transportation,Winnipeg,tree,copt-gpu,off,rep2,4345,135,32.18518518518518,34,422,420.166446,420.080827,1,priced-out,6.982,6.871,0.052,0.013,0,0,4995,0.0,10.41041041041041
transportation_tree,transportation,Winnipeg,tree,copt-gpu,off,rep3,4345,135,32.18518518518518,39,384,420.167888,420.077027,1,priced-out,7.846,7.724,0.058,0.015,0,0,5670,0.0,10.229276895943563
transportation_tree,transportation,Winnipeg,tree,copt-gpu,on,rep1,4345,135,32.18518518518518,33,458,420.169872,420.015352,1,priced-out,6.755,6.646,0.052,0.012,1,1941,4860,39.93827160493827,10.699588477366255
transportation_tree,transportation,Winnipeg,tree,copt-gpu,on,rep2,4345,135,32.18518518518518,35,366,420.169913,420.017768,1,priced-out,7.069,6.956,0.053,0.014,1,2178,5130,42.45614035087719,10.331384015594542
transportation_tree,transportation,Winnipeg,tree,copt-gpu,on,rep3,4345,135,32.18518518518518,36,406,420.166699,420.011479,1,priced-out,7.274,7.156,0.057,0.014,1,2195,5265,41.69040835707502,10.826210826210826
