family,instance,formulation,solver,objective,ref,rel_err,pass,optimal,time,source
grid,grid1,path,copt-cpu,827319.000001,827319.0,1.2087328037835104e-12,True,1,0.044,logs/grid__grid1__path__copt-cpu.log
grid,grid1,path,copt-gpu,827319.000001,827319.0,1.2087328037835104e-12,True,1,0.451,logs/grid__grid1__path__copt-gpu.log
grid,grid1,path,cuopt,827319.005532,827319.0,6.6866589320816055e-09,True,1,0.710,logs/grid__grid1__path__cuopt.log
grid,grid1,path,highs,827319.000288,827319.0,3.481123739246601e-10,True,1,0.088,logs/grid__grid1__path__highs.log
grid,grid1,path,mosek,827318.471691,827319.0,6.385795563229139e-07,True,1,0.024,logs/grid__grid1__path__mosek.log
grid,grid1,tree,copt-cpu,827319.0,827319.0,0.0,True,1,0.050,logs/grid__grid1__tree__copt-cpu.log
grid,grid1,tree,copt-gpu,827319.0,827319.0,0.0,True,1,0.504,logs/grid__grid1__tree__copt-gpu.log
grid,grid1,tree,cuopt,827319.004712,827319.0,5.695505631532259e-09,True,1,0.698,logs/grid__grid1__tree__cuopt.log
grid,grid1,tree,highs,827319.000492,827319.0,5.946920366151867e-10,True,1,0.074,logs/grid__grid1__tree__highs.log
grid,grid1,tree,mosek,827319.003729,827319.0,4.507330291105669e-09,True,1,0.023,logs/grid__grid1__tree__mosek.log
grid,grid10,path,copt-cpu,164110898.273289,164110897.177,6.680171930773307e-09,True,1,4.104,logs/grid__grid10__path__copt-cpu.log
grid,grid10,path,copt-gpu,164110905.640512,164110897.177,5.1571907466288217e-08,True,1,3.382,logs/grid__grid10__path__copt-gpu.log
grid,grid10,path,cuopt,164111361.111987,164110897.177,2.8269602749669918e-06,True,1,3.459,logs/grid__grid10__path__cuopt.log
grid,grid10,path,highs,164110927.411685,164110897.177,1.8423325643725043e-07,True,1,29.962,logs/grid__grid10__path__highs.log
grid,grid10,path,mosek,164109143.408778,164110897.177,1.0686482446579191e-05,True,1,4.346,logs/grid__grid10__path__mosek.log
grid,grid10,tree,copt-cpu,164110884.519201,164110897.177,7.712954589514048e-08,True,1,5.163,logs/grid__grid10__tree__copt-cpu.log
grid,grid10,tree,copt-gpu,164110845.498149,164110897.177,3.1490200753015964e-07,True,1,5.353,logs/grid__grid10__tree__copt-gpu.log
grid,grid10,tree,cuopt,164114577.892153,164110897.177,2.2428219066031336e-05,True,1,3.950,logs/grid__grid10__tree__cuopt.log
grid,grid10,tree,highs,164110884.679496,164110897.177,7.615279796085901e-08,True,1,30.663,logs/grid__grid10__tree__highs.log
grid,grid10,tree,mosek,164111140.433654,164110897.177,1.4822699662762942e-06,True,1,5.583,logs/grid__grid10__tree__mosek.log
grid,grid11,path,copt-cpu,329258290.079061,329258288.49,4.826183630752933e-09,True,1,3.446,logs/grid__grid11__path__copt-cpu.log
grid,grid11,path,copt-gpu,329258288.241195,329258288.49,7.556529180113706e-10,True,1,3.370,logs/grid__grid11__path__copt-gpu.log
grid,grid11,path,cuopt,329258298.830611,329258288.49,3.1405772739724385e-08,True,1,3.094,logs/grid__grid11__path__cuopt.log
grid,grid11,path,highs,329258289.321762,329258288.49,2.52616880089508e-09,True,1,35.966,logs/grid__grid11__path__highs.log
grid,grid11,path,mosek,329245768.512693,329258288.49,3.802479009545683e-05,True,1,4.819,logs/grid__grid11__path__mosek.log
grid,grid11,tree,copt-cpu,329258317.042394,329258288.49,8.671731273286036e-08,True,1,3.641,logs/grid__grid11__tree__copt-cpu.log
grid,grid11,tree,copt-gpu,329262857.032795,329258288.49,1.387525524704054e-05,True,1,3.012,logs/grid__grid11__tree__copt-gpu.log
grid,grid11,tree,cuopt,329260028.248491,329258288.49,5.28387151302498e-06,True,1,3.292,logs/grid__grid11__tree__cuopt.log
grid,grid11,tree,highs,329258289.440033,329258288.49,2.8853731014918104e-09,True,1,21.434,logs/grid__grid11__tree__highs.log
grid,grid11,tree,mosek,329264962.617633,329258288.49,2.027018868251901e-05,True,1,2.915,logs/grid__grid11__tree__mosek.log
grid,grid12,path,copt-cpu,577186506.663566,577186503.577,5.347605933690627e-09,True,1,3.782,logs/grid__grid12__path__copt-cpu.log
grid,grid12,path,copt-gpu,577186506.663566,577186503.577,5.347605933690627e-09,True,1,3.049,logs/grid__grid12__path__copt-gpu.log
grid,grid12,path,cuopt,577186870.163924,577186503.577,6.351273317810111e-07,True,1,2.642,logs/grid__grid12__path__cuopt.log
grid,grid12,path,highs,577187872.040968,577186503.577,2.3709216335423e-06,True,1,36.314,logs/grid__grid12__path__highs.log
grid,grid12,path,mosek,577131452.049144,577186503.577,9.537909759639438e-05,True,1,4.588,logs/grid__grid12__path__mosek.log
grid,grid12,tree,copt-cpu,577186791.932121,577186503.577,4.995874283779647e-07,True,1,2.530,logs/grid__grid12__tree__copt-cpu.log
grid,grid12,tree,copt-gpu,577193853.455009,577186503.577,1.2733974137323468e-05,True,1,2.629,logs/grid__grid12__tree__copt-gpu.log
grid,grid12,tree,cuopt,577190852.368906,577186503.577,7.534465686651368e-06,True,1,2.664,logs/grid__grid12__tree__cuopt.log
grid,grid12,tree,highs,577186446.506469,577186503.577,9.887710585217141e-08,True,1,16.724,logs/grid__grid12__tree__highs.log
grid,grid12,tree,mosek,577186760.382874,577186503.577,4.449270251444809e-07,True,1,3.346,logs/grid__grid12__tree__mosek.log
grid,grid13,path,copt-cpu,1159320977.891659,1159320960.713,1.481786282177165e-08,True,1,8.470,logs/grid__grid13__path__copt-cpu.log
grid,grid13,path,copt-gpu,1159320977.891657,1159320960.713,1.4817861176542506e-08,True,1,5.852,logs/grid__grid13__path__copt-gpu.log
grid,grid13,path,cuopt,1159327661.678367,1159320960.713,5.7800778161719485e-06,True,1,4.503,logs/grid__grid13__path__cuopt.log
grid,grid13,path,highs,1159320951.297759,1159320960.713,8.121341131662092e-09,True,1,141.220,logs/grid__grid13__path__highs.log
grid,grid13,path,mosek,1159311602.032618,1159320960.713,8.072553416318455e-06,True,1,6.701,logs/grid__grid13__path__mosek.log
grid,grid13,tree,copt-cpu,1159320949.305131,1159320960.713,9.840130116818267e-09,True,1,7.698,logs/grid__grid13__tree__copt-cpu.log
grid,grid13,tree,copt-gpu,1159321656.055757,1159320960.713,5.997845122708483e-07,True,1,7.167,logs/grid__grid13__tree__copt-gpu.log
grid,grid13,tree,cuopt,1159369506.224772,1159320960.713,4.187409131467882e-05,True,1,14.631,logs/grid__grid13__tree__cuopt.log
grid,grid13,tree,highs,1159320953.611125,1159320960.713,6.125892058735348e-09,True,1,58.386,logs/grid__grid13__tree__highs.log
grid,grid13,tree,mosek,1159327630.813396,1159320960.713,5.753454497894767e-06,True,1,8.997,logs/grid__grid13__tree__mosek.log
grid,grid14,path,copt-cpu,1802673131.435316,1802673008.461,6.821776081572045e-08,True,1,6.782,logs/grid__grid14__path__copt-cpu.log
grid,grid14,path,copt-gpu,1802673131.435325,1802673008.461,6.821776570927984e-08,True,1,4.652,logs/grid__grid14__path__copt-gpu.log
grid,grid14,path,cuopt,1802674817.132896,1802673008.461,1.0033277735294636e-06,True,1,3.850,logs/grid__grid14__path__cuopt.log
grid,grid14,path,highs,1802673286.181505,1802673008.461,1.540603890420813e-07,True,1,104.790,logs/grid__grid14__path__highs.log
grid,grid14,path,mosek,1802644983.392552,1802673008.461,1.554639600001146e-05,True,1,6.832,logs/grid__grid14__path__mosek.log
grid,grid14,tree,copt-cpu,1802735360.593496,1802673008.461,3.458870921318701e-05,True,1,4.043,logs/grid__grid14__tree__copt-cpu.log
grid,grid14,tree,copt-gpu,1802735360.593481,1802673008.461,3.4588709204854736e-05,True,1,4.561,logs/grid__grid14__tree__copt-gpu.log
grid,grid14,tree,cuopt,1802764723.713093,1802673008.461,5.087736470375011e-05,True,1,3.553,logs/grid__grid14__tree__cuopt.log
grid,grid14,tree,highs,1802674048.388398,1802673008.461,5.768807726556046e-07,True,1,36.803,logs/grid__grid14__tree__highs.log
grid,grid14,tree,mosek,1802673992.924498,1802673008.461,5.461131849730239e-07,True,1,6.467,logs/grid__grid14__tree__mosek.log
grid,grid15,path,copt-cpu,3593521818.095492,3593521779.918,1.0623976701139582e-08,True,1,19.777,logs/grid__grid15__path__copt-cpu.log
grid,grid15,path,copt-gpu,3593521818.095554,3593521779.918,1.0623993951300945e-08,True,1,9.895,logs/grid__grid15__path__copt-gpu.log
grid,grid15,path,cuopt,3593521956.9015,3593521779.918,4.925071026224676e-08,True,1,8.639,logs/grid__grid15__path__cuopt.log
grid,grid15,path,highs,3593527934.389224,3593521779.918,1.7126572762755355e-06,True,1,268.430,logs/grid__grid15__path__highs.log
grid,grid15,path,mosek,3593497418.167073,3593521779.918,6.779352518076063e-06,True,1,16.423,logs/grid__grid15__path__mosek.log
grid,grid15,tree,copt-cpu,3593521790.04098,3593521779.918,2.817008010785366e-09,True,1,11.911,logs/grid__grid15__tree__copt-cpu.log
grid,grid15,tree,copt-gpu,3593525446.247535,3593521779.918,1.020260835900969e-06,True,1,9.602,logs/grid__grid15__tree__copt-gpu.log
grid,grid15,tree,cuopt,3593636792.340352,3593521779.918,3.2005489154002455e-05,True,1,16.636,logs/grid__grid15__tree__cuopt.log
grid,grid15,tree,highs,3593521808.516274,3593521779.918,7.958285911591845e-09,True,1,101.650,logs/grid__grid15__tree__highs.log
grid,grid15,tree,mosek,3593577918.075779,3593521779.918,1.5622044672850414e-05,True,1,10.915,logs/grid__grid15__tree__mosek.log
grid,grid2,path,copt-cpu,1705378.0,1705378.0,0.0,True,1,0.054,logs/grid__grid2__path__copt-cpu.log
grid,grid2,path,copt-gpu,1705378.0,1705378.0,0.0,True,1,0.437,logs/grid__grid2__path__copt-gpu.log
grid,grid2,path,cuopt,1705378.01432,1705378.0,8.39696540872688e-09,True,1,0.683,logs/grid__grid2__path__cuopt.log
grid,grid2,path,highs,1705396.001032,1705378.0,1.0555449876767447e-05,True,1,0.056,logs/grid__grid2__path__highs.log
grid,grid2,path,mosek,1705377.958824,1705378.0,2.4144793653666227e-08,True,1,0.029,logs/grid__grid2__path__mosek.log
grid,grid2,tree,copt-cpu,1705375.0,1705378.0,1.759140788728364e-06,True,1,0.076,logs/grid__grid2__tree__copt-cpu.log
grid,grid2,tree,copt-gpu,1705375.0,1705378.0,1.759140788728364e-06,True,1,0.619,logs/grid__grid2__tree__copt-gpu.log
grid,grid2,tree,cuopt,1705375.131466,1705378.0,1.6820517210213523e-06,True,1,0.854,logs/grid__grid2__tree__cuopt.log
grid,grid2,tree,highs,1705375.000315,1705378.0,1.758956078904349e-06,True,1,0.094,logs/grid__grid2__tree__highs.log
grid,grid2,tree,mosek,1705375.005666,1705378.0,1.755818358117643e-06,True,1,0.035,logs/grid__grid2__tree__mosek.log
grid,grid3,path,copt-cpu,1524642.001492,1524642.0,9.785903524385195e-10,True,1,0.040,logs/grid__grid3__path__copt-cpu.log
grid,grid3,path,copt-gpu,1524642.001492,1524642.0,9.785903524385195e-10,True,1,0.422,logs/grid__grid3__path__copt-gpu.log
grid,grid3,path,cuopt,1524642.019878,1524642.0,1.3037814792574805e-08,True,1,0.635,logs/grid__grid3__path__cuopt.log
grid,grid3,path,highs,1524642.000278,1524642.0,1.8233790053885698e-10,True,1,0.056,logs/grid__grid3__path__highs.log
grid,grid3,path,mosek,1524641.997608,1524642.0,1.5688929290141136e-09,True,1,0.024,logs/grid__grid3__path__mosek.log
grid,grid3,tree,copt-cpu,1524730.000006,1524642.0,5.771847161500581e-05,True,1,0.042,logs/grid__grid3__tree__copt-cpu.log
grid,grid3,tree,copt-gpu,1524730.000006,1524642.0,5.771847161500581e-05,True,1,0.445,logs/grid__grid3__tree__copt-gpu.log
grid,grid3,tree,cuopt,1524730.032093,1524642.0,5.773951721118778e-05,True,1,0.629,logs/grid__grid3__tree__cuopt.log
grid,grid3,tree,highs,1524730.00041,1524642.0,5.7718736595276234e-05,True,1,0.081,logs/grid__grid3__tree__highs.log
grid,grid3,tree,mosek,1524730.00016,1524642.0,5.771857262232981e-05,True,1,0.022,logs/grid__grid3__tree__mosek.log
grid,grid4,path,copt-cpu,3031695.001622,3031695.0,5.350141679336111e-10,True,1,0.045,logs/grid__grid4__path__copt-cpu.log
grid,grid4,path,copt-gpu,3031695.001622,3031695.0,5.350141679336111e-10,True,1,0.460,logs/grid__grid4__path__copt-gpu.log
grid,grid4,path,cuopt,3031695.184639,3031695.0,6.090289421204452e-08,True,1,0.665,logs/grid__grid4__path__cuopt.log
grid,grid4,path,highs,3031695.013127,3031695.0,4.329921074220309e-09,True,1,0.104,logs/grid__grid4__path__highs.log
grid,grid4,path,mosek,3031701.23389,3031695.0,2.056239166472693e-06,True,1,0.031,logs/grid__grid4__path__mosek.log
grid,grid4,tree,copt-cpu,3031712.000015,3031695.0,5.607429177368233e-06,True,1,0.074,logs/grid__grid4__tree__copt-cpu.log
grid,grid4,tree,copt-gpu,3031712.000015,3031695.0,5.607429177368233e-06,True,1,0.580,logs/grid__grid4__tree__copt-gpu.log
grid,grid4,tree,cuopt,3031695.044773,3031695.0,1.4768306121433292e-08,True,1,0.832,logs/grid__grid4__tree__cuopt.log
grid,grid4,tree,highs,3031695.003663,3031695.0,1.2082350582900389e-09,True,1,0.112,logs/grid__grid4__tree__highs.log
grid,grid4,tree,mosek,3031695.008129,3031695.0,2.68133839258106e-09,True,1,0.036,logs/grid__grid4__tree__mosek.log
grid,grid5,path,copt-cpu,5049726.000001,5049688.5,7.426200843921451e-06,True,1,0.065,logs/grid__grid5__path__copt-cpu.log
grid,grid5,path,copt-gpu,5049599.000001,5049688.5,1.7723865343329507e-05,True,1,0.520,logs/grid__grid5__path__copt-gpu.log
grid,grid5,path,cuopt,5049688.789309,5049688.5,5.729244480428476e-08,True,1,0.712,logs/grid__grid5__path__cuopt.log
grid,grid5,path,highs,5049672.002826,5049688.5,3.2669686457625104e-06,True,1,0.119,logs/grid__grid5__path__highs.log
grid,grid5,path,mosek,5049687.620808,5049688.5,1.7410816533633484e-07,True,1,0.040,logs/grid__grid5__path__mosek.log
grid,grid5,tree,copt-cpu,5049688.500151,5049688.5,2.990283175591536e-11,True,1,0.093,logs/grid__grid5__tree__copt-cpu.log
grid,grid5,tree,copt-gpu,5049688.500151,5049688.5,2.990283175591536e-11,True,1,0.638,logs/grid__grid5__tree__copt-gpu.log
grid,grid5,tree,cuopt,5049688.952937,5049688.5,8.969602787005978e-08,True,1,0.812,logs/grid__grid5__tree__cuopt.log
grid,grid5,tree,highs,5049688.501007,5049688.5,1.9941823825045506e-10,True,1,0.106,logs/grid__grid5__tree__highs.log
grid,grid5,tree,mosek,5049691.551972,5049688.5,6.043881716522425e-07,True,1,0.042,logs/grid__grid5__tree__mosek.log
grid,grid6,path,copt-cpu,10402074.636368,10401782.0,2.813329177643599e-05,True,1,0.185,logs/grid__grid6__path__copt-cpu.log
grid,grid6,path,copt-gpu,10401811.500084,10401782.0,2.836060590359257e-06,True,1,0.838,logs/grid__grid6__path__copt-gpu.log
grid,grid6,path,cuopt,10401757.746628,10401782.0,2.3316554798524294e-06,True,1,1.092,logs/grid__grid6__path__cuopt.log
grid,grid6,path,highs,10401210.5044,10401782.0,5.494208588490163e-05,True,1,0.692,logs/grid__grid6__path__highs.log
grid,grid6,path,mosek,10401404.761089,10401782.0,3.6266758041953686e-05,True,1,0.151,logs/grid__grid6__path__mosek.log
grid,grid6,tree,copt-cpu,10401824.460965,10401782.0,4.08208564648759e-06,True,1,0.241,logs/grid__grid6__tree__copt-cpu.log
grid,grid6,tree,copt-gpu,10401798.071509,10401782.0,1.5450726615799034e-06,True,1,1.050,logs/grid__grid6__tree__copt-gpu.log
grid,grid6,tree,cuopt,10401533.476279,10401782.0,2.389241776074327e-05,True,1,1.297,logs/grid__grid6__tree__cuopt.log
grid,grid6,tree,highs,10401291.967005,10401782.0,4.711048501117228e-05,True,1,0.889,logs/grid__grid6__tree__highs.log
grid,grid6,tree,mosek,10401352.839833,10401782.0,4.125833121664395e-05,True,1,0.201,logs/grid__grid6__tree__mosek.log
grid,grid7,path,copt-cpu,25864203.139016,25864036.571,6.4401399813537265e-06,True,1,0.250,logs/grid__grid7__path__copt-cpu.log
grid,grid7,path,copt-gpu,25864203.139016,25864036.571,6.4401399813537265e-06,True,1,0.876,logs/grid__grid7__path__copt-gpu.log
grid,grid7,path,cuopt,25864104.133119,25864036.571,2.612203196287385e-06,True,1,1.263,logs/grid__grid7__path__cuopt.log
grid,grid7,path,highs,25864037.442232,25864036.571,3.36850746627239e-08,True,1,1.728,logs/grid__grid7__path__highs.log
grid,grid7,path,mosek,25864388.136737,25864036.571,1.3592841010586503e-05,True,1,0.223,logs/grid__grid7__path__mosek.log
grid,grid7,tree,copt-cpu,25864172.787239,25864036.571,5.266627219137717e-06,True,1,0.264,logs/grid__grid7__tree__copt-cpu.log
grid,grid7,tree,copt-gpu,25863921.127495,25864036.571,4.463475942102706e-06,True,1,1.016,logs/grid__grid7__tree__copt-gpu.log
grid,grid7,tree,cuopt,25864184.387481,25864036.571,5.715135786941087e-06,True,1,1.296,logs/grid__grid7__tree__cuopt.log
grid,grid7,tree,highs,25864039.412502,25864036.571,1.098630521900999e-07,True,1,1.531,logs/grid__grid7__tree__highs.log
grid,grid7,tree,mosek,25864008.103061,25864036.571,1.1006765675846231e-06,True,1,0.305,logs/grid__grid7__tree__mosek.log
grid,grid8,path,copt-cpu,41711150.623465,41711150.624,1.2826219903770363e-11,True,1,1.553,logs/grid__grid8__path__copt-cpu.log
grid,grid8,path,copt-gpu,41711139.743232,41711150.624,2.6085993405367536e-07,True,1,2.335,logs/grid__grid8__path__copt-gpu.log
grid,grid8,path,cuopt,41712439.551414,41711150.624,3.090126728027503e-05,True,1,2.209,logs/grid__grid8__path__cuopt.log
grid,grid8,path,highs,41711205.381084,41711150.624,1.3127684848155335e-06,True,1,5.616,logs/grid__grid8__path__highs.log
grid,grid8,path,mosek,41711014.842972,41711150.624,3.2552692976281383e-06,True,1,1.204,logs/grid__grid8__path__mosek.log
grid,grid8,tree,copt-cpu,41710750.277603,41711150.624,9.598066488418026e-06,True,1,1.526,logs/grid__grid8__tree__copt-cpu.log
grid,grid8,tree,copt-gpu,41710971.681349,41711150.624,4.290043509209443e-06,True,1,2.604,logs/grid__grid8__tree__copt-gpu.log
grid,grid8,tree,cuopt,41710539.920558,41711150.624,1.4641251388746458e-05,True,1,2.536,logs/grid__grid8__tree__cuopt.log
grid,grid8,tree,highs,41710599.271551,41711150.624,1.32183466711331e-05,True,1,5.336,logs/grid__grid8__tree__highs.log
grid,grid8,tree,mosek,41711241.358388,41711150.624,2.1753029260491287e-06,True,1,1.387,logs/grid__grid8__tree__mosek.log
grid,grid9,path,copt-cpu,82652982.087947,82652982.047,4.954085047803471e-10,True,1,3.831,logs/grid__grid9__path__copt-cpu.log
grid,grid9,path,copt-gpu,82653000.511555,82652982.047,2.2339853370080047e-07,True,1,2.925,logs/grid__grid9__path__copt-gpu.log
grid,grid9,path,cuopt,82654133.389522,82652982.047,1.3929836449707327e-05,True,1,2.586,logs/grid__grid9__path__cuopt.log
grid,grid9,path,highs,82652799.252761,82652982.047,2.211586738583024e-06,True,1,16.208,logs/grid__grid9__path__highs.log
grid,grid9,path,mosek,82653550.095833,82652982.047,6.872696168114817e-06,True,1,2.213,logs/grid__grid9__path__mosek.log
grid,grid9,tree,copt-cpu,82652986.060817,82652982.047,4.856227685924798e-08,True,1,3.721,logs/grid__grid9__tree__copt-cpu.log
grid,grid9,tree,copt-gpu,82653027.173054,82652982.047,5.459700651002885e-07,True,1,3.494,logs/grid__grid9__tree__copt-gpu.log
grid,grid9,tree,cuopt,82653846.313566,82652982.047,1.045656846962847e-05,True,1,3.342,logs/grid__grid9__tree__cuopt.log
grid,grid9,tree,highs,82653587.796099,82652982.047,7.328823280167117e-06,True,1,14.462,logs/grid__grid9__tree__highs.log
grid,grid9,tree,mosek,82653313.239416,82652982.047,4.00702319256982e-06,True,1,3.066,logs/grid__grid9__tree__mosek.log
intermodal,BUS-13160-0,path,copt-cpu,348367.0,348362.5,1.2917578671642327e-05,True,1,3.773,intermodal_logs/intermodal__BUS-13160-0__path__copt-cpu.log
intermodal,BUS-13160-0,path,copt-gpu,348367.0,348362.5,1.2917578671642327e-05,True,1,4.614,intermodal_logs/intermodal__BUS-13160-0__path__copt-gpu.log
intermodal,BUS-13160-0,path,cuopt,348362.009339,348362.5,1.408478237519848e-06,True,1,7.127,intermodal_logs/intermodal__BUS-13160-0__path__cuopt.log
intermodal,BUS-13160-0,path,highs,348361.500112,348362.5,2.870251534020716e-06,True,1,18.924,logs/intermodal__BUS-13160-0__path__highs.log
intermodal,BUS-13160-0,path,mosek,348361.500044,348362.5,2.870446732969847e-06,True,1,5.191,intermodal_logs/intermodal__BUS-13160-0__path__mosek.log
intermodal,BUS-13160-0,tree,copt-cpu,348361.500163,348362.5,2.870105134683551e-06,True,1,5.135,intermodal_logs/intermodal__BUS-13160-0__tree__copt-cpu.log
intermodal,BUS-13160-0,tree,copt-gpu,348361.500163,348362.5,2.870105134683551e-06,True,1,6.402,intermodal_logs/intermodal__BUS-13160-0__tree__copt-gpu.log
intermodal,BUS-13160-0,tree,cuopt,348361.502615,348362.5,2.8630664896339873e-06,True,1,8.058,intermodal_logs/intermodal__BUS-13160-0__tree__cuopt.log
intermodal,BUS-13160-0,tree,highs,348364.500025,348362.5,5.741217840656613e-06,True,1,18.919,logs/intermodal__BUS-13160-0__tree__highs.log
intermodal,BUS-13160-0,tree,mosek,348361.501184,348362.5,2.8671742796846023e-06,True,1,7.409,intermodal_logs/intermodal__BUS-13160-0__tree__mosek.log
intermodal,BUS-18424-0,path,copt-cpu,485027.5,485028.5,2.061734516631497e-06,True,1,10.420,intermodal_logs/intermodal__BUS-18424-0__path__copt-cpu.log
intermodal,BUS-18424-0,path,copt-gpu,485027.500005,485028.5,2.061724208000427e-06,True,1,12.071,intermodal_logs/intermodal__BUS-18424-0__path__copt-gpu.log
intermodal,BUS-18424-0,path,cuopt,485025.520159,485028.5,6.143641043759346e-06,True,1,10.509,intermodal_logs/intermodal__BUS-18424-0__path__cuopt.log
intermodal,BUS-18424-0,path,highs,485025.501484,485028.5,6.182143935856095e-06,True,1,32.270,logs/intermodal__BUS-18424-0__path__highs.log
intermodal,BUS-18424-0,path,mosek,485029.351937,485028.5,1.7564679188943585e-06,True,1,8.799,intermodal_logs/intermodal__BUS-18424-0__path__mosek.log
intermodal,BUS-18424-0,tree,copt-cpu,485025.500001,485028.5,6.185201488144275e-06,True,1,8.973,intermodal_logs/intermodal__BUS-18424-0__tree__copt-cpu.log
intermodal,BUS-18424-0,tree,copt-gpu,485027.000001,485028.5,3.0925997131970296e-06,True,1,12.202,intermodal_logs/intermodal__BUS-18424-0__tree__copt-gpu.log
intermodal,BUS-18424-0,tree,cuopt,485025.503958,485028.5,6.177043204705298e-06,True,1,9.682,intermodal_logs/intermodal__BUS-18424-0__tree__cuopt.log
intermodal,BUS-18424-0,tree,highs,485025.500656,485028.5,6.183851052073746e-06,True,1,22.338,logs/intermodal__BUS-18424-0__tree__highs.log
intermodal,BUS-18424-0,tree,mosek,485025.499784,485028.5,6.185648884580836e-06,True,1,7.967,intermodal_logs/intermodal__BUS-18424-0__tree__mosek.log
intermodal,BUS-23688-0,path,copt-cpu,624881.500288,624882.0,7.996901815365414e-07,True,1,11.747,intermodal_logs/intermodal__BUS-23688-0__path__copt-cpu.log
intermodal,BUS-23688-0,path,copt-gpu,624881.500288,624882.0,7.996901815365414e-07,True,1,13.381,intermodal_logs/intermodal__BUS-23688-0__path__copt-gpu.log
intermodal,BUS-23688-0,path,cuopt,624882.028347,624882.0,4.536376470123462e-08,True,1,10.520,intermodal_logs/intermodal__BUS-23688-0__path__cuopt.log
intermodal,BUS-23688-0,path,highs,624881.500635,624882.0,7.99134876751515e-07,True,1,39.221,logs/intermodal__BUS-23688-0__path__highs.log
intermodal,BUS-23688-0,path,mosek,624881.51547,624882.0,7.753943944874284e-07,True,1,9.743,intermodal_logs/intermodal__BUS-23688-0__path__mosek.log
intermodal,BUS-23688-0,tree,copt-cpu,624886.0,624882.0,6.401208548173895e-06,True,1,7.580,intermodal_logs/intermodal__BUS-23688-0__tree__copt-cpu.log
intermodal,BUS-23688-0,tree,copt-gpu,624891.002052,624882.0,1.4406003053416944e-05,True,1,8.287,intermodal_logs/intermodal__BUS-23688-0__tree__copt-gpu.log
intermodal,BUS-23688-0,tree,cuopt,624881.530131,624882.0,7.519323648661661e-07,True,1,15.154,intermodal_logs/intermodal__BUS-23688-0__tree__cuopt.log
intermodal,BUS-23688-0,tree,highs,624881.501148,624882.0,7.983139216519451e-07,True,1,57.406,logs/intermodal__BUS-23688-0__tree__highs.log
intermodal,BUS-23688-0,tree,mosek,624882.449644,624882.0,7.195662541674139e-07,True,1,10.283,intermodal_logs/intermodal__BUS-23688-0__tree__mosek.log
intermodal,BUS-2632-0,path,copt-cpu,71026.5,71026.5,0.0,True,1,2.112,intermodal_logs/intermodal__BUS-2632-0__path__copt-cpu.log
intermodal,BUS-2632-0,path,copt-gpu,71026.5,71026.5,0.0,True,1,3.884,intermodal_logs/intermodal__BUS-2632-0__path__copt-gpu.log
intermodal,BUS-2632-0,path,cuopt,71026.50093,71026.5,1.3093704387744263e-08,True,1,3.355,intermodal_logs/intermodal__BUS-2632-0__path__cuopt.log
intermodal,BUS-2632-0,path,highs,71026.500018,71026.5,2.5342662377624696e-10,True,1,3.314,logs/intermodal__BUS-2632-0__path__highs.log
intermodal,BUS-2632-0,path,mosek,71026.500057,71026.5,8.025173346379907e-10,True,1,1.799,intermodal_logs/intermodal__BUS-2632-0__path__mosek.log
intermodal,BUS-2632-0,tree,copt-cpu,71026.5,71026.5,0.0,True,1,1.897,intermodal_logs/intermodal__BUS-2632-0__tree__copt-cpu.log
intermodal,BUS-2632-0,tree,copt-gpu,71026.5,71026.5,0.0,True,1,3.262,intermodal_logs/intermodal__BUS-2632-0__tree__copt-gpu.log
intermodal,BUS-2632-0,tree,cuopt,71026.500532,71026.5,7.490162199714745e-09,True,1,3.410,intermodal_logs/intermodal__BUS-2632-0__tree__cuopt.log
intermodal,BUS-2632-0,tree,highs,71026.500014,71026.5,1.9710959627041432e-10,True,1,2.719,logs/intermodal__BUS-2632-0__tree__highs.log
intermodal,BUS-2632-0,tree,mosek,71026.501729,71026.5,2.43430268417528e-08,True,1,1.570,intermodal_logs/intermodal__BUS-2632-0__tree__mosek.log
intermodal,BUS-7896-0,path,copt-cpu,210596.5,210597.0,2.3742028613892885e-06,True,1,2.707,intermodal_logs/intermodal__BUS-7896-0__path__copt-cpu.log
intermodal,BUS-7896-0,path,copt-gpu,210596.5,210597.0,2.3742028613892885e-06,True,1,3.695,intermodal_logs/intermodal__BUS-7896-0__path__copt-gpu.log
intermodal,BUS-7896-0,path,cuopt,210595.501182,210597.0,7.116995968569127e-06,True,1,4.213,intermodal_logs/intermodal__BUS-7896-0__path__cuopt.log
intermodal,BUS-7896-0,path,highs,210592.000015,210597.0,2.374195738781748e-05,True,1,8.182,logs/intermodal__BUS-7896-0__path__highs.log
intermodal,BUS-7896-0,path,mosek,210592.008298,210597.0,2.3702626343202182e-05,True,1,2.755,intermodal_logs/intermodal__BUS-7896-0__path__mosek.log
intermodal,BUS-7896-0,tree,copt-cpu,210593.500067,210597.0,1.6619101886606636e-05,True,1,2.569,intermodal_logs/intermodal__BUS-7896-0__tree__copt-cpu.log
intermodal,BUS-7896-0,tree,copt-gpu,210593.501491,210597.0,1.6612340156779462e-05,True,1,3.378,intermodal_logs/intermodal__BUS-7896-0__tree__copt-gpu.log
intermodal,BUS-7896-0,tree,cuopt,210595.509752,210597.0,7.0763021314991765e-06,True,1,4.207,intermodal_logs/intermodal__BUS-7896-0__tree__cuopt.log
intermodal,BUS-7896-0,tree,highs,210593.500266,210597.0,1.6618156953858855e-05,True,1,6.375,logs/intermodal__BUS-7896-0__tree__highs.log
intermodal,BUS-7896-0,tree,mosek,210593.000449,210597.0,1.8991490856879446e-05,True,1,2.789,intermodal_logs/intermodal__BUS-7896-0__tree__mosek.log
intermodal,SBT-18765-0,path,copt-cpu,481107.500187,481110.5,6.235185056183711e-06,True,1,10.324,intermodal_logs/intermodal__SBT-18765-0__path__copt-cpu.log
intermodal,SBT-18765-0,path,copt-gpu,481107.500187,481110.5,6.235185056183711e-06,True,1,10.791,intermodal_logs/intermodal__SBT-18765-0__path__copt-gpu.log
intermodal,SBT-18765-0,path,cuopt,481112.056827,481110.5,3.23590318646769e-06,True,1,9.048,intermodal_logs/intermodal__SBT-18765-0__path__cuopt.log
intermodal,SBT-18765-0,path,highs,481112.000043,481110.5,3.1178762466796654e-06,True,1,12.554,logs/intermodal__SBT-18765-0__path__highs.log
intermodal,SBT-18765-0,path,mosek,481112.000646,481110.5,3.1191295969872026e-06,True,1,7.924,intermodal_logs/intermodal__SBT-18765-0__path__mosek.log
intermodal,SBT-18765-0,tree,copt-cpu,481107.5,481110.5,6.2355737403361595e-06,True,1,10.200,intermodal_logs/intermodal__SBT-18765-0__tree__copt-cpu.log
intermodal,SBT-18765-0,tree,copt-gpu,481107.5,481110.5,6.2355737403361595e-06,True,1,10.735,intermodal_logs/intermodal__SBT-18765-0__tree__copt-gpu.log
intermodal,SBT-18765-0,tree,cuopt,481112.004727,481110.5,3.1276120559026997e-06,True,1,8.933,intermodal_logs/intermodal__SBT-18765-0__tree__cuopt.log
intermodal,SBT-18765-0,tree,highs,481112.000735,481110.5,3.119314585752581e-06,True,1,10.847,logs/intermodal__SBT-18765-0__tree__highs.log
intermodal,SBT-18765-0,tree,mosek,481112.000003,481110.5,3.1177931057893008e-06,True,1,7.850,intermodal_logs/intermodal__SBT-18765-0__tree__mosek.log
intermodal,SBT-31275-0,path,copt-cpu,801323.000001,801326.5,4.367756463803937e-06,True,1,17.620,intermodal_logs/intermodal__SBT-31275-0__path__copt-cpu.log
intermodal,SBT-31275-0,path,copt-gpu,801323.0,801326.5,4.3677577117442145e-06,True,1,18.054,intermodal_logs/intermodal__SBT-31275-0__path__copt-gpu.log
intermodal,SBT-31275-0,path,cuopt,801323.016391,801326.5,4.347302878399834e-06,True,1,23.509,intermodal_logs/intermodal__SBT-31275-0__path__cuopt.log
intermodal,SBT-31275-0,path,highs,801323.002807,801326.5,4.364254770117469e-06,True,1,24.489,logs/intermodal__SBT-31275-0__path__highs.log
intermodal,SBT-31275-0,path,mosek,801322.997939,801326.5,4.370329697042844e-06,True,1,22.741,intermodal_logs/intermodal__SBT-31275-0__path__mosek.log
intermodal,SBT-31275-0,tree,copt-cpu,801323.0,801326.5,4.3677577117442145e-06,True,1,22.358,intermodal_logs/intermodal__SBT-31275-0__tree__copt-cpu.log
intermodal,SBT-31275-0,tree,copt-gpu,801323.0,801326.5,4.3677577117442145e-06,True,1,22.697,intermodal_logs/intermodal__SBT-31275-0__tree__copt-gpu.log
intermodal,SBT-31275-0,tree,cuopt,801323.010641,801326.5,4.354478480368788e-06,True,1,23.273,intermodal_logs/intermodal__SBT-31275-0__tree__cuopt.log
intermodal,SBT-31275-0,tree,highs,801325.000135,801326.5,1.8717276915461816e-06,True,1,21.902,logs/intermodal__SBT-31275-0__tree__highs.log
intermodal,SBT-31275-0,tree,mosek,801324.998548,801326.5,1.8737081576570708e-06,True,1,17.669,intermodal_logs/intermodal__SBT-31275-0__tree__mosek.log
intermodal,SBT-43785-0,path,copt-cpu,1123600.009692,1123620.0,1.7790986276505975e-05,True,1,31.874,intermodal_logs/intermodal__SBT-43785-0__path__copt-cpu.log
intermodal,SBT-43785-0,path,copt-gpu,1123600.009692,1123620.0,1.7790986276505975e-05,True,1,32.297,intermodal_logs/intermodal__SBT-43785-0__path__copt-gpu.log
intermodal,SBT-43785-0,path,cuopt,1123600.012524,1123620.0,1.7788465851530453e-05,True,1,32.735,intermodal_logs/intermodal__SBT-43785-0__path__cuopt.log
intermodal,SBT-43785-0,path,highs,1123600.006105,1123620.0,1.77941786369766e-05,True,1,42.699,logs/intermodal__SBT-43785-0__path__highs.log
intermodal,SBT-43785-0,path,mosek,1123599.998243,1123620.0,1.7801175664466027e-05,True,1,43.197,intermodal_logs/intermodal__SBT-43785-0__path__mosek.log
intermodal,SBT-43785-0,tree,copt-cpu,1123600.000001,1123620.0,1.7799611078471712e-05,True,1,31.635,intermodal_logs/intermodal__SBT-43785-0__tree__copt-cpu.log
intermodal,SBT-43785-0,tree,copt-gpu,1123600.000001,1123620.0,1.7799611078471712e-05,True,1,32.006,intermodal_logs/intermodal__SBT-43785-0__tree__copt-gpu.log
intermodal,SBT-43785-0,tree,cuopt,1123600.01983,1123620.0,1.7781963653291757e-05,True,1,32.436,intermodal_logs/intermodal__SBT-43785-0__tree__cuopt.log
intermodal,SBT-43785-0,tree,highs,1123600.000364,1123620.0,1.77992880155411e-05,True,1,38.267,logs/intermodal__SBT-43785-0__tree__highs.log
intermodal,SBT-43785-0,tree,mosek,1123599.486704,1123620.0,1.8256435449672464e-05,True,1,40.970,intermodal_logs/intermodal__SBT-43785-0__tree__mosek.log
intermodal,SBT-56295-0,path,copt-cpu,1447869.0,1447885.5,1.1395928752653438e-05,True,1,52.806,intermodal_logs/intermodal__SBT-56295-0__path__copt-cpu.log
intermodal,SBT-56295-0,path,copt-gpu,1447869.0,1447885.5,1.1395928752653438e-05,True,1,53.270,intermodal_logs/intermodal__SBT-56295-0__path__copt-gpu.log
intermodal,SBT-56295-0,path,cuopt,1447869.024681,1447885.5,1.1378882515199592e-05,True,1,55.429,intermodal_logs/intermodal__SBT-56295-0__path__cuopt.log
intermodal,SBT-56295-0,path,highs,1447869.000873,1447885.5,1.1395325804495338e-05,True,1,81.225,logs/intermodal__SBT-56295-0__path__highs.log
intermodal,SBT-56295-0,path,mosek,1447868.477887,1447885.5,1.1756532543521389e-05,True,1,53.843,intermodal_logs/intermodal__SBT-56295-0__path__mosek.log
intermodal,SBT-56295-0,tree,copt-cpu,1447869.0,1447885.5,1.1395928752653438e-05,True,1,52.484,intermodal_logs/intermodal__SBT-56295-0__tree__copt-cpu.log
intermodal,SBT-56295-0,tree,copt-gpu,1447869.0,1447885.5,1.1395928752653438e-05,True,1,53.286,intermodal_logs/intermodal__SBT-56295-0__tree__copt-gpu.log
intermodal,SBT-56295-0,tree,cuopt,1447869.008303,1447885.5,1.1390194183246395e-05,True,1,54.776,intermodal_logs/intermodal__SBT-56295-0__tree__cuopt.log
intermodal,SBT-56295-0,tree,highs,1447869.00033,1447885.5,1.1395700834111782e-05,True,1,71.367,logs/intermodal__SBT-56295-0__tree__highs.log
intermodal,SBT-56295-0,tree,mosek,1447866.706054,1447885.5,1.298027088471353e-05,True,1,53.521,intermodal_logs/intermodal__SBT-56295-0__tree__mosek.log
intermodal,SBT-6255-0,path,copt-cpu,160606.0,160606.5,3.1131990299271825e-06,True,1,2.668,intermodal_logs/intermodal__SBT-6255-0__path__copt-cpu.log
intermodal,SBT-6255-0,path,copt-gpu,160606.0,160606.5,3.1131990299271825e-06,True,1,3.236,intermodal_logs/intermodal__SBT-6255-0__path__copt-gpu.log
intermodal,SBT-6255-0,path,cuopt,160606.00216,160606.5,3.0997500100952235e-06,True,1,3.108,intermodal_logs/intermodal__SBT-6255-0__path__cuopt.log
intermodal,SBT-6255-0,path,highs,160606.000035,160606.5,3.1129811059666154e-06,True,1,3.618,logs/intermodal__SBT-6255-0__path__highs.log
intermodal,SBT-6255-0,path,mosek,160606.013094,160606.5,3.0316705737659867e-06,True,1,2.041,intermodal_logs/intermodal__SBT-6255-0__path__mosek.log
intermodal,SBT-6255-0,tree,copt-cpu,160606.000003,160606.5,3.113180350771982e-06,True,1,2.107,intermodal_logs/intermodal__SBT-6255-0__tree__copt-cpu.log
intermodal,SBT-6255-0,tree,copt-gpu,160606.000003,160606.5,3.113180350771982e-06,True,1,2.556,intermodal_logs/intermodal__SBT-6255-0__tree__copt-gpu.log
intermodal,SBT-6255-0,tree,cuopt,160606.003397,160606.5,3.0920479557606405e-06,True,1,2.953,intermodal_logs/intermodal__SBT-6255-0__tree__cuopt.log
intermodal,SBT-6255-0,tree,highs,160606.000013,160606.5,3.113118086679699e-06,True,1,3.191,logs/intermodal__SBT-6255-0__tree__highs.log
intermodal,SBT-6255-0,tree,mosek,160606.010496,160606.5,3.0478467558747374e-06,True,1,2.351,intermodal_logs/intermodal__SBT-6255-0__tree__mosek.log
planar,planar100,path,copt-cpu,231340800.035001,231339581.854,5.2657698749380435e-06,True,1,0.290,logs/planar__planar100__path__copt-cpu.log
planar,planar100,path,copt-gpu,231340800.000047,231339581.854,5.265618780987064e-06,True,1,0.784,logs/planar__planar100__path__copt-gpu.log
planar,planar100,path,cuopt,231340014.608191,231339581.854,1.8706448223992406e-06,True,1,1.296,logs/planar__planar100__path__cuopt.log
planar,planar100,path,highs,231339876.151062,231339581.854,1.2721431397559362e-06,True,1,2.159,logs/planar__planar100__path__highs.log
planar,planar100,path,mosek,231340250.342648,231339581.854,2.8896423285629826e-06,True,1,0.341,logs/planar__planar100__path__mosek.log
planar,planar100,tree,copt-cpu,231344992.214066,231339581.854,2.3387091921914004e-05,True,1,0.319,logs/planar__planar100__tree__copt-cpu.log
planar,planar100,tree,copt-gpu,231344992.214063,231339581.854,2.3387091908902677e-05,True,1,1.330,logs/planar__planar100__tree__copt-gpu.log
planar,planar100,tree,cuopt,231340405.272274,231339581.854,3.5593488472070066e-06,True,1,1.711,logs/planar__planar100__tree__cuopt.log
planar,planar100,tree,highs,231339676.166056,231339581.854,4.0767799115553883e-07,True,1,1.173,logs/planar__planar100__tree__highs.log
planar,planar100,tree,mosek,231340573.522386,231339581.854,4.286635162322393e-06,True,1,0.319,logs/planar__planar100__tree__mosek.log
planar,planar1000,path,copt-cpu,3449628384.470248,3449610922.073,5.0621353082261e-06,True,1,47.219,logs/planar__planar1000__path__copt-cpu.log
planar,planar1000,path,copt-gpu,3449618257.58673,3449610922.073,2.1264756796517066e-06,True,1,22.836,logs/planar__planar1000__path__copt-gpu.log
planar,planar1000,path,cuopt,3449612752.14185,3449610922.073,5.305145685649323e-07,True,1,22.187,logs/planar__planar1000__path__cuopt.log
planar,planar1000,path,highs,3449678888.657007,3449610922.073,1.9702681126258587e-05,True,1,692.955,logs/planar__planar1000__path__highs.log
planar,planar1000,path,mosek,3449658383.637117,3449610922.073,1.3758526740874701e-05,True,1,48.987,logs/planar__planar1000__path__mosek.log
planar,planar1000,tree,copt-cpu,3449610954.930723,3449610922.073,9.525051948855308e-09,True,1,35.077,logs/planar__planar1000__tree__copt-cpu.log
planar,planar1000,tree,copt-gpu,3449619658.127762,3449610922.073,2.5324753890322147e-06,True,1,33.598,logs/planar__planar1000__tree__copt-gpu.log
planar,planar1000,tree,cuopt,3449630712.066538,3449610922.073,5.7368769942351315e-06,True,1,82.236,logs/planar__planar1000__tree__cuopt.log
planar,planar1000,tree,highs,3449634187.76238,3449610922.073,6.744438693447693e-06,True,1,244.146,logs/planar__planar1000__tree__highs.log
planar,planar1000,tree,mosek,3449616991.023759,3449610922.073,1.7593145708406331e-06,True,1,78.765,logs/planar__planar1000__tree__mosek.log
planar,planar150,path,copt-cpu,548091372.107577,548087088.987,7.81467154224339e-06,True,1,2.871,logs/planar__planar150__path__copt-cpu.log
planar,planar150,path,copt-gpu,548091372.107577,548087088.987,7.81467154224339e-06,True,1,2.714,logs/planar__planar150__path__copt-gpu.log
planar,planar150,path,cuopt,548088119.479866,548087088.987,1.8801626360947142e-06,True,1,3.586,logs/planar__planar150__path__cuopt.log
planar,planar150,path,highs,548087089.638482,548087088.987,1.1886468394100227e-09,True,1,24.266,logs/planar__planar150__path__highs.log
planar,planar150,path,mosek,548086878.872421,548087088.987,3.8335984040541725e-07,True,1,4.567,logs/planar__planar150__path__mosek.log
planar,planar150,tree,copt-cpu,548087644.919887,548087088.987,1.0143148746408591e-06,True,1,3.816,logs/planar__planar150__tree__copt-cpu.log
planar,planar150,tree,copt-gpu,548089249.592995,548087088.987,3.942085187688595e-06,True,1,5.168,logs/planar__planar150__tree__copt-gpu.log
planar,planar150,tree,cuopt,548087260.537478,548087088.987,3.1299857527867503e-07,True,1,5.419,logs/planar__planar150__tree__cuopt.log
planar,planar150,tree,highs,548091356.328541,548087088.987,7.785882256301574e-06,True,1,9.103,logs/planar__planar150__tree__highs.log
planar,planar150,tree,mosek,548089988.194435,548087088.987,5.289683871901295e-06,True,1,4.911,logs/planar__planar150__tree__mosek.log
planar,planar2500,path,copt-cpu,12662328136.53415,12662328108.326,2.2277221625421956e-09,True,1,1683.431,logs/planar__planar2500__path__copt-cpu.log
planar,planar2500,path,copt-gpu,12662329913.060858,12662328108.326,1.4252788603483722e-07,True,1,711.652,logs/planar__planar2500__path__copt-gpu.log
planar,planar2500,path,cuopt,12662335291.392195,12662328108.326,5.672784762077948e-07,True,1,544.299,logs/planar__planar2500__path__cuopt.log
planar,planar2500,path,highs,10946029588.5932,12662328108.326,0.13554367767521858,False,0,56.399,logs/planar__planar2500__path__highs.log
planar,planar2500,path,mosek,12662329876.89398,12662328108.326,1.3967162789358744e-07,True,1,908.742,logs/planar__planar2500__path__mosek.log
planar,planar2500,tree,copt-cpu,12662386911.585512,12662328108.326,4.643953229523572e-06,True,1,1122.440,logs/planar__planar2500__tree__copt-cpu.log
planar,planar2500,tree,copt-gpu,12662368663.116108,12662328108.326,3.202790968673495e-06,True,1,5721.771,logs/planar__planar2500__tree__copt-gpu.log
planar,planar2500,tree,cuopt,12660574968.46724,12662328108.326,0.0001384532010040138,True,0,7233.447,logs/planar__planar2500__tree__cuopt.log
planar,planar2500,tree,highs,12480653239.8234,12662328108.326,0.014347667107373488,False,0,7288.615,logs/planar__planar2500__tree__highs.log
planar,planar2500,tree,mosek,12662388751.329021,12662328108.326,4.789245903473704e-06,True,1,2071.396,logs/planar__planar2500__tree__mosek.log
planar,planar30,path,copt-cpu,44350624.0,44350624.0,0.0,True,1,0.047,logs/planar__planar30__path__copt-cpu.log
planar,planar30,path,copt-gpu,44350624.0,44350624.0,0.0,True,1,0.463,logs/planar__planar30__path__copt-gpu.log
planar,planar30,path,cuopt,44350631.655039,44350624.0,1.7260273491373959e-07,True,1,0.660,logs/planar__planar30__path__cuopt.log
planar,planar30,path,highs,44350624.006205,44350624.0,1.3990783947731378e-10,True,1,0.069,logs/planar__planar30__path__highs.log
planar,planar30,path,mosek,44350613.53976,44350624.0,2.3585327681063198e-07,True,1,0.032,logs/planar__planar30__path__mosek.log
planar,planar30,tree,copt-cpu,44350800.800132,44350624.0,3.9864181392116645e-06,True,1,0.056,logs/planar__planar30__tree__copt-cpu.log
planar,planar30,tree,copt-gpu,44350800.800132,44350624.0,3.9864181392116645e-06,True,1,0.510,logs/planar__planar30__tree__copt-gpu.log
planar,planar30,tree,cuopt,44350629.394555,44350624.0,1.2163425259700839e-07,True,1,0.660,logs/planar__planar30__tree__cuopt.log
planar,planar30,tree,highs,44350570.0,44350624.0,1.2175702420782174e-06,True,1,0.079,logs/planar__planar30__tree__highs.log
planar,planar30,tree,mosek,44350805.491541,44350624.0,4.092198139043555e-06,True,1,0.074,logs/planar__planar30__tree__mosek.log
planar,planar300,path,copt-cpu,689979834.005916,689979137.991,1.008747768765473e-06,True,1,1.277,logs/planar__planar300__path__copt-cpu.log
planar,planar300,path,copt-gpu,689979834.00592,689979137.991,1.0087477746397316e-06,True,1,1.593,logs/planar__planar300__path__copt-gpu.log
planar,planar300,path,cuopt,690012015.250033,689979137.991,4.7649642174244334e-05,True,1,1.969,logs/planar__planar300__path__cuopt.log
planar,planar300,path,highs,690003779.631984,689979137.991,3.5713602958616685e-05,True,1,11.444,logs/planar__planar300__path__highs.log
planar,planar300,path,mosek,690009502.786209,689979137.991,4.400828015951845e-05,True,1,1.508,logs/planar__planar300__path__mosek.log
planar,planar300,tree,copt-cpu,689995036.771038,689979137.991,2.3042406882462195e-05,True,1,1.061,logs/planar__planar300__tree__copt-cpu.log
planar,planar300,tree,copt-gpu,689995036.771057,689979137.991,2.3042406909932995e-05,True,1,2.087,logs/planar__planar300__tree__copt-gpu.log
planar,planar300,tree,cuopt,689980556.834225,689979137.991,2.0563567025135126e-06,True,1,2.536,logs/planar__planar300__tree__cuopt.log
planar,planar300,tree,highs,689988635.693661,689979137.991,1.3765202653188221e-05,True,1,5.458,logs/planar__planar300__tree__highs.log
planar,planar300,tree,mosek,689979389.238306,689979137.991,3.6413754004333775e-07,True,1,1.547,logs/planar__planar300__tree__mosek.log
planar,planar50,path,copt-cpu,122199689.000011,122199689.0,8.999251185540718e-14,True,1,0.089,logs/planar__planar50__path__copt-cpu.log
planar,planar50,path,copt-gpu,122199689.000011,122199689.0,8.999251185540718e-14,True,1,0.534,logs/planar__planar50__path__copt-gpu.log
planar,planar50,path,cuopt,122200079.466352,122199689.0,3.19531379495436e-06,True,1,0.902,logs/planar__planar50__path__cuopt.log
planar,planar50,path,highs,122208091.167025,122199689.0,6.875767928509095e-05,True,1,0.199,logs/planar__planar50__path__highs.log
planar,planar50,path,mosek,122199410.641826,122199689.0,2.277895928165661e-06,True,1,0.116,logs/planar__planar50__path__mosek.log
planar,planar50,tree,copt-cpu,122202960.034316,122199689.0,2.676794305101155e-05,True,1,0.127,logs/planar__planar50__tree__copt-cpu.log
planar,planar50,tree,copt-gpu,122202960.034316,122199689.0,2.676794305101155e-05,True,1,0.858,logs/planar__planar50__tree__copt-gpu.log
planar,planar50,tree,cuopt,122199695.07354,122199689.0,4.9701763169852424e-08,True,1,1.127,logs/planar__planar50__tree__cuopt.log
planar,planar50,tree,highs,122200064.559339,122199689.0,3.0733248347446677e-06,True,1,0.189,logs/planar__planar50__tree__highs.log
planar,planar50,tree,mosek,122199693.840901,122199689.0,3.961467530648024e-08,True,1,0.077,logs/planar__planar50__tree__mosek.log
planar,planar500,path,copt-cpu,481985162.109358,481982340.002,5.8552090477562214e-06,True,1,0.669,logs/planar__planar500__path__copt-cpu.log
planar,planar500,path,copt-gpu,481985162.109268,481982340.002,5.855208861021135e-06,True,1,1.145,logs/planar__planar500__path__copt-gpu.log
planar,planar500,path,cuopt,481982718.460206,481982340.002,7.852117693697522e-07,True,1,1.491,logs/planar__planar500__path__cuopt.log
planar,planar500,path,highs,481984110.251822,481982340.002,3.672852042697633e-06,True,1,6.026,logs/planar__planar500__path__highs.log
planar,planar500,path,mosek,481982792.337105,481982340.002,9.384889599897985e-07,True,1,0.869,logs/planar__planar500__path__mosek.log
planar,planar500,tree,copt-cpu,481987762.304848,481982340.002,1.1250003159905315e-05,True,1,0.452,logs/planar__planar500__tree__copt-cpu.log
planar,planar500,tree,copt-gpu,481987762.304847,481982340.002,1.1250003157803e-05,True,1,1.082,logs/planar__planar500__tree__copt-gpu.log
planar,planar500,tree,cuopt,481983509.51088,481982340.002,2.42645587391093e-06,True,1,1.379,logs/planar__planar500__tree__cuopt.log
planar,planar500,tree,highs,481984631.209057,481982340.002,4.753715783424138e-06,True,1,2.129,logs/planar__planar500__tree__highs.log
planar,planar500,tree,mosek,481986324.664572,481982340.002,8.267237700057056e-06,True,1,0.622,logs/planar__planar500__tree__mosek.log
planar,planar80,path,copt-cpu,182438134.0,182438133.402,3.277823439843767e-09,True,1,0.273,logs/planar__planar80__path__copt-cpu.log
planar,planar80,path,copt-gpu,182438134.624917,182438133.402,6.703187363926206e-09,True,1,0.847,logs/planar__planar80__path__copt-gpu.log
planar,planar80,path,cuopt,182438148.973146,182438133.402,8.535028116758574e-08,True,1,1.219,logs/planar__planar80__path__cuopt.log
planar,planar80,path,highs,182438190.508163,182438133.402,3.130165932429672e-07,True,1,1.378,logs/planar__planar80__path__highs.log
planar,planar80,path,mosek,182438124.948946,182438133.402,4.633381110210046e-08,True,1,0.307,logs/planar__planar80__path__mosek.log
planar,planar80,tree,copt-cpu,182438134.018299,182438133.402,3.378126008363882e-09,True,1,0.354,logs/planar__planar80__tree__copt-cpu.log
planar,planar80,tree,copt-gpu,182438134.018295,182438133.402,3.3781039553344664e-09,True,1,1.492,logs/planar__planar80__tree__copt-gpu.log
planar,planar80,tree,cuopt,182436499.024571,182438133.402,8.958529658967486e-06,True,1,1.786,logs/planar__planar80__tree__cuopt.log
planar,planar80,tree,highs,182438582.90547,182438133.402,2.4638679514064637e-06,True,1,1.071,logs/planar__planar80__tree__highs.log
planar,planar80,tree,mosek,182438425.628051,182438133.402,1.601781631687848e-06,True,1,0.382,logs/planar__planar80__tree__mosek.log
planar,planar800,path,copt-cpu,1167385798.522227,1167371383.098,1.2348618816355821e-05,True,1,6.687,logs/planar__planar800__path__copt-cpu.log
planar,planar800,path,copt-gpu,1167385798.522221,1167371383.098,1.2348618811249935e-05,True,1,4.935,logs/planar__planar800__path__copt-gpu.log
planar,planar800,path,cuopt,1167402891.650347,1167371383.098,2.699102685156339e-05,True,1,4.528,logs/planar__planar800__path__cuopt.log
planar,planar800,path,highs,1167378449.449048,1167371383.098,6.053215926228929e-06,True,1,78.629,logs/planar__planar800__path__highs.log
planar,planar800,path,mosek,1167384662.219891,1167371383.098,1.1375233351858648e-05,True,1,7.986,logs/planar__planar800__path__mosek.log
planar,planar800,tree,copt-cpu,1167373872.737833,1167371383.098,2.1326887647069183e-06,True,1,3.772,logs/planar__planar800__tree__copt-cpu.log
planar,planar800,tree,copt-gpu,1167373872.737839,1167371383.098,2.1326887698128037e-06,True,1,4.886,logs/planar__planar800__tree__copt-gpu.log
planar,planar800,tree,cuopt,1167399350.324183,1167371383.098,2.3957436843035745e-05,True,1,4.540,logs/planar__planar800__tree__cuopt.log
planar,planar800,tree,highs,1167374670.008259,1167371383.098,2.815650877345923e-06,True,1,51.882,logs/planar__planar800__tree__highs.log
planar,planar800,tree,mosek,1167376763.892233,1167371383.098,4.609325113457567e-06,True,1,6.074,logs/planar__planar800__tree__mosek.log
transportation,Austin,path,copt-cpu,5177732.71429,5438762.784,0.047994384031219486,False,0,8026.242,transportation_logs/transportation__Austin__path__copt-cpu.log
transportation,Austin,path,copt-gpu,5177732.71429,5438762.784,0.047994384031219486,False,0,7695.495,transportation_logs/transportation__Austin__path__copt-gpu.log
transportation,Austin,path,cuopt,5177732.71429,5438762.784,0.047994384031219486,False,0,20.317,transportation_logs/transportation__Austin__path__cuopt.log
transportation,Austin,path,highs,5177732.71429,5438762.784,0.047994384031219486,False,0,9205.389,logs/transportation__Austin__path__highs.log
transportation,Austin,path,mosek,5177732.71429,5438762.784,0.047994384031219486,False,0,7669.113,transportation_logs/transportation__Austin__path__mosek.log
transportation,Austin,tree,copt-cpu,5438762.784057,5438762.784,1.0480276084457213e-11,True,1,558.541,transportation_logs/transportation__Austin__tree__copt-cpu.log
transportation,Austin,tree,copt-gpu,5438762.785626,5438762.784,2.98965017024626e-10,True,1,481.554,transportation_logs/transportation__Austin__tree__copt-gpu.log
transportation,Austin,tree,cuopt,5438773.376318,5438762.784,1.947560211935126e-06,True,1,869.761,transportation_logs/transportation__Austin__tree__cuopt.log
transportation,Austin,tree,highs,5438762.784802,5438762.784,1.4746001711755255e-10,True,1,4517.554,logs/transportation__Austin__tree__highs.log
transportation,Austin,tree,mosek,5438759.667667,5438762.784,5.729856447370145e-07,True,1,1149.345,transportation_logs/transportation__Austin__tree__mosek.log
transportation,Barcelona,path,copt-cpu,243.505728,243.506,1.1170155971326663e-06,True,1,2.943,transportation_logs/transportation__Barcelona__path__copt-cpu.log
transportation,Barcelona,path,copt-gpu,243.505729,243.506,1.1129089221535067e-06,True,1,3.310,transportation_logs/transportation__Barcelona__path__copt-gpu.log
transportation,Barcelona,path,cuopt,243.50578,243.506,9.034684977494912e-07,True,1,23.621,transportation_logs/transportation__Barcelona__path__cuopt.log
transportation,Barcelona,path,highs,243.505729,243.506,1.1129089221535067e-06,True,1,33.157,logs/transportation__Barcelona__path__highs.log
transportation,Barcelona,path,mosek,243.505738,243.506,1.0759488472243513e-06,True,1,4.376,transportation_logs/transportation__Barcelona__path__mosek.log
transportation,Barcelona,tree,copt-cpu,243.518708,243.506,5.21876257669359e-05,True,1,0.801,transportation_logs/transportation__Barcelona__tree__copt-cpu.log
transportation,Barcelona,tree,copt-gpu,243.518306,243.506,5.0536742421111864e-05,True,1,2.845,transportation_logs/transportation__Barcelona__tree__copt-gpu.log
transportation,Barcelona,tree,cuopt,243.517271,243.506,4.628633380694353e-05,True,1,3.263,transportation_logs/transportation__Barcelona__tree__cuopt.log
transportation,Barcelona,tree,highs,243.518278,243.506,5.042175552146196e-05,True,1,2.530,logs/transportation__Barcelona__tree__highs.log
transportation,Barcelona,tree,mosek,243.520255,243.506,5.85406519756863e-05,True,1,0.695,transportation_logs/transportation__Barcelona__tree__mosek.log
transportation,BerlinCenter,path,copt-cpu,27529165.474473,27529204.544,1.4192029027843466e-06,True,1,19.628,transportation_logs/transportation__BerlinCenter__path__copt-cpu.log
transportation,BerlinCenter,path,copt-gpu,27529166.568234,27529204.544,1.3794719690759612e-06,True,1,10.036,transportation_logs/transportation__BerlinCenter__path__copt-gpu.log
transportation,BerlinCenter,path,cuopt,27529537.219713,27529204.544,1.2084465152897535e-05,True,1,20.597,transportation_logs/transportation__BerlinCenter__path__cuopt.log
transportation,BerlinCenter,path,highs,27529165.49244,27529204.544,1.4185502504138446e-06,True,1,665.489,logs/transportation__BerlinCenter__path__highs.log
transportation,BerlinCenter,path,mosek,27529222.628204,27529204.544,6.569097908581236e-07,True,1,22.055,transportation_logs/transportation__BerlinCenter__path__mosek.log
transportation,BerlinCenter,tree,copt-cpu,27529260.762591,27529204.544,2.042143677309326e-06,True,1,11.636,transportation_logs/transportation__BerlinCenter__tree__copt-cpu.log
transportation,BerlinCenter,tree,copt-gpu,27529346.932522,27529204.544,5.1722715696903176e-06,True,1,11.130,transportation_logs/transportation__BerlinCenter__tree__copt-gpu.log
transportation,BerlinCenter,tree,cuopt,27529474.773706,27529204.544,9.816110217373984e-06,True,1,34.397,transportation_logs/transportation__BerlinCenter__tree__cuopt.log
transportation,BerlinCenter,tree,highs,27529288.099156,27529204.544,3.0351460343291827e-06,True,1,45.897,logs/transportation__BerlinCenter__tree__highs.log
transportation,BerlinCenter,tree,mosek,27529288.903213,27529204.544,3.0643534529737147e-06,True,1,14.444,transportation_logs/transportation__BerlinCenter__tree__mosek.log
transportation,Birmingham,path,copt-cpu,215648.284018,215645.118,1.4681612221882457e-05,True,1,2094.857,transportation_logs/transportation__Birmingham__path__copt-cpu.log
transportation,Birmingham,path,copt-gpu,215647.137738,215645.118,9.366027011113184e-06,True,1,719.171,transportation_logs/transportation__Birmingham__path__copt-gpu.log
transportation,Birmingham,path,cuopt,215650.165974,215645.118,2.3408709860130146e-05,True,1,936.783,transportation_logs/transportation__Birmingham__path__cuopt.log
transportation,Birmingham,path,highs,210082.148978,215645.118,0.025796869753387953,False,0,9204.891,logs/transportation__Birmingham__path__highs.log
transportation,Birmingham,path,mosek,215647.733876,215645.118,1.2130467057572385e-05,True,1,1569.187,transportation_logs/transportation__Birmingham__path__mosek.log
transportation,Birmingham,tree,copt-cpu,215644.847781,215645.118,1.253072652440842e-06,True,1,187.538,transportation_logs/transportation__Birmingham__tree__copt-cpu.log
transportation,Birmingham,tree,copt-gpu,215645.063172,215645.118,2.542510607311527e-07,True,1,445.487,transportation_logs/transportation__Birmingham__tree__copt-gpu.log
transportation,Birmingham,tree,cuopt,215645.07838,215645.118,1.8372778555515831e-07,True,1,159.499,transportation_logs/transportation__Birmingham__tree__cuopt.log
transportation,Birmingham,tree,highs,215645.006966,215645.118,5.148922499668278e-07,True,1,2398.158,logs/transportation__Birmingham__tree__highs.log
transportation,Birmingham,tree,mosek,215645.270622,215645.118,7.077461406905441e-07,True,1,564.827,transportation_logs/transportation__Birmingham__tree__mosek.log
transportation,ChicagoRegional,path,copt-cpu,5513154.819285,5513077.944,1.394416799118068e-05,True,1,4211.298,transportation_logs/transportation__ChicagoRegional__path__copt-cpu.log
transportation,ChicagoRegional,path,copt-gpu,5513154.609798,5513077.944,1.3906169798215358e-05,True,1,2847.798,transportation_logs/transportation__ChicagoRegional__path__copt-gpu.log
transportation,ChicagoRegional,path,cuopt,5498380.680423,5513077.944,0.002665890764884901,False,0,752.023,transportation_logs/transportation__ChicagoRegional__path__cuopt.log
transportation,ChicagoRegional,path,highs,5498380.680423,5513077.944,0.002665890764884901,False,0,7291.586,logs/transportation__ChicagoRegional__path__highs.log
transportation,ChicagoRegional,path,mosek,5513428.386525,5513077.944,6.356567575499372e-05,True,1,4967.389,transportation_logs/transportation__ChicagoRegional__path__mosek.log
transportation,ChicagoRegional,tree,copt-cpu,5513156.28464,5513077.944,1.4209964160823707e-05,True,1,97.290,transportation_logs/transportation__ChicagoRegional__tree__copt-cpu.log
transportation,ChicagoRegional,tree,copt-gpu,5513156.281053,5513077.944,1.4209313526076941e-05,True,1,78.281,transportation_logs/transportation__ChicagoRegional__tree__copt-gpu.log
transportation,ChicagoRegional,tree,cuopt,5513179.649731,5513077.944,1.8448085086572818e-05,True,1,99.691,transportation_logs/transportation__ChicagoRegional__tree__cuopt.log
transportation,ChicagoRegional,tree,highs,5513156.28551,5513077.944,1.4210121967342775e-05,True,1,698.167,logs/transportation__ChicagoRegional__tree__highs.log
transportation,ChicagoRegional,tree,mosek,5513158.372114,5513077.944,1.4588604553887755e-05,True,1,151.790,transportation_logs/transportation__ChicagoRegional__tree__mosek.log
transportation,ChicagoSketch,path,copt-cpu,6705856.174016,6705856.428,3.787495352171879e-08,True,1,2.963,transportation_logs/transportation__ChicagoSketch__path__copt-cpu.log
transportation,ChicagoSketch,path,copt-gpu,6705856.174016,6705856.428,3.787495352171879e-08,True,1,2.837,transportation_logs/transportation__ChicagoSketch__path__copt-gpu.log
transportation,ChicagoSketch,path,cuopt,6705866.241735,6705856.428,1.4634573682313024e-06,True,1,4.539,transportation_logs/transportation__ChicagoSketch__path__cuopt.log
transportation,ChicagoSketch,path,highs,6705856.188737,6705856.428,3.567970810823041e-08,True,1,44.306,logs/transportation__ChicagoSketch__path__highs.log
transportation,ChicagoSketch,path,mosek,6705893.153591,6705856.428,5.476644391891861e-06,True,1,5.559,transportation_logs/transportation__ChicagoSketch__path__mosek.log
transportation,ChicagoSketch,tree,copt-cpu,6705940.401858,6705856.428,1.2522465832872627e-05,True,1,0.423,transportation_logs/transportation__ChicagoSketch__tree__copt-cpu.log
transportation,ChicagoSketch,tree,copt-gpu,6705868.864438,6705856.428,1.8545637135775627e-06,True,1,1.323,transportation_logs/transportation__ChicagoSketch__tree__copt-gpu.log
transportation,ChicagoSketch,tree,cuopt,6705942.81677,6705856.428,1.2882585681280825e-05,True,1,1.417,transportation_logs/transportation__ChicagoSketch__tree__cuopt.log
transportation,ChicagoSketch,tree,highs,6705868.821539,6705856.428,1.8481664694792105e-06,True,1,1.077,logs/transportation__ChicagoSketch__tree__highs.log
transportation,ChicagoSketch,tree,mosek,6705943.135379,6705856.428,1.2930097733271974e-05,True,1,0.412,transportation_logs/transportation__ChicagoSketch__tree__mosek.log
transportation,Philadelphia,path,copt-cpu,25095130.011093,25577590.145,0.018862611026758937,False,0,9609.159,transportation_logs/transportation__Philadelphia__path__copt-cpu.log
transportation,Philadelphia,path,copt-gpu,25095130.011093,25577590.145,0.018862611026758937,False,0,9231.039,transportation_logs/transportation__Philadelphia__path__copt-gpu.log
transportation,Philadelphia,path,cuopt,25206423.400861,25577590.145,0.014511404007760199,False,0,1327.857,transportation_logs/transportation__Philadelphia__path__cuopt.log
transportation,Philadelphia,path,highs,25095130.011093,25577590.145,0.018862611026758937,False,0,7505.695,logs/transportation__Philadelphia__path__highs.log
transportation,Philadelphia,path,mosek,25577477.941008,25577590.145,4.3868085836820356e-06,True,1,7002.575,transportation_logs/transportation__Philadelphia__path__mosek.log
transportation,Philadelphia,tree,copt-cpu,25577477.87915,25577590.145,4.389227028959552e-06,True,1,425.345,transportation_logs/transportation__Philadelphia__tree__copt-cpu.log
transportation,Philadelphia,tree,copt-gpu,25577477.81506,25577590.145,4.391732737989978e-06,True,1,1535.428,transportation_logs/transportation__Philadelphia__tree__copt-gpu.log
transportation,Philadelphia,tree,cuopt,25577539.753665,25577590.145,1.9701361509697727e-06,True,1,630.070,transportation_logs/transportation__Philadelphia__tree__cuopt.log
transportation,Philadelphia,tree,highs,25577477.848296,25577590.145,4.390433319221498e-06,True,1,4322.020,logs/transportation__Philadelphia__tree__highs.log
transportation,Philadelphia,tree,mosek,25577485.437267,25577590.145,4.093729409387042e-06,True,1,1006.443,transportation_logs/transportation__Philadelphia__tree__mosek.log
transportation,Sydney,path,copt-cpu,4954230.515355,4968208.895,0.0028135651983287394,False,0,10315.336,transportation_logs/transportation__Sydney__path__copt-cpu.log
transportation,Sydney,path,copt-gpu,4968165.261121,4968208.895,8.782617623687845e-06,True,1,6562.953,transportation_logs/transportation__Sydney__path__copt-gpu.log
transportation,Sydney,path,cuopt,-inf,4968208.895,inf,False,0,16.853,transportation_logs/transportation__Sydney__path__cuopt.log
transportation,Sydney,path,highs,4954230.515355,4968208.895,0.0028135651983287394,False,0,7517.052,logs/transportation__Sydney__path__highs.log
transportation,Sydney,path,mosek,,4968208.895,,,,,transportation_logs/transportation__Sydney__path__mosek.log (no result row)
transportation,Sydney,tree,copt-cpu,4968208.895143,4968208.895,2.87831810344819e-11,True,1,73.629,transportation_logs/transportation__Sydney__tree__copt-cpu.log
transportation,Sydney,tree,copt-gpu,4968208.87738,4968208.895,3.5465495710803565e-09,True,1,66.319,transportation_logs/transportation__Sydney__tree__copt-gpu.log
transportation,Sydney,tree,cuopt,4968212.189364,4968208.895,6.630888656847856e-07,True,1,63.257,transportation_logs/transportation__Sydney__tree__cuopt.log
transportation,Sydney,tree,highs,4968208.862215,4968208.895,6.598957499797965e-09,True,1,254.525,logs/transportation__Sydney__tree__highs.log
transportation,Sydney,tree,mosek,4968210.66667,4968208.895,3.566013503197589e-07,True,1,75.545,transportation_logs/transportation__Sydney__tree__mosek.log
transportation,Winnipeg,path,copt-cpu,420.161993,420.162,1.6660240531810822e-08,True,1,2.217,transportation_logs/transportation__Winnipeg__path__copt-cpu.log
transportation,Winnipeg,path,copt-gpu,420.161826,420.162,4.1412597988060837e-07,True,1,2.135,transportation_logs/transportation__Winnipeg__path__copt-gpu.log
transportation,Winnipeg,path,cuopt,420.162006,420.162,1.4280206305412854e-08,True,1,2.513,transportation_logs/transportation__Winnipeg__path__cuopt.log
transportation,Winnipeg,path,highs,420.161993,420.162,1.6660240531810822e-08,True,1,27.228,logs/transportation__Winnipeg__path__highs.log
transportation,Winnipeg,path,mosek,420.162082,420.162,1.9516281819951254e-07,True,1,2.294,transportation_logs/transportation__Winnipeg__path__mosek.log
transportation,Winnipeg,tree,copt-cpu,420.170547,420.162,2.0342153740750947e-05,True,1,1.162,transportation_logs/transportation__Winnipeg__tree__copt-cpu.log
transportation,Winnipeg,tree,copt-gpu,420.166183,420.162,9.95568376010162e-06,True,1,3.326,transportation_logs/transportation__Winnipeg__tree__copt-gpu.log
transportation,Winnipeg,tree,cuopt,420.169011,420.162,1.6686420951999643e-05,True,1,3.325,transportation_logs/transportation__Winnipeg__tree__cuopt.log
transportation,Winnipeg,tree,highs,420.169345,420.162,1.7481352430832528e-05,True,1,3.977,logs/transportation__Winnipeg__tree__highs.log
transportation,Winnipeg,tree,mosek,420.168207,420.162,1.477287332033267e-05,True,1,1.022,transportation_logs/transportation__Winnipeg__tree__mosek.log
