instance,solver,gpu,outcome,probe_iters,mem_gb,vram_gb,time_wall,status,detail
Austin,copt-cpu,cpu,ok,3,41.262,,1106.041,Status: IterLimit,
Austin,copt-gpu,gpu,error,3,28.252,0.244,748.975,,"peak at failure, not at completion (rc=0)"
Austin,cuopt,gpu,error,3,21.828,14.723,119.555,,"peak at failure, not at completion (rc=0)"
Austin,highs,cpu,error,3,24.597,,1428.184,Model status        : Not Set,"peak at failure, not at completion (rc=255)"
Austin,mosek,cpu,error,3,104.793,,423.407,,"peak at failure, not at completion (rc=137)"
Barcelona,copt-cpu,cpu,ok,3,0.655,,4.725,Status: IterLimit,
Barcelona,copt-gpu,gpu,ok,3,0.802,0.469,4.225,Status: IterLimit,
Barcelona,cuopt,gpu,ok,3,1.068,1.225,4.704,,
Barcelona,highs,cpu,ok,3,1.675,,91.326,Model status        : Iteration limit reached,
Barcelona,mosek,cpu,ok,3,1.747,,7.522,Interior-point solution summary,
BerlinCenter,copt-cpu,cpu,ok,3,51.03,,1772.011,Status: IterLimit,
BerlinCenter,copt-gpu,gpu,error,3,31.471,0.244,1116.098,,"peak at failure, not at completion (rc=0)"
BerlinCenter,cuopt,gpu,error,3,24.23,14.723,145.926,,"peak at failure, not at completion (rc=0)"
BerlinCenter,highs,cpu,error,3,29.098,,1445.402,Model status        : Not Set,"peak at failure, not at completion (rc=255)"
BerlinCenter,mosek,cpu,error,3,104.792,,262.352,,"peak at failure, not at completion (rc=137)"
Birmingham,copt-cpu,cpu,ok,3,67.389,,2297.038,Status: IterLimit,
Birmingham,copt-gpu,gpu,error,3,39.818,0.244,1253.478,,"peak at failure, not at completion (rc=0)"
Birmingham,cuopt,gpu,error,3,31.092,14.723,183.919,,"peak at failure, not at completion (rc=0)"
Birmingham,highs,cpu,error,3,35.841,,2016.580,Model status        : Not Set,"peak at failure, not at completion (rc=255)"
Birmingham,mosek,cpu,error,3,104.793,,348.596,,"peak at failure, not at completion (rc=137)"
ChicagoRegional,copt-cpu,cpu,error,3,104.798,,3750.443,,"peak at failure, not at completion (rc=137)"
ChicagoRegional,copt-gpu,gpu,error,3,76.874,0.244,2244.507,,"peak at failure, not at completion (rc=137)"
ChicagoRegional,cuopt,gpu,ok,3,31.036,14.721,274.643,,
ChicagoRegional,highs,cpu,timeout,3,,,7207.291,,unmeasured (rc=-1)
ChicagoRegional,mosek,cpu,error,3,104.793,,602.832,,"peak at failure, not at completion (rc=137)"
ChicagoSketch,copt-cpu,cpu,ok,3,1.677,,17.698,Status: IterLimit,
ChicagoSketch,copt-gpu,gpu,ok,3,1.647,0.777,15.630,Status: IterLimit,
ChicagoSketch,cuopt,gpu,ok,3,1.924,2.725,17.950,,
ChicagoSketch,highs,cpu,ok,3,5.489,,174.581,Model status        : Iteration limit reached,
ChicagoSketch,mosek,cpu,ok,3,2.214,,14.694,Interior-point solution summary,
Philadelphia,copt-cpu,cpu,error,3,104.799,,1929.079,,"peak at failure, not at completion (rc=137)"
Philadelphia,copt-gpu,gpu,error,3,78.397,0.244,841.734,,"peak at failure, not at completion (rc=137)"
Philadelphia,cuopt,gpu,ok,3,27.134,14.721,234.930,,
Philadelphia,highs,cpu,error,3,76.376,,4315.463,Model status        : Not Set,"peak at failure, not at completion (rc=255)"
Philadelphia,mosek,cpu,error,3,104.795,,502.400,,"peak at failure, not at completion (rc=137)"
Winnipeg,copt-cpu,cpu,ok,3,0.864,,6.411,Status: IterLimit,
Winnipeg,copt-gpu,gpu,ok,3,0.985,0.504,5.719,Status: IterLimit,
Winnipeg,cuopt,gpu,ok,3,1.191,1.287,5.780,,
Winnipeg,highs,cpu,ok,3,1.425,,57.844,Model status        : Iteration limit reached,
Winnipeg,mosek,cpu,ok,3,2.095,,8.984,Interior-point solution summary,
grid1,copt-cpu,cpu,ok,3,0.016,,0.608,Status: IterLimit,
grid1,copt-gpu,gpu,ok,3,0.415,0.221,1.078,Status: IterLimit,
grid1,cuopt,gpu,ok,3,0.572,0.41,0.729,,
grid1,highs,cpu,ok,3,0.016,,0.100,Model status        : Iteration limit reached,
grid1,mosek,cpu,ok,3,0.022,,0.056,Interior-point solution summary,
grid10,copt-cpu,cpu,ok,3,2.597,,19.331,Status: IterLimit,
grid10,copt-gpu,gpu,ok,3,2.291,1.266,15.767,Status: IterLimit,
grid10,cuopt,gpu,ok,3,2.42,4.85,34.385,,
grid10,highs,cpu,ok,3,17.21,,229.028,Model status        : Iteration limit reached,
grid10,mosek,cpu,ok,3,3.085,,20.387,Interior-point solution summary,
grid11,copt-cpu,cpu,ok,3,2.638,,20.847,Status: IterLimit,
grid11,copt-gpu,gpu,ok,3,2.361,1.299,16.609,Status: IterLimit,
grid11,cuopt,gpu,ok,3,2.506,5.068,37.117,,
grid11,highs,cpu,ok,3,18.565,,211.566,Model status        : Iteration limit reached,
grid11,mosek,cpu,ok,3,3.214,,21.714,Interior-point solution summary,
grid12,copt-cpu,cpu,ok,3,5.588,,51.101,Status: IterLimit,
grid12,copt-gpu,gpu,ok,3,4.537,2.811,38.774,Status: IterLimit,
grid12,cuopt,gpu,ok,3,4.499,5.881,33.341,,
grid12,highs,cpu,ok,3,48.904,,577.554,Model status        : Iteration limit reached,
grid12,mosek,cpu,ok,3,6.368,,47.908,Interior-point solution summary,
grid13,copt-cpu,cpu,ok,3,5.626,,50.971,Status: IterLimit,
grid13,copt-gpu,gpu,ok,3,4.598,2.818,38.058,Status: IterLimit,
grid13,cuopt,gpu,ok,3,4.534,5.881,31.494,,
grid13,highs,cpu,ok,3,49.775,,531.115,Model status        : Iteration limit reached,
grid13,mosek,cpu,ok,3,6.443,,47.657,Interior-point solution summary,
grid14,copt-cpu,cpu,ok,3,10.751,,111.833,Status: IterLimit,
grid14,copt-gpu,gpu,ok,3,8.199,5.506,83.497,Status: IterLimit,
grid14,cuopt,gpu,ok,3,7.881,11.287,88.239,,
grid14,highs,cpu,error,3,104.8,,223.083,,"peak at failure, not at completion (rc=137)"
grid14,mosek,cpu,ok,3,12.652,,107.458,Interior-point solution summary,
grid15,copt-cpu,cpu,ok,3,10.753,,113.726,Status: IterLimit,
grid15,copt-gpu,gpu,ok,3,8.2,5.506,83.349,Status: IterLimit,
grid15,cuopt,gpu,ok,3,7.876,11.287,88.036,,
grid15,highs,cpu,error,3,104.799,,221.359,,"peak at failure, not at completion (rc=137)"
grid15,mosek,cpu,ok,3,12.671,,104.536,Interior-point solution summary,
grid2,copt-cpu,cpu,ok,3,0.017,,0.616,Status: IterLimit,
grid2,copt-gpu,gpu,ok,3,0.415,0.219,1.087,Status: IterLimit,
grid2,cuopt,gpu,ok,3,0.587,0.41,0.724,,
grid2,highs,cpu,ok,3,0.018,,0.116,Model status        : Iteration limit reached,
grid2,mosek,cpu,ok,3,0.02,,0.057,Interior-point solution summary,
grid3,copt-cpu,cpu,ok,3,0.057,,0.779,Status: IterLimit,
grid3,copt-gpu,gpu,ok,3,0.437,0.244,1.209,Status: IterLimit,
grid3,cuopt,gpu,ok,3,0.626,0.41,0.828,,
grid3,highs,cpu,ok,3,0.078,,0.676,Model status        : Iteration limit reached,
grid3,mosek,cpu,ok,3,0.061,,0.248,Interior-point solution summary,
grid4,copt-cpu,cpu,ok,3,0.076,,0.873,Status: IterLimit,
grid4,copt-gpu,gpu,ok,3,0.44,0.244,1.250,Status: IterLimit,
grid4,cuopt,gpu,ok,3,0.634,0.41,0.879,,
grid4,highs,cpu,ok,3,0.112,,1.045,Model status        : Iteration limit reached,
grid4,mosek,cpu,ok,3,0.093,,0.400,Interior-point solution summary,
grid5,copt-cpu,cpu,ok,3,0.197,,1.409,Status: IterLimit,
grid5,copt-gpu,gpu,ok,3,0.477,0.287,3.376,Status: IterLimit,
grid5,cuopt,gpu,ok,3,0.836,0.537,1.562,,
grid5,highs,cpu,ok,3,0.39,,6.553,Model status        : Iteration limit reached,
grid5,mosek,cpu,ok,3,0.318,,1.297,Interior-point solution summary,
grid6,copt-cpu,cpu,ok,3,0.245,,1.813,Status: IterLimit,
grid6,copt-gpu,gpu,ok,3,0.53,0.307,3.044,Status: IterLimit,
grid6,cuopt,gpu,ok,3,0.89,0.662,2.171,,
grid6,highs,cpu,ok,3,0.684,,11.781,Model status        : Iteration limit reached,
grid6,mosek,cpu,ok,3,0.545,,1.961,Interior-point solution summary,
grid7,copt-cpu,cpu,ok,3,0.806,,4.819,Status: IterLimit,
grid7,copt-gpu,gpu,ok,3,0.953,0.486,4.222,Status: IterLimit,
grid7,cuopt,gpu,ok,3,1.168,1.6,6.467,,
grid7,highs,cpu,ok,3,3.26,,68.433,Model status        : Iteration limit reached,
grid7,mosek,cpu,ok,3,1.848,,7.056,Interior-point solution summary,
grid8,copt-cpu,cpu,ok,3,1.61,,12.900,Status: IterLimit,
grid8,copt-gpu,gpu,ok,3,1.512,0.861,10.492,Status: IterLimit,
grid8,cuopt,gpu,ok,3,1.751,3.631,23.358,,
grid8,highs,cpu,ok,3,10.194,,138.912,Model status        : Iteration limit reached,
grid8,mosek,cpu,ok,3,1.821,,30.765,Interior-point solution summary,
grid9,copt-cpu,cpu,ok,3,2.14,,17.576,Status: IterLimit,
grid9,copt-gpu,gpu,ok,3,1.965,1.107,13.578,Status: IterLimit,
grid9,cuopt,gpu,ok,3,2.085,3.787,23.279,,
grid9,highs,cpu,ok,3,13.749,,182.363,Model status        : Iteration limit reached,
grid9,mosek,cpu,ok,3,2.726,,16.608,Interior-point solution summary,
planar100,copt-cpu,cpu,ok,3,0.145,,1.055,Status: IterLimit,
planar100,copt-gpu,gpu,ok,3,0.472,0.268,1.453,Status: IterLimit,
planar100,cuopt,gpu,ok,3,0.665,0.475,1.242,,
planar100,highs,cpu,ok,3,0.261,,3.607,Model status        : Iteration limit reached,
planar100,mosek,cpu,ok,3,0.236,,0.811,Interior-point solution summary,
planar1000,copt-cpu,cpu,ok,3,8.039,,90.607,Status: IterLimit,
planar1000,copt-gpu,gpu,ok,3,6.732,3.502,79.874,Status: IterLimit,
planar1000,cuopt,gpu,ok,3,7.16,10.1,70.412,,
planar1000,highs,cpu,ok,3,36.382,,1276.972,Model status        : Iteration limit reached,
planar1000,mosek,cpu,ok,3,24.313,,114.008,Interior-point solution summary,
planar150,copt-cpu,cpu,ok,3,0.262,,1.793,Status: IterLimit,
planar150,copt-gpu,gpu,ok,3,0.57,0.305,2.068,Status: IterLimit,
planar150,cuopt,gpu,ok,3,0.74,0.6,1.766,,
planar150,highs,cpu,ok,3,0.759,,17.145,Model status        : Iteration limit reached,
planar150,mosek,cpu,ok,3,0.529,,2.166,Interior-point solution summary,
planar2500,copt-cpu,cpu,ok,3,54.25,,937.280,Status: IterLimit,
planar2500,copt-gpu,gpu,error,3,40.54,0.244,442.720,,"peak at failure, not at completion (rc=0)"
planar2500,cuopt,gpu,ok,3,16.671,14.723,128.400,,
planar2500,highs,cpu,error,3,41.281,,2745.349,Model status        : Not Set,"peak at failure, not at completion (rc=255)"
planar2500,mosek,cpu,error,3,104.793,,261.855,,"peak at failure, not at completion (rc=137)"
planar30,copt-cpu,cpu,ok,3,0.022,,0.615,Status: IterLimit,
planar30,copt-gpu,gpu,ok,3,0.419,0.219,1.084,Status: IterLimit,
planar30,cuopt,gpu,ok,3,0.602,0.41,0.746,,
planar30,highs,cpu,ok,3,0.023,,0.189,Model status        : Iteration limit reached,
planar30,mosek,cpu,ok,3,0.025,,0.075,Interior-point solution summary,
planar300,copt-cpu,cpu,ok,3,0.971,,5.948,Status: IterLimit,
planar300,copt-gpu,gpu,ok,3,1.149,0.488,5.368,Status: IterLimit,
planar300,cuopt,gpu,ok,3,1.289,1.381,6.089,,
planar300,highs,cpu,ok,3,2.045,,62.074,Model status        : Iteration limit reached,
planar300,mosek,cpu,ok,3,2.351,,10.537,Interior-point solution summary,
planar50,copt-cpu,cpu,ok,3,0.04,,0.698,Status: IterLimit,
planar50,copt-gpu,gpu,ok,3,0.434,0.248,1.167,Status: IterLimit,
planar50,cuopt,gpu,ok,3,0.612,0.41,0.816,,
planar50,highs,cpu,ok,3,0.05,,0.525,Model status        : Iteration limit reached,
planar50,mosek,cpu,ok,3,0.041,,0.173,Interior-point solution summary,
planar500,copt-cpu,cpu,ok,3,2.237,,19.820,Status: IterLimit,
planar500,copt-gpu,gpu,ok,3,2.145,1.047,17.129,Status: IterLimit,
planar500,cuopt,gpu,ok,3,2.307,3.506,18.760,,
planar500,highs,cpu,ok,3,9.649,,214.564,Model status        : Iteration limit reached,
planar500,mosek,cpu,ok,3,2.851,,20.333,Interior-point solution summary,
planar80,copt-cpu,cpu,ok,3,0.104,,0.901,Status: IterLimit,
planar80,copt-gpu,gpu,ok,3,0.453,0.264,1.301,Status: IterLimit,
planar80,cuopt,gpu,ok,3,0.645,0.443,1.104,,
planar80,highs,cpu,ok,3,0.169,,2.225,Model status        : Iteration limit reached,
planar80,mosek,cpu,ok,3,0.104,,0.488,Interior-point solution summary,
planar800,copt-cpu,cpu,ok,3,5.438,,59.514,Status: IterLimit,
planar800,copt-gpu,gpu,ok,3,4.595,2.441,49.597,Status: IterLimit,
planar800,cuopt,gpu,ok,3,4.993,6.881,43.835,,
planar800,highs,cpu,ok,3,31.351,,667.011,Model status        : Iteration limit reached,
planar800,mosek,cpu,ok,3,6.545,,55.046,Interior-point solution summary,
