sweep,family,instance,formulation,solver,arm,rep,commodities,sources,per_source,iterations,columns,objective,lower_bound,optimal,exit,t_tot,t_lp,t_pr,t_sp,bounded_enabled,cut,priced,cut_rate_pct,per_price_us
gridplanar_path_tree,grid,grid1,path,copt-gpu,off,rep1,50,23,2.1739130434782608,9,88,827319.000001,827318.077,1,gap,1.582,1.579,0.002,0.0,0,0,322,0.0,6.211180124223603
gridplanar_path_tree,grid,grid1,path,copt-gpu,off,rep2,50,23,2.1739130434782608,9,88,827319.000001,827318.077,1,gap,1.578,1.574,0.002,0.0,0,0,322,0.0,6.211180124223603
gridplanar_path_tree,grid,grid1,path,copt-gpu,off,rep3,50,23,2.1739130434782608,9,88,827319.000001,827318.077,1,gap,1.599,1.596,0.003,0.0,0,0,322,0.0,9.316770186335404
gridplanar_path_tree,grid,grid1,path,copt-gpu,on,rep1,50,23,2.1739130434782608,9,88,827319.000001,827318.608983,1,gap,1.695,1.688,0.006,0.0,1,277,322,86.0248447204969,18.633540372670808
gridplanar_path_tree,grid,grid1,path,copt-gpu,on,rep2,50,23,2.1739130434782608,9,88,827319.000001,827318.608983,1,gap,1.636,1.633,0.002,0.0,1,277,322,86.0248447204969,6.211180124223603
gridplanar_path_tree,grid,grid1,path,copt-gpu,on,rep3,50,23,2.1739130434782608,9,88,827319.000001,827318.608983,1,gap,1.611,1.608,0.002,0.0,1,277,322,86.0248447204969,6.211180124223603
gridplanar_path_tree,grid,grid1,tree,copt-gpu,off,rep1,50,23,2.1739130434782608,11,61,827319.0,827318.077,1,gap,1.83,1.826,0.003,0.0,0,0,391,0.0,7.672634271099744
gridplanar_path_tree,grid,grid1,tree,copt-gpu,off,rep2,50,23,2.1739130434782608,11,61,827319.0,827318.077,1,gap,1.864,1.86,0.003,0.0,0,0,391,0.0,7.672634271099744
gridplanar_path_tree,grid,grid1,tree,copt-gpu,off,rep3,50,23,2.1739130434782608,11,61,827319.0,827318.077,1,gap,1.882,1.877,0.003,0.0,0,0,391,0.0,7.672634271099744
gridplanar_path_tree,grid,grid1,tree,copt-gpu,on,rep1,50,23,2.1739130434782608,11,61,827319.0,827318.608983,1,gap,1.931,1.926,0.003,0.0,1,330,391,84.39897698209718,7.672634271099744
gridplanar_path_tree,grid,grid1,tree,copt-gpu,on,rep2,50,23,2.1739130434782608,11,61,827319.0,827318.608983,1,gap,1.852,1.848,0.003,0.0,1,330,391,84.39897698209718,7.672634271099744
gridplanar_path_tree,grid,grid1,tree,copt-gpu,on,rep3,50,23,2.1739130434782608,11,61,827319.0,827318.608983,1,gap,1.89,1.886,0.003,0.0,1,330,391,84.39897698209718,7.672634271099744
gridplanar_path_tree,grid,grid10,path,copt-gpu,off,rep1,2000,593,3.372681281618887,17,6888,164110907.598499,164109975.782375,1,gap,5.733,5.638,0.053,0.007,0,0,12453,0.0,4.256002569661929
gridplanar_path_tree,grid,grid10,path,copt-gpu,off,rep2,2000,593,3.372681281618887,17,6836,164110898.273265,164110582.822429,1,gap,5.805,5.707,0.057,0.007,0,0,12453,0.0,4.577210310768489
gridplanar_path_tree,grid,grid10,path,copt-gpu,off,rep3,2000,593,3.372681281618887,17,6845,164110897.954965,164110708.91312,1,gap,5.655,5.562,0.052,0.006,0,0,13046,0.0,3.9858960600950484
gridplanar_path_tree,grid,grid10,path,copt-gpu,on,rep1,2000,593,3.372681281618887,17,6765,164110897.870578,164110763.549373,1,gap,5.665,5.581,0.043,0.006,1,6833,12453,54.870312374528226,3.452983216895527
gridplanar_path_tree,grid,grid10,path,copt-gpu,on,rep2,2000,593,3.372681281618887,17,6836,164110898.273312,164110656.820211,1,gap,5.671,5.576,0.055,0.006,1,6787,12453,54.50092347225568,4.416606440215209
gridplanar_path_tree,grid,grid10,path,copt-gpu,on,rep3,2000,593,3.372681281618887,17,6790,164110897.666668,164110652.232337,1,gap,5.87,5.783,0.046,0.006,1,6784,12453,54.476832891672686,3.6938890227254477
gridplanar_path_tree,grid,grid10,tree,copt-gpu,off,rep1,2000,593,3.372681281618887,25,4038,164112460.054112,164101380.391795,1,gap,7.42,7.285,0.075,0.011,0,0,18383,0.0,4.079856389055105
gridplanar_path_tree,grid,grid10,tree,copt-gpu,off,rep2,2000,593,3.372681281618887,29,3552,164110884.314998,164110680.497979,1,gap,8.808,8.652,0.081,0.015,0,0,20755,0.0,3.902674054444712
gridplanar_path_tree,grid,grid10,tree,copt-gpu,off,rep3,2000,593,3.372681281618887,30,3414,164110891.417165,164110685.665998,1,gap,9.121,8.957,0.086,0.014,0,0,21348,0.0,4.028480419711449
gridplanar_path_tree,grid,grid10,tree,copt-gpu,on,rep1,2000,593,3.372681281618887,30,3488,164110884.626236,164110765.827017,1,gap,9.159,9.013,0.069,0.014,1,10254,21348,48.032602585722316,3.232152894884767
gridplanar_path_tree,grid,grid10,tree,copt-gpu,on,rep2,2000,593,3.372681281618887,29,3717,164110910.218594,164110704.358172,1,gap,8.83,8.686,0.07,0.014,1,9583,20755,46.172006745362566,3.372681281618887
gridplanar_path_tree,grid,grid10,tree,copt-gpu,on,rep3,2000,593,3.372681281618887,27,3727,164111095.84847,164108744.893945,1,gap,8.281,8.138,0.066,0.012,1,8812,19569,45.03040523276611,3.372681281618887
gridplanar_path_tree,grid,grid11,path,copt-gpu,off,rep1,4000,625,6.4,16,9219,329258288.241195,329257909.729995,1,gap,5.548,5.42,0.062,0.017,0,0,12500,0.0,4.96
gridplanar_path_tree,grid,grid11,path,copt-gpu,off,rep2,4000,625,6.4,16,9250,329258288.241195,329257909.729995,1,gap,5.555,5.428,0.061,0.018,0,0,12500,0.0,4.88
gridplanar_path_tree,grid,grid11,path,copt-gpu,off,rep3,4000,625,6.4,15,9219,329258288.927535,329257908.044698,1,gap,5.19,5.066,0.057,0.017,0,0,11250,0.0,5.066666666666666
gridplanar_path_tree,grid,grid11,path,copt-gpu,on,rep1,4000,625,6.4,16,9219,329258288.241196,329258004.742835,1,gap,5.652,5.524,0.064,0.017,1,7422,12500,59.376,5.12
gridplanar_path_tree,grid,grid11,path,copt-gpu,on,rep2,4000,625,6.4,15,9211,329258288.866073,329258004.396954,1,gap,5.191,5.076,0.052,0.017,1,6203,11250,55.13777777777778,4.622222222222222
gridplanar_path_tree,grid,grid11,path,copt-gpu,on,rep3,4000,625,6.4,14,9746,329258292.041666,329257921.615996,1,gap,4.826,4.718,0.049,0.016,1,4995,10000,49.95,4.9
gridplanar_path_tree,grid,grid11,tree,copt-gpu,off,rep1,4000,625,6.4,24,4468,329258833.567903,329254832.714542,1,gap,6.543,6.383,0.085,0.015,0,0,18750,0.0,4.533333333333333
gridplanar_path_tree,grid,grid11,tree,copt-gpu,off,rep2,4000,625,6.4,23,4528,329259723.373353,329249776.579505,1,gap,6.423,6.258,0.094,0.013,0,0,18125,0.0,5.186206896551724
gridplanar_path_tree,grid,grid11,tree,copt-gpu,off,rep3,4000,625,6.4,22,4605,329263392.676244,329239256.104968,1,gap,6.023,5.879,0.08,0.012,0,0,17500,0.0,4.571428571428571
gridplanar_path_tree,grid,grid11,tree,copt-gpu,on,rep1,4000,625,6.4,26,4266,329258351.450556,329257847.07316,1,gap,7.296,7.133,0.08,0.015,1,8228,20000,41.14,4.0
gridplanar_path_tree,grid,grid11,tree,copt-gpu,on,rep2,4000,625,6.4,24,4485,329258556.629423,329255904.427261,1,gap,6.668,6.527,0.067,0.013,1,7309,18750,38.98133333333333,3.5733333333333333
gridplanar_path_tree,grid,grid11,tree,copt-gpu,on,rep3,4000,625,6.4,26,4153,329258288.547933,329258002.012333,1,gap,7.372,7.201,0.088,0.015,1,8334,20000,41.67,4.4
gridplanar_path_tree,grid,grid12,path,copt-gpu,off,rep1,6000,899,6.674082313681868,12,14179,577186506.66357,577185806.23751,1,gap,4.554,4.404,0.086,0.018,0,0,12586,0.0,6.832989035436199
gridplanar_path_tree,grid,grid12,path,copt-gpu,off,rep2,6000,899,6.674082313681868,12,14179,577186506.663567,577185806.23751,1,gap,4.656,4.508,0.084,0.017,0,0,12586,0.0,6.674082313681868
gridplanar_path_tree,grid,grid12,path,copt-gpu,off,rep3,6000,899,6.674082313681868,12,14131,577186482.065218,577185811.609341,1,gap,4.713,4.53,0.118,0.018,0,0,13485,0.0,8.75046347793845
gridplanar_path_tree,grid,grid12,path,copt-gpu,on,rep1,6000,899,6.674082313681868,12,14179,577186506.663572,577185969.159983,1,gap,4.621,4.469,0.087,0.018,1,6644,12586,52.7888129667885,6.912442396313364
gridplanar_path_tree,grid,grid12,path,copt-gpu,on,rep2,6000,899,6.674082313681868,12,14179,577186506.663579,577185969.159997,1,gap,4.655,4.506,0.085,0.018,1,6644,12586,52.7888129667885,6.753535674559034
gridplanar_path_tree,grid,grid12,path,copt-gpu,on,rep3,6000,899,6.674082313681868,12,14179,577186506.663566,577185969.159971,1,gap,4.692,4.539,0.091,0.018,1,6644,12586,52.7888129667885,7.230255839822025
gridplanar_path_tree,grid,grid12,tree,copt-gpu,off,rep1,6000,899,6.674082313681868,21,5532,577186496.896183,577185772.957031,1,gap,5.877,5.633,0.154,0.017,0,0,24273,0.0,6.34449800189511
gridplanar_path_tree,grid,grid12,tree,copt-gpu,off,rep2,6000,899,6.674082313681868,21,5376,577186511.751433,577185780.332693,1,gap,6.014,5.762,0.163,0.017,0,0,24273,0.0,6.715280352655213
gridplanar_path_tree,grid,grid12,tree,copt-gpu,off,rep3,6000,899,6.674082313681868,22,4769,577186352.714508,577185683.286898,1,gap,6.25,5.979,0.179,0.017,0,0,25172,0.0,7.111075798506277
gridplanar_path_tree,grid,grid12,tree,copt-gpu,on,rep1,6000,899,6.674082313681868,21,5361,577186597.972225,577185388.195848,1,gap,5.917,5.712,0.115,0.017,1,11790,24273,48.5724879495736,4.73777448193466
gridplanar_path_tree,grid,grid12,tree,copt-gpu,on,rep2,6000,899,6.674082313681868,22,4738,577186508.309167,577185962.887872,1,gap,6.421,6.2,0.126,0.017,1,12690,25172,50.41315747656126,5.005561735261401
gridplanar_path_tree,grid,grid12,tree,copt-gpu,on,rep3,6000,899,6.674082313681868,22,4601,577186490.711357,577185964.966774,1,gap,6.325,6.108,0.125,0.017,1,12865,25172,51.108374384236456,4.965835054822819
gridplanar_path_tree,grid,grid13,path,copt-gpu,off,rep1,12000,900,13.333333333333334,12,33255,1159320977.891653,1159319416.747724,1,gap,7.474,7.198,0.098,0.044,0,0,12600,0.0,7.777777777777778
gridplanar_path_tree,grid,grid13,path,copt-gpu,off,rep2,12000,900,13.333333333333334,12,33255,1159320977.891664,1159319416.747724,1,gap,7.5,7.227,0.094,0.045,0,0,12600,0.0,7.4603174603174605
gridplanar_path_tree,grid,grid13,path,copt-gpu,off,rep3,12000,900,13.333333333333334,12,33255,1159320977.891657,1159319416.747724,1,gap,7.579,7.298,0.103,0.043,0,0,12600,0.0,8.174603174603174
gridplanar_path_tree,grid,grid13,path,copt-gpu,on,rep1,12000,900,13.333333333333334,12,33255,1159320977.891654,1159319592.860032,1,gap,7.582,7.302,0.105,0.045,1,5291,12600,41.992063492063494,8.333333333333334
gridplanar_path_tree,grid,grid13,path,copt-gpu,on,rep2,12000,900,13.333333333333334,12,33255,1159320977.891662,1159319592.860032,1,gap,7.599,7.273,0.145,0.044,1,5291,12600,41.992063492063494,11.507936507936508
gridplanar_path_tree,grid,grid13,path,copt-gpu,on,rep3,12000,900,13.333333333333334,12,33255,1159320977.891657,1159319592.860032,1,gap,7.6,7.327,0.097,0.042,1,5291,12600,41.992063492063494,7.698412698412699
gridplanar_path_tree,grid,grid13,tree,copt-gpu,off,rep1,12000,900,13.333333333333334,26,7057,1159412926.442279,1159300852.99229,1,gap,9.996,9.56,0.223,0.03,0,0,29700,0.0,7.508417508417509
gridplanar_path_tree,grid,grid13,tree,copt-gpu,off,rep2,12000,900,13.333333333333334,28,7078,1159321068.02625,1159317850.274221,1,gap,11.395,10.909,0.247,0.035,0,0,31500,0.0,7.841269841269841
gridplanar_path_tree,grid,grid13,tree,copt-gpu,off,rep3,12000,900,13.333333333333334,26,7075,1159326651.47666,1159294177.259353,1,gap,10.442,10.008,0.22,0.031,0,0,29700,0.0,7.407407407407407
gridplanar_path_tree,grid,grid13,tree,copt-gpu,on,rep1,12000,900,13.333333333333334,29,6878,1159320954.553179,1159319702.674178,1,gap,11.735,11.283,0.198,0.037,1,11806,32400,36.43827160493827,6.111111111111111
gridplanar_path_tree,grid,grid13,tree,copt-gpu,on,rep2,12000,900,13.333333333333334,26,7031,1159323403.745938,1159307423.087292,1,gap,10.359,9.98,0.165,0.03,1,10958,29700,36.89562289562289,5.555555555555555
gridplanar_path_tree,grid,grid13,tree,copt-gpu,on,rep3,12000,900,13.333333333333334,28,6984,1159320971.76129,1159319553.17241,1,gap,11.459,11.028,0.193,0.035,1,11248,31500,35.70793650793651,6.126984126984127
gridplanar_path_tree,grid,grid14,path,copt-gpu,off,rep1,16000,1225,13.061224489795919,10,46854,1802673131.43533,1802670185.34707,1,gap,5.991,5.689,0.16,0.042,0,0,14700,0.0,10.884353741496598
gridplanar_path_tree,grid,grid14,path,copt-gpu,off,rep2,16000,1225,13.061224489795919,10,46854,1802673131.435334,1802670185.34707,1,gap,5.974,5.665,0.181,0.039,0,0,14700,0.0,12.312925170068027
gridplanar_path_tree,grid,grid14,path,copt-gpu,off,rep3,16000,1225,13.061224489795919,10,46854,1802673131.435319,1802670185.34707,1,gap,6.001,5.721,0.153,0.038,0,0,14700,0.0,10.408163265306122
gridplanar_path_tree,grid,grid14,path,copt-gpu,on,rep1,16000,1225,13.061224489795919,10,46854,1802673131.435332,1802670448.609177,1,gap,6.014,5.715,0.169,0.04,1,6889,14700,46.863945578231295,11.496598639455783
gridplanar_path_tree,grid,grid14,path,copt-gpu,on,rep2,16000,1225,13.061224489795919,10,46854,1802673131.435352,1802670448.609177,1,gap,6.061,5.761,0.162,0.041,1,6889,14700,46.863945578231295,11.020408163265307
gridplanar_path_tree,grid,grid14,path,copt-gpu,on,rep3,16000,1225,13.061224489795919,10,46854,1802673131.435339,1802670448.609177,1,gap,5.954,5.67,0.154,0.039,1,6889,14700,46.863945578231295,10.476190476190476
gridplanar_path_tree,grid,grid14,tree,copt-gpu,off,rep1,16000,1225,13.061224489795919,23,8191,1802673023.014167,1802670368.261919,1,gap,9.422,8.805,0.363,0.042,0,0,36750,0.0,9.877551020408163
gridplanar_path_tree,grid,grid14,tree,copt-gpu,off,rep2,16000,1225,13.061224489795919,20,8957,1802780164.182646,1802619443.481214,1,gap,7.223,6.712,0.339,0.037,0,0,33075,0.0,10.249433106575964
gridplanar_path_tree,grid,grid14,tree,copt-gpu,off,rep3,16000,1225,13.061224489795919,23,8311,1802673077.955803,1802670537.090065,1,gap,8.734,8.169,0.346,0.041,0,0,36750,0.0,9.414965986394558
gridplanar_path_tree,grid,grid14,tree,copt-gpu,on,rep1,16000,1225,13.061224489795919,23,8311,1802673077.9558,1802670685.39106,1,gap,8.54,8.068,0.25,0.042,1,16507,36750,44.91700680272109,6.802721088435374
gridplanar_path_tree,grid,grid14,tree,copt-gpu,on,rep2,16000,1225,13.061224489795919,23,8311,1802673077.955795,1802670685.391059,1,gap,8.569,8.066,0.272,0.043,1,16507,36750,44.91700680272109,7.401360544217687
gridplanar_path_tree,grid,grid14,tree,copt-gpu,on,rep3,16000,1225,13.061224489795919,23,8279,1802673103.910129,1802670734.353424,1,gap,8.506,8.025,0.261,0.043,1,16527,36750,44.97142857142857,7.1020408163265305
gridplanar_path_tree,grid,grid15,path,copt-gpu,off,rep1,32000,1225,26.122448979591837,11,81874,3593521818.095542,3593517602.921721,1,gap,12.515,11.808,0.202,0.123,0,0,15925,0.0,12.684458398744113
gridplanar_path_tree,grid,grid15,path,copt-gpu,off,rep2,32000,1225,26.122448979591837,11,81874,3593521818.095586,3593517602.921721,1,gap,11.569,10.961,0.206,0.104,0,0,15925,0.0,12.93563579277865
gridplanar_path_tree,grid,grid15,path,copt-gpu,off,rep3,32000,1225,26.122448979591837,11,81874,3593521818.095482,3593517602.921719,1,gap,11.597,10.975,0.228,0.101,0,0,15925,0.0,14.317111459968602
gridplanar_path_tree,grid,grid15,path,copt-gpu,on,rep1,32000,1225,26.122448979591837,11,81874,3593521818.095592,3593517903.340163,1,gap,11.517,10.932,0.187,0.102,1,7296,15925,45.81475667189953,11.7425431711146
gridplanar_path_tree,grid,grid15,path,copt-gpu,on,rep2,32000,1225,26.122448979591837,11,81874,3593521818.095552,3593517903.340179,1,gap,11.579,10.98,0.2,0.103,1,7296,15925,45.81475667189953,12.558869701726845
gridplanar_path_tree,grid,grid15,path,copt-gpu,on,rep3,32000,1225,26.122448979591837,11,81874,3593521818.095511,3593517903.340173,1,gap,11.531,10.943,0.201,0.098,1,7296,15925,45.81475667189953,12.621664050235479
gridplanar_path_tree,grid,grid15,tree,copt-gpu,off,rep1,32000,1225,26.122448979591837,31,9540,3593521785.334917,3593517612.476793,1,gap,16.112,14.982,0.549,0.082,0,0,46550,0.0,11.793770139634802
gridplanar_path_tree,grid,grid15,tree,copt-gpu,off,rep2,32000,1225,26.122448979591837,26,9415,3593532279.194055,3593449641.374914,1,gap,12.458,11.601,0.453,0.064,0,0,40425,0.0,11.205936920222635
gridplanar_path_tree,grid,grid15,tree,copt-gpu,off,rep3,32000,1225,26.122448979591837,29,9484,3593521803.335221,3593517508.983305,1,gap,14.433,13.422,0.525,0.075,0,0,44100,0.0,11.904761904761905
gridplanar_path_tree,grid,grid15,tree,copt-gpu,on,rep1,32000,1225,26.122448979591837,25,9472,3593568871.001427,3593324195.499508,1,gap,11.787,11.072,0.332,0.062,1,14751,39200,37.630102040816325,8.46938775510204
gridplanar_path_tree,grid,grid15,tree,copt-gpu,on,rep2,32000,1225,26.122448979591837,25,9535,3593685526.129829,3593334600.386624,1,gap,11.766,11.064,0.321,0.061,1,14754,39200,37.63775510204081,8.188775510204081
gridplanar_path_tree,grid,grid15,tree,copt-gpu,on,rep3,32000,1225,26.122448979591837,25,9535,3593685526.129824,3593334600.38662,1,gap,11.802,11.093,0.324,0.059,1,14754,39200,37.63775510204081,8.26530612244898
gridplanar_path_tree,grid,grid2,path,copt-gpu,off,rep1,100,25,4.0,8,233,1705378.0,1705376.1053,1,gap,1.416,1.412,0.003,0.0,0,0,275,0.0,10.909090909090908
gridplanar_path_tree,grid,grid2,path,copt-gpu,off,rep2,100,25,4.0,8,233,1705378.0,1705376.1053,1,gap,1.432,1.429,0.002,0.0,0,0,275,0.0,7.2727272727272725
gridplanar_path_tree,grid,grid2,path,copt-gpu,off,rep3,100,25,4.0,8,233,1705378.0,1705376.1053,1,gap,1.433,1.429,0.002,0.0,0,0,275,0.0,7.2727272727272725
gridplanar_path_tree,grid,grid2,path,copt-gpu,on,rep1,100,25,4.0,8,233,1705378.0,1705376.847981,1,gap,1.47,1.466,0.002,0.0,1,187,275,68.0,7.2727272727272725
gridplanar_path_tree,grid,grid2,path,copt-gpu,on,rep2,100,25,4.0,8,233,1705378.0,1705376.847981,1,gap,1.44,1.436,0.003,0.0,1,187,275,68.0,10.909090909090908
gridplanar_path_tree,grid,grid2,path,copt-gpu,on,rep3,100,25,4.0,8,233,1705378.0,1705376.847981,1,gap,1.431,1.428,0.002,0.0,1,187,275,68.0,7.2727272727272725
gridplanar_path_tree,grid,grid2,tree,copt-gpu,off,rep1,100,25,4.0,15,150,1705381.362162,1705373.1053,1,gap,2.487,2.482,0.003,0.0,0,0,525,0.0,5.714285714285714
gridplanar_path_tree,grid,grid2,tree,copt-gpu,off,rep2,100,25,4.0,15,150,1705381.362162,1705373.1053,1,gap,2.508,2.503,0.003,0.0,0,0,525,0.0,5.714285714285714
gridplanar_path_tree,grid,grid2,tree,copt-gpu,off,rep3,100,25,4.0,14,150,1705375.0,1705373.1053,1,gap,2.376,2.37,0.003,0.0,0,0,500,0.0,6.0
gridplanar_path_tree,grid,grid2,tree,copt-gpu,on,rep1,100,25,4.0,14,150,1705375.0,1705373.847981,1,gap,2.383,2.378,0.003,0.0,1,324,500,64.8,6.0
gridplanar_path_tree,grid,grid2,tree,copt-gpu,on,rep2,100,25,4.0,14,150,1705375.0,1705373.847981,1,gap,2.34,2.335,0.003,0.0,1,324,500,64.8,6.0
gridplanar_path_tree,grid,grid2,tree,copt-gpu,on,rep3,100,25,4.0,15,150,1705381.362162,1705373.847981,1,gap,2.529,2.523,0.004,0.0,1,348,525,66.28571428571429,7.619047619047619
gridplanar_path_tree,grid,grid3,path,copt-gpu,off,rep1,50,40,1.25,8,90,1524642.001492,1524640.240195,1,gap,1.409,1.404,0.004,0.0,0,0,520,0.0,7.6923076923076925
gridplanar_path_tree,grid,grid3,path,copt-gpu,off,rep2,50,40,1.25,8,90,1524642.001492,1524640.240195,1,gap,1.404,1.4,0.002,0.0,0,0,520,0.0,3.8461538461538463
gridplanar_path_tree,grid,grid3,path,copt-gpu,off,rep3,50,40,1.25,8,90,1524642.001492,1524640.240195,1,gap,1.375,1.372,0.002,0.0,0,0,520,0.0,3.8461538461538463
gridplanar_path_tree,grid,grid3,path,copt-gpu,on,rep1,50,40,1.25,7,88,1524748.0,1524595.675788,1,gap,1.273,1.267,0.005,0.0,1,366,440,83.18181818181819,11.363636363636363
gridplanar_path_tree,grid,grid3,path,copt-gpu,on,rep2,50,40,1.25,7,88,1524748.0,1524595.675788,1,gap,1.241,1.238,0.003,0.0,1,366,440,83.18181818181819,6.818181818181818
gridplanar_path_tree,grid,grid3,path,copt-gpu,on,rep3,50,40,1.25,7,88,1524748.0,1524595.675788,1,gap,1.261,1.257,0.003,0.0,1,366,440,83.18181818181819,6.818181818181818
gridplanar_path_tree,grid,grid3,tree,copt-gpu,off,rep1,50,40,1.25,9,82,1524730.000006,1524598.2404,1,gap,1.525,1.52,0.004,0.0,0,0,560,0.0,7.142857142857143
gridplanar_path_tree,grid,grid3,tree,copt-gpu,off,rep2,50,40,1.25,9,82,1524730.000006,1524598.2404,1,gap,1.567,1.564,0.002,0.0,0,0,560,0.0,3.5714285714285716
gridplanar_path_tree,grid,grid3,tree,copt-gpu,off,rep3,50,40,1.25,9,82,1524730.000006,1524598.2404,1,gap,1.548,1.544,0.003,0.0,0,0,560,0.0,5.357142857142857
gridplanar_path_tree,grid,grid3,tree,copt-gpu,on,rep1,50,40,1.25,9,82,1524730.000006,1524599.676188,1,gap,1.584,1.581,0.003,0.0,1,477,560,85.17857142857143,5.357142857142857
gridplanar_path_tree,grid,grid3,tree,copt-gpu,on,rep2,50,40,1.25,9,82,1524730.000006,1524599.676188,1,gap,1.544,1.54,0.003,0.0,1,477,560,85.17857142857143,5.357142857142857
gridplanar_path_tree,grid,grid3,tree,copt-gpu,on,rep3,50,40,1.25,9,82,1524730.000006,1524599.676188,1,gap,1.554,1.55,0.003,0.0,1,477,560,85.17857142857143,5.357142857142857
gridplanar_path_tree,grid,grid4,path,copt-gpu,off,rep1,100,63,1.5873015873015872,8,237,3031695.001622,3031691.506784,1,gap,1.415,1.41,0.003,0.0,0,0,756,0.0,3.9682539682539684
gridplanar_path_tree,grid,grid4,path,copt-gpu,off,rep2,100,63,1.5873015873015872,8,237,3031695.001622,3031691.506784,1,gap,1.455,1.451,0.003,0.0,0,0,756,0.0,3.9682539682539684
gridplanar_path_tree,grid,grid4,path,copt-gpu,off,rep3,100,63,1.5873015873015872,8,237,3031695.001622,3031691.506784,1,gap,1.445,1.441,0.003,0.0,0,0,756,0.0,3.9682539682539684
gridplanar_path_tree,grid,grid4,path,copt-gpu,on,rep1,100,63,1.5873015873015872,8,237,3031695.001622,3031693.996566,1,gap,1.507,1.501,0.004,0.0,1,596,756,78.83597883597884,5.291005291005291
gridplanar_path_tree,grid,grid4,path,copt-gpu,on,rep2,100,63,1.5873015873015872,8,237,3031695.001622,3031693.996566,1,gap,1.438,1.434,0.003,0.0,1,596,756,78.83597883597884,3.9682539682539684
gridplanar_path_tree,grid,grid4,path,copt-gpu,on,rep3,100,63,1.5873015873015872,8,237,3031695.001622,3031693.996566,1,gap,1.478,1.474,0.002,0.0,1,596,756,78.83597883597884,2.6455026455026456
gridplanar_path_tree,grid,grid4,tree,copt-gpu,off,rep1,100,63,1.5873015873015872,12,220,3031712.000015,3031657.510091,1,gap,2.053,2.047,0.004,0.0,0,0,1071,0.0,3.734827264239029
gridplanar_path_tree,grid,grid4,tree,copt-gpu,off,rep2,100,63,1.5873015873015872,12,220,3031712.000015,3031657.510091,1,gap,2.075,2.07,0.003,0.0,0,0,1071,0.0,2.8011204481792715
gridplanar_path_tree,grid,grid4,tree,copt-gpu,off,rep3,100,63,1.5873015873015872,12,220,3031712.000015,3031657.510091,1,gap,2.116,2.107,0.007,0.0,0,0,1071,0.0,6.5359477124183005
gridplanar_path_tree,grid,grid4,tree,copt-gpu,on,rep1,100,63,1.5873015873015872,12,220,3031712.000015,3031659.944717,1,gap,2.104,2.1,0.003,0.0,1,846,1071,78.99159663865547,2.8011204481792715
gridplanar_path_tree,grid,grid4,tree,copt-gpu,on,rep2,100,63,1.5873015873015872,12,220,3031712.000015,3031659.944717,1,gap,2.064,2.054,0.008,0.0,1,846,1071,78.99159663865547,7.469654528478058
gridplanar_path_tree,grid,grid4,tree,copt-gpu,on,rep3,100,63,1.5873015873015872,12,220,3031712.000015,3031659.944717,1,gap,2.105,2.099,0.004,0.0,1,846,1071,78.99159663865547,3.734827264239029
gridplanar_path_tree,grid,grid5,path,copt-gpu,off,rep1,100,83,1.2048192771084338,10,271,5049688.500001,5049682.6816,1,gap,1.8,1.794,0.003,0.001,0,0,1162,0.0,2.5817555938037864
gridplanar_path_tree,grid,grid5,path,copt-gpu,off,rep2,100,83,1.2048192771084338,9,272,5049865.000001,5049438.1816,1,gap,1.642,1.636,0.004,0.001,0,0,996,0.0,4.016064257028113
gridplanar_path_tree,grid,grid5,path,copt-gpu,off,rep3,100,83,1.2048192771084338,10,270,5049697.25,5049593.177137,1,gap,1.852,1.846,0.004,0.001,0,0,1079,0.0,3.7071362372567194
gridplanar_path_tree,grid,grid5,path,copt-gpu,on,rep1,100,83,1.2048192771084338,10,272,5049697.0,5049608.162788,1,gap,1.873,1.865,0.006,0.001,1,831,1079,77.01575532900834,5.560704355885079
gridplanar_path_tree,grid,grid5,path,copt-gpu,on,rep2,100,83,1.2048192771084338,10,269,5049695.000001,5049647.248883,1,gap,1.787,1.781,0.003,0.001,1,834,1079,77.2937905468026,2.7803521779425395
gridplanar_path_tree,grid,grid5,path,copt-gpu,on,rep3,100,83,1.2048192771084338,9,272,5049865.000001,5049442.856204,1,gap,1.651,1.645,0.004,0.001,1,749,996,75.20080321285141,4.016064257028113
gridplanar_path_tree,grid,grid5,tree,copt-gpu,off,rep1,100,83,1.2048192771084338,13,260,5049688.500151,5049682.681564,1,gap,2.255,2.248,0.005,0.001,0,0,1577,0.0,3.170577045022194
gridplanar_path_tree,grid,grid5,tree,copt-gpu,off,rep2,100,83,1.2048192771084338,13,260,5049688.500151,5049682.681564,1,gap,2.281,2.273,0.004,0.001,0,0,1577,0.0,2.5364616360177554
gridplanar_path_tree,grid,grid5,tree,copt-gpu,off,rep3,100,83,1.2048192771084338,13,260,5049647.023455,5049641.170888,1,gap,2.278,2.27,0.005,0.001,0,0,1494,0.0,3.3467202141900936
gridplanar_path_tree,grid,grid5,tree,copt-gpu,on,rep1,100,83,1.2048192771084338,13,260,5049688.500151,5049687.847521,1,gap,2.296,2.288,0.004,0.001,1,1295,1577,82.11794546607483,2.5364616360177554
gridplanar_path_tree,grid,grid5,tree,copt-gpu,on,rep2,100,83,1.2048192771084338,13,260,5049688.500151,5049687.847521,1,gap,2.291,2.284,0.004,0.001,1,1295,1577,82.11794546607483,2.5364616360177554
gridplanar_path_tree,grid,grid5,tree,copt-gpu,on,rep3,100,83,1.2048192771084338,13,260,5049688.500151,5049687.847521,1,gap,2.273,2.265,0.005,0.001,1,1295,1577,82.11794546607483,3.170577045022194
gridplanar_path_tree,grid,grid6,path,copt-gpu,off,rep1,200,135,1.4814814814814814,13,755,10401710.699648,10401246.897411,1,gap,2.548,2.536,0.005,0.003,0,0,2160,0.0,2.314814814814815
gridplanar_path_tree,grid,grid6,path,copt-gpu,off,rep2,200,135,1.4814814814814814,13,774,10401770.929588,10401605.364911,1,gap,2.558,2.547,0.005,0.002,0,0,2160,0.0,2.314814814814815
gridplanar_path_tree,grid,grid6,path,copt-gpu,off,rep3,200,135,1.4814814814814814,13,793,10401757.083375,10401585.191102,1,gap,2.666,2.655,0.005,0.002,0,0,2160,0.0,2.314814814814815
gridplanar_path_tree,grid,grid6,path,copt-gpu,on,rep1,200,135,1.4814814814814814,12,865,10402074.636368,10401159.182911,1,gap,2.445,2.435,0.005,0.002,1,1274,2025,62.91358024691358,2.4691358024691357
gridplanar_path_tree,grid,grid6,path,copt-gpu,on,rep2,200,135,1.4814814814814814,13,777,10401734.178122,10401650.058126,1,gap,2.538,2.527,0.005,0.002,1,1391,2160,64.39814814814815,2.314814814814815
gridplanar_path_tree,grid,grid6,path,copt-gpu,on,rep3,200,135,1.4814814814814814,13,778,10401793.005227,10401650.59859,1,gap,2.618,2.607,0.005,0.002,1,1390,2160,64.35185185185185,2.314814814814815
gridplanar_path_tree,grid,grid6,tree,copt-gpu,off,rep1,200,135,1.4814814814814814,18,539,10400691.891969,10400680.003232,1,gap,3.349,3.334,0.008,0.003,0,0,3240,0.0,2.4691358024691357
gridplanar_path_tree,grid,grid6,tree,copt-gpu,off,rep2,200,135,1.4814814814814814,17,635,10401857.842097,10401276.765508,1,gap,3.218,3.204,0.008,0.002,0,0,2970,0.0,2.6936026936026938
gridplanar_path_tree,grid,grid6,tree,copt-gpu,off,rep3,200,135,1.4814814814814814,18,546,10400990.125461,10400889.952026,1,gap,3.391,3.374,0.008,0.003,0,0,3105,0.0,2.576489533011272
gridplanar_path_tree,grid,grid6,tree,copt-gpu,on,rep1,200,135,1.4814814814814814,17,616,10401356.49244,10400366.782299,1,gap,3.249,3.235,0.006,0.003,1,2001,2970,67.37373737373737,2.0202020202020203
gridplanar_path_tree,grid,grid6,tree,copt-gpu,on,rep2,200,135,1.4814814814814814,21,499,10401537.242948,10401482.212269,1,gap,3.979,3.962,0.008,0.003,1,2471,3510,70.39886039886039,2.2792022792022792
gridplanar_path_tree,grid,grid6,tree,copt-gpu,on,rep3,200,135,1.4814814814814814,19,533,10401376.945782,10401077.595025,1,gap,3.667,3.652,0.007,0.003,1,2246,3240,69.32098765432099,2.1604938271604937
gridplanar_path_tree,grid,grid7,path,copt-gpu,off,rep1,400,247,1.6194331983805668,11,1473,25863941.333562,25862855.414628,1,gap,2.275,2.259,0.01,0.003,0,0,3705,0.0,2.699055330634278
gridplanar_path_tree,grid,grid7,path,copt-gpu,off,rep2,400,247,1.6194331983805668,11,1473,25864202.982148,25863065.645587,1,gap,2.259,2.243,0.011,0.002,0,0,3705,0.0,2.968960863697706
gridplanar_path_tree,grid,grid7,path,copt-gpu,off,rep3,400,247,1.6194331983805668,11,1473,25864203.016144,25863046.254934,1,gap,2.249,2.233,0.011,0.003,0,0,3705,0.0,2.968960863697706
gridplanar_path_tree,grid,grid7,path,copt-gpu,on,rep1,400,247,1.6194331983805668,11,1473,25864203.139016,25863065.483693,1,gap,2.326,2.311,0.009,0.003,1,2557,3705,69.01484480431849,2.42914979757085
gridplanar_path_tree,grid,grid7,path,copt-gpu,on,rep2,400,247,1.6194331983805668,11,1473,25864202.982149,25863083.836667,1,gap,2.277,2.262,0.01,0.003,1,2551,3705,68.85290148448043,2.699055330634278
gridplanar_path_tree,grid,grid7,path,copt-gpu,on,rep3,400,247,1.6194331983805668,11,1473,25863941.333562,25862873.97765,1,gap,2.334,2.317,0.011,0.002,1,2557,3705,69.01484480431849,2.968960863697706
gridplanar_path_tree,grid,grid7,tree,copt-gpu,off,rep1,400,247,1.6194331983805668,15,1046,25864146.388419,25863606.365542,1,gap,2.907,2.886,0.013,0.003,0,0,4940,0.0,2.6315789473684212
gridplanar_path_tree,grid,grid7,tree,copt-gpu,off,rep2,400,247,1.6194331983805668,16,933,25864147.233075,25863898.105505,1,gap,3.085,3.06,0.016,0.003,0,0,5187,0.0,3.084634663582032
gridplanar_path_tree,grid,grid7,tree,copt-gpu,off,rep3,400,247,1.6194331983805668,15,1084,25864494.082957,25862767.792129,1,gap,2.927,2.903,0.016,0.003,0,0,4940,0.0,3.2388663967611335
gridplanar_path_tree,grid,grid7,tree,copt-gpu,on,rep1,400,247,1.6194331983805668,15,1067,25864141.516879,25863160.297699,1,gap,2.988,2.967,0.014,0.003,1,3509,4940,71.03238866396761,2.834008097165992
gridplanar_path_tree,grid,grid7,tree,copt-gpu,on,rep2,400,247,1.6194331983805668,16,936,25864079.023275,25863413.711679,1,gap,3.132,3.111,0.011,0.003,1,3738,5187,72.06477732793522,2.120686331212647
gridplanar_path_tree,grid,grid7,tree,copt-gpu,on,rep3,400,247,1.6194331983805668,15,1088,25864746.075327,25863012.520393,1,gap,2.914,2.894,0.012,0.002,1,3491,4940,70.66801619433198,2.42914979757085
gridplanar_path_tree,grid,grid8,path,copt-gpu,off,rep1,500,343,1.4577259475218658,19,1651,41711149.057192,41711100.891037,1,gap,4.646,4.597,0.028,0.007,0,0,8232,0.0,3.401360544217687
gridplanar_path_tree,grid,grid8,path,copt-gpu,off,rep2,500,343,1.4577259475218658,19,1586,41711150.726328,41711067.970168,1,gap,4.637,4.58,0.038,0.005,0,0,7889,0.0,4.816833565724426
gridplanar_path_tree,grid,grid8,path,copt-gpu,off,rep3,500,343,1.4577259475218658,20,1546,41711150.621065,41711102.737915,1,gap,4.922,4.87,0.031,0.007,0,0,8575,0.0,3.6151603498542273
gridplanar_path_tree,grid,grid8,path,copt-gpu,on,rep1,500,343,1.4577259475218658,19,1646,41711148.450021,41711137.386703,1,gap,4.789,4.742,0.026,0.006,1,5502,8232,66.83673469387755,3.1584062196307094
gridplanar_path_tree,grid,grid8,path,copt-gpu,on,rep2,500,343,1.4577259475218658,19,1594,41710995.600206,41710963.854447,1,gap,4.636,4.59,0.027,0.006,1,5146,7889,65.23006718215237,3.4224870072252505
gridplanar_path_tree,grid,grid8,path,copt-gpu,on,rep3,500,343,1.4577259475218658,19,1648,41711139.777387,41711128.728098,1,gap,4.703,4.654,0.03,0.006,1,5507,8232,66.8974732750243,3.6443148688046647
gridplanar_path_tree,grid,grid8,tree,copt-gpu,off,rep1,500,343,1.4577259475218658,21,1700,41710987.805673,41707925.821592,1,gap,4.853,4.796,0.035,0.007,0,0,8918,0.0,3.924646781789639
gridplanar_path_tree,grid,grid8,tree,copt-gpu,off,rep2,500,343,1.4577259475218658,26,1340,41710434.670664,41710383.148594,1,gap,6.031,5.964,0.04,0.008,0,0,10633,0.0,3.761873412959654
gridplanar_path_tree,grid,grid8,tree,copt-gpu,off,rep3,500,343,1.4577259475218658,24,1539,41710644.262102,41710508.202035,1,gap,5.582,5.518,0.039,0.008,0,0,9947,0.0,3.920780134713984
gridplanar_path_tree,grid,grid8,tree,copt-gpu,on,rep1,500,343,1.4577259475218658,21,1695,41711012.254775,41709342.609384,1,gap,4.987,4.936,0.03,0.007,1,5458,8918,61.20206324287957,3.3639829558196905
gridplanar_path_tree,grid,grid8,tree,copt-gpu,on,rep2,500,343,1.4577259475218658,23,1432,41710582.431004,41710530.104018,1,gap,5.322,5.269,0.027,0.009,1,6103,9604,63.546438983756765,2.811328613077884
gridplanar_path_tree,grid,grid8,tree,copt-gpu,on,rep3,500,343,1.4577259475218658,22,1618,41710820.710596,41710195.527209,1,gap,5.176,5.125,0.029,0.006,1,5767,9261,62.271892884137785,3.131411294676601
gridplanar_path_tree,grid,grid9,path,copt-gpu,off,rep1,1000,495,2.0202020202020203,17,3947,82653120.170625,82651938.04162,1,gap,4.961,4.898,0.036,0.006,0,0,10395,0.0,3.463203463203463
gridplanar_path_tree,grid,grid9,path,copt-gpu,off,rep2,1000,495,2.0202020202020203,17,3985,82653183.681869,82651737.501116,1,gap,4.974,4.91,0.038,0.006,0,0,10395,0.0,3.6556036556036555
gridplanar_path_tree,grid,grid9,path,copt-gpu,off,rep3,1000,495,2.0202020202020203,19,3380,82652970.804001,82652868.298084,1,gap,5.66,5.575,0.054,0.006,0,0,11385,0.0,4.743083003952569
gridplanar_path_tree,grid,grid9,path,copt-gpu,on,rep1,1000,495,2.0202020202020203,18,3675,82653000.389621,82652352.336725,1,gap,5.334,5.268,0.038,0.006,1,6310,10890,57.94306703397613,3.4894398530762167
gridplanar_path_tree,grid,grid9,path,copt-gpu,on,rep2,1000,495,2.0202020202020203,18,3729,82652990.937734,82652542.180715,1,gap,5.288,5.226,0.033,0.007,1,6280,10890,57.66758494031221,3.0303030303030303
gridplanar_path_tree,grid,grid9,path,copt-gpu,on,rep3,1000,495,2.0202020202020203,18,3714,82652981.304192,82652667.718755,1,gap,5.362,5.298,0.036,0.006,1,6264,10890,57.52066115702479,3.3057851239669422
gridplanar_path_tree,grid,grid9,tree,copt-gpu,off,rep1,1000,495,2.0202020202020203,25,2647,82653032.647223,82652385.021681,1,gap,6.94,6.849,0.052,0.009,0,0,15345,0.0,3.3887259693711305
gridplanar_path_tree,grid,grid9,tree,copt-gpu,off,rep2,1000,495,2.0202020202020203,23,2894,82653567.106535,82647818.362394,1,gap,6.242,6.154,0.053,0.008,0,0,14355,0.0,3.692093347265761
gridplanar_path_tree,grid,grid9,tree,copt-gpu,off,rep3,1000,495,2.0202020202020203,25,2628,82653040.017216,82652304.512248,1,gap,6.841,6.747,0.055,0.01,0,0,15345,0.0,3.5842293906810037
gridplanar_path_tree,grid,grid9,tree,copt-gpu,on,rep1,1000,495,2.0202020202020203,26,2505,82652989.364758,82652894.047932,1,gap,7.334,7.236,0.056,0.01,1,8981,15840,56.698232323232325,3.5353535353535355
gridplanar_path_tree,grid,grid9,tree,copt-gpu,on,rep2,1000,495,2.0202020202020203,27,2406,82652972.467178,82652925.024701,1,gap,7.541,7.45,0.048,0.01,1,9455,16335,57.8818487909397,2.938475665748393
gridplanar_path_tree,grid,grid9,tree,copt-gpu,on,rep3,1000,495,2.0202020202020203,28,2257,82652981.699353,82652911.542616,1,gap,7.851,7.745,0.062,0.01,1,9921,16830,58.948306595365416,3.6838978015448602
gridplanar_path_tree,planar,planar100,path,copt-gpu,off,rep1,1085,100,10.85,9,4150,231340800.000026,231336169.7044,1,gap,1.932,1.92,0.005,0.003,0,0,1100,0.0,4.545454545454546
gridplanar_path_tree,planar,planar100,path,copt-gpu,off,rep2,1085,100,10.85,9,4150,231340800.035001,231336169.239961,1,gap,1.958,1.948,0.004,0.003,0,0,1100,0.0,3.6363636363636362
gridplanar_path_tree,planar,planar100,path,copt-gpu,off,rep3,1085,100,10.85,9,4150,231340800.000047,231336169.376084,1,gap,2.001,1.99,0.004,0.003,0,0,1100,0.0,3.6363636363636362
gridplanar_path_tree,planar,planar100,path,copt-gpu,on,rep1,1085,100,10.85,9,4150,231340800.000025,231336170.357068,1,gap,1.95,1.938,0.006,0.002,1,518,1100,47.09090909090909,5.454545454545454
gridplanar_path_tree,planar,planar100,path,copt-gpu,on,rep2,1085,100,10.85,9,4150,231340800.000047,231336170.067052,1,gap,1.97,1.96,0.004,0.002,1,518,1100,47.09090909090909,3.6363636363636362
gridplanar_path_tree,planar,planar100,path,copt-gpu,on,rep3,1085,100,10.85,9,4150,231340800.000025,231336170.324068,1,gap,1.999,1.989,0.004,0.002,1,518,1100,47.09090909090909,3.6363636363636362
gridplanar_path_tree,planar,planar100,tree,copt-gpu,off,rep1,1085,100,10.85,22,822,231344992.214054,231339110.401256,1,gap,4.24,4.22,0.007,0.003,0,0,2600,0.0,2.6923076923076925
gridplanar_path_tree,planar,planar100,tree,copt-gpu,off,rep2,1085,100,10.85,22,822,231344992.214058,231339110.401256,1,gap,4.225,4.204,0.008,0.004,0,0,2600,0.0,3.076923076923077
gridplanar_path_tree,planar,planar100,tree,copt-gpu,off,rep3,1085,100,10.85,22,822,231344992.214051,231339110.401256,1,gap,4.308,4.287,0.009,0.004,0,0,2600,0.0,3.4615384615384617
gridplanar_path_tree,planar,planar100,tree,copt-gpu,on,rep1,1085,100,10.85,22,822,231344992.214056,231339110.682943,1,gap,4.178,4.156,0.008,0.004,1,692,2600,26.615384615384617,3.076923076923077
gridplanar_path_tree,planar,planar100,tree,copt-gpu,on,rep2,1085,100,10.85,22,822,231344992.21407,231339110.682942,1,gap,4.261,4.241,0.006,0.003,1,692,2600,26.615384615384617,2.3076923076923075
gridplanar_path_tree,planar,planar100,tree,copt-gpu,on,rep3,1085,100,10.85,22,822,231344992.21406,231339110.682943,1,gap,4.288,4.268,0.007,0.004,1,692,2600,26.615384615384617,2.6923076923076925
gridplanar_path_tree,planar,planar1000,path,copt-gpu,off,rep1,20026,1000,20.026,17,83894,3449618257.586683,3449546317.030833,1,gap,26.216,24.574,0.232,0.295,0,0,19000,0.0,12.210526315789474
gridplanar_path_tree,planar,planar1000,path,copt-gpu,off,rep2,20026,1000,20.026,17,83920,3449619689.746853,3449553661.728191,1,gap,25.29,23.825,0.233,0.273,0,0,19000,0.0,12.263157894736842
gridplanar_path_tree,planar,planar1000,path,copt-gpu,off,rep3,20026,1000,20.026,17,83894,3449618257.586841,3449546317.03083,1,gap,24.334,22.863,0.235,0.269,0,0,19000,0.0,12.368421052631579
gridplanar_path_tree,planar,planar1000,path,copt-gpu,on,rep1,20026,1000,20.026,17,83894,3449618257.586802,3449546350.549726,1,gap,25.372,23.896,0.241,0.272,1,5267,19000,27.721052631578946,12.68421052631579
gridplanar_path_tree,planar,planar1000,path,copt-gpu,on,rep2,20026,1000,20.026,17,83894,3449618257.586726,3449546350.549731,1,gap,25.129,23.676,0.246,0.267,1,5267,19000,27.721052631578946,12.947368421052632
gridplanar_path_tree,planar,planar1000,path,copt-gpu,on,rep3,20026,1000,20.026,17,83894,3449618257.586647,3449546350.54973,1,gap,25.383,23.909,0.249,0.273,1,5267,19000,27.721052631578946,13.105263157894736
gridplanar_path_tree,planar,planar1000,tree,copt-gpu,off,rep1,20026,1000,20.026,51,8595,3449641168.397182,3449406217.058998,1,gap,40.527,38.746,0.641,0.119,0,0,56000,0.0,11.446428571428571
gridplanar_path_tree,planar,planar1000,tree,copt-gpu,off,rep2,20026,1000,20.026,51,8573,3449623927.739415,3449440266.281549,1,gap,40.591,38.836,0.654,0.117,0,0,56000,0.0,11.678571428571429
gridplanar_path_tree,planar,planar1000,tree,copt-gpu,off,rep3,20026,1000,20.026,52,8632,3449612540.571365,3449523611.532603,1,gap,42.015,40.186,0.655,0.123,0,0,57000,0.0,11.491228070175438
gridplanar_path_tree,planar,planar1000,tree,copt-gpu,on,rep1,20026,1000,20.026,51,8500,3449614636.026944,3449458972.666251,1,gap,41.038,39.322,0.595,0.12,1,8002,56000,14.289285714285715,10.625
gridplanar_path_tree,planar,planar1000,tree,copt-gpu,on,rep2,20026,1000,20.026,52,8629,3449611193.47893,3449589036.572742,1,gap,41.952,40.161,0.643,0.121,1,8002,57000,14.03859649122807,11.280701754385966
gridplanar_path_tree,planar,planar1000,tree,copt-gpu,on,rep3,20026,1000,20.026,52,8592,3449612443.775368,3449544365.162988,1,gap,42.037,40.274,0.602,0.121,1,8002,57000,14.03859649122807,10.56140350877193
gridplanar_path_tree,planar,planar150,path,copt-gpu,off,rep1,2239,150,14.926666666666666,14,9776,548091372.107577,548058236.0215,1,gap,4.428,4.38,0.009,0.009,0,0,2400,0.0,3.75
gridplanar_path_tree,planar,planar150,path,copt-gpu,off,rep2,2239,150,14.926666666666666,14,9776,548091372.107575,548058236.0215,1,gap,4.639,4.592,0.009,0.009,0,0,2400,0.0,3.75
gridplanar_path_tree,planar,planar150,path,copt-gpu,off,rep3,2239,150,14.926666666666666,14,9776,548091372.107578,548058236.0215,1,gap,4.741,4.685,0.01,0.012,0,0,2400,0.0,4.166666666666667
gridplanar_path_tree,planar,planar150,path,copt-gpu,on,rep1,2239,150,14.926666666666666,14,9776,548091372.107577,548058237.405913,1,gap,4.568,4.515,0.013,0.011,1,671,2400,27.958333333333332,5.416666666666667
gridplanar_path_tree,planar,planar150,path,copt-gpu,on,rep2,2239,150,14.926666666666666,14,9776,548091372.107577,548058237.405913,1,gap,4.556,4.51,0.008,0.009,1,671,2400,27.958333333333332,3.3333333333333335
gridplanar_path_tree,planar,planar150,path,copt-gpu,on,rep3,2239,150,14.926666666666666,14,9776,548091372.107577,548058237.405913,1,gap,4.552,4.505,0.008,0.01,1,671,2400,27.958333333333332,3.3333333333333335
gridplanar_path_tree,planar,planar150,tree,copt-gpu,off,rep1,2239,150,14.926666666666666,49,1503,548087417.196503,548081419.690685,1,gap,11.816,11.727,0.021,0.013,0,0,7950,0.0,2.641509433962264
gridplanar_path_tree,planar,planar150,tree,copt-gpu,off,rep2,2239,150,14.926666666666666,49,1503,548087417.19648,548081419.690684,1,gap,11.965,11.879,0.021,0.012,0,0,7950,0.0,2.641509433962264
gridplanar_path_tree,planar,planar150,tree,copt-gpu,off,rep3,2239,150,14.926666666666666,49,1494,548089587.757501,548043797.643806,1,gap,12.111,12.023,0.02,0.015,0,0,7950,0.0,2.5157232704402515
gridplanar_path_tree,planar,planar150,tree,copt-gpu,on,rep1,2239,150,14.926666666666666,49,1489,548087607.967613,548058591.834101,1,gap,11.947,11.859,0.024,0.012,1,907,7950,11.40880503144654,3.018867924528302
gridplanar_path_tree,planar,planar150,tree,copt-gpu,on,rep2,2239,150,14.926666666666666,47,1507,548091525.104833,548037047.022521,1,gap,11.397,11.314,0.02,0.011,1,905,7650,11.830065359477125,2.6143790849673203
gridplanar_path_tree,planar,planar150,tree,copt-gpu,on,rep3,2239,150,14.926666666666666,49,1504,548087242.509028,548086150.110772,1,gap,12.128,12.035,0.027,0.012,1,908,7950,11.421383647798741,3.3962264150943398
gridplanar_path_tree,planar,planar30,path,copt-gpu,off,rep1,92,29,3.1724137931034484,8,211,44350624.0,44350623.7389,1,gap,1.512,1.509,0.002,0.0,0,0,348,0.0,5.747126436781609
gridplanar_path_tree,planar,planar30,path,copt-gpu,off,rep2,92,29,3.1724137931034484,8,211,44350624.0,44350623.7389,1,gap,1.469,1.466,0.003,0.0,0,0,348,0.0,8.620689655172415
gridplanar_path_tree,planar,planar30,path,copt-gpu,off,rep3,92,29,3.1724137931034484,8,211,44350624.0,44350623.7389,1,gap,1.488,1.483,0.003,0.0,0,0,348,0.0,8.620689655172415
gridplanar_path_tree,planar,planar30,path,copt-gpu,on,rep1,92,29,3.1724137931034484,8,211,44350624.0,44350623.852797,1,gap,1.462,1.459,0.002,0.0,1,270,348,77.58620689655173,5.747126436781609
gridplanar_path_tree,planar,planar30,path,copt-gpu,on,rep2,92,29,3.1724137931034484,8,211,44350624.0,44350623.852797,1,gap,1.458,1.455,0.002,0.0,1,270,348,77.58620689655173,5.747126436781609
gridplanar_path_tree,planar,planar30,path,copt-gpu,on,rep3,92,29,3.1724137931034484,8,211,44350624.0,44350623.852797,1,gap,1.451,1.448,0.002,0.0,1,270,348,77.58620689655173,5.747126436781609
gridplanar_path_tree,planar,planar30,tree,copt-gpu,off,rep1,92,29,3.1724137931034484,10,130,44350800.800132,44347500.255333,1,gap,1.744,1.741,0.002,0.0,0,0,377,0.0,5.305039787798409
gridplanar_path_tree,planar,planar30,tree,copt-gpu,off,rep2,92,29,3.1724137931034484,10,130,44350800.800132,44347500.255333,1,gap,1.748,1.745,0.002,0.0,0,0,377,0.0,5.305039787798409
gridplanar_path_tree,planar,planar30,tree,copt-gpu,off,rep3,92,29,3.1724137931034484,10,130,44350800.800132,44347500.255333,1,gap,1.746,1.742,0.002,0.0,0,0,377,0.0,5.305039787798409
gridplanar_path_tree,planar,planar30,tree,copt-gpu,on,rep1,92,29,3.1724137931034484,10,130,44350800.800132,44347500.37343,1,gap,1.787,1.783,0.003,0.0,1,244,377,64.72148541114058,7.957559681697613
gridplanar_path_tree,planar,planar30,tree,copt-gpu,on,rep2,92,29,3.1724137931034484,10,130,44350800.800132,44347500.37343,1,gap,1.778,1.773,0.003,0.0,1,244,377,64.72148541114058,7.957559681697613
gridplanar_path_tree,planar,planar30,tree,copt-gpu,on,rep3,92,29,3.1724137931034484,10,130,44350800.800132,44347500.37343,1,gap,1.785,1.781,0.002,0.0,1,244,377,64.72148541114058,5.305039787798409
gridplanar_path_tree,planar,planar300,path,copt-gpu,off,rep1,3584,300,11.946666666666667,10,14260,689979980.667243,689967225.265568,1,gap,3.182,3.14,0.018,0.006,0,0,3600,0.0,5.0
gridplanar_path_tree,planar,planar300,path,copt-gpu,off,rep2,3584,300,11.946666666666667,10,14260,689979980.667245,689967225.265568,1,gap,2.972,2.935,0.015,0.006,0,0,3600,0.0,4.166666666666667
gridplanar_path_tree,planar,planar300,path,copt-gpu,off,rep3,3584,300,11.946666666666667,10,14260,689979980.667246,689967225.265568,1,gap,2.973,2.933,0.018,0.005,0,0,3600,0.0,5.0
gridplanar_path_tree,planar,planar300,path,copt-gpu,on,rep1,3584,300,11.946666666666667,10,14253,689979834.00592,689967580.763291,1,gap,3.001,2.961,0.017,0.005,1,1547,3600,42.97222222222222,4.722222222222222
gridplanar_path_tree,planar,planar300,path,copt-gpu,on,rep2,3584,300,11.946666666666667,10,14260,689979980.667249,689967229.082398,1,gap,2.919,2.88,0.017,0.005,1,1547,3600,42.97222222222222,4.722222222222222
gridplanar_path_tree,planar,planar300,path,copt-gpu,on,rep3,3584,300,11.946666666666667,10,14253,689979834.005919,689967580.763291,1,gap,2.978,2.938,0.017,0.006,1,1547,3600,42.97222222222222,4.722222222222222
gridplanar_path_tree,planar,planar300,tree,copt-gpu,off,rep1,3584,300,11.946666666666667,22,2447,689995036.770987,689951388.174829,1,gap,5.021,4.953,0.031,0.008,0,0,7800,0.0,3.9743589743589745
gridplanar_path_tree,planar,planar300,tree,copt-gpu,off,rep2,3584,300,11.946666666666667,22,2447,689995036.771056,689951388.17483,1,gap,5.11,5.042,0.029,0.008,0,0,7800,0.0,3.717948717948718
gridplanar_path_tree,planar,planar300,tree,copt-gpu,off,rep3,3584,300,11.946666666666667,22,2447,689995036.770978,689951388.17483,1,gap,5.206,5.134,0.032,0.008,0,0,7800,0.0,4.102564102564102
gridplanar_path_tree,planar,planar300,tree,copt-gpu,on,rep1,3584,300,11.946666666666667,22,2447,689995036.770973,689951388.18253,1,gap,5.126,5.06,0.027,0.01,1,1812,7800,23.23076923076923,3.4615384615384617
gridplanar_path_tree,planar,planar300,tree,copt-gpu,on,rep2,3584,300,11.946666666666667,22,2447,689995036.771012,689951388.182528,1,gap,5.02,4.957,0.025,0.008,1,1812,7800,23.23076923076923,3.2051282051282053
gridplanar_path_tree,planar,planar300,tree,copt-gpu,on,rep3,3584,300,11.946666666666667,22,2447,689995036.771023,689951388.182528,1,gap,5.09,5.025,0.029,0.007,1,1812,7800,23.23076923076923,3.717948717948718
gridplanar_path_tree,planar,planar50,path,copt-gpu,off,rep1,267,50,5.34,9,772,122199689.000011,122199688.172894,1,gap,1.637,1.631,0.002,0.002,0,0,600,0.0,3.3333333333333335
gridplanar_path_tree,planar,planar50,path,copt-gpu,off,rep2,267,50,5.34,9,772,122199689.000011,122199688.172894,1,gap,1.704,1.697,0.003,0.003,0,0,600,0.0,5.0
gridplanar_path_tree,planar,planar50,path,copt-gpu,off,rep3,267,50,5.34,9,772,122199689.000011,122199688.172894,1,gap,1.69,1.682,0.004,0.003,0,0,600,0.0,6.666666666666667
gridplanar_path_tree,planar,planar50,path,copt-gpu,on,rep1,267,50,5.34,9,772,122199689.000011,122199688.387986,1,gap,1.686,1.681,0.002,0.001,1,381,600,63.5,3.3333333333333335
gridplanar_path_tree,planar,planar50,path,copt-gpu,on,rep2,267,50,5.34,9,772,122199689.000011,122199688.387986,1,gap,1.673,1.667,0.002,0.001,1,381,600,63.5,3.3333333333333335
gridplanar_path_tree,planar,planar50,path,copt-gpu,on,rep3,267,50,5.34,9,772,122199689.000011,122199688.387986,1,gap,1.68,1.675,0.002,0.001,1,381,600,63.5,3.3333333333333335
gridplanar_path_tree,planar,planar50,tree,copt-gpu,off,rep1,267,50,5.34,17,256,122199882.037322,122199109.120486,1,gap,3.095,3.086,0.004,0.002,0,0,1050,0.0,3.8095238095238093
gridplanar_path_tree,planar,planar50,tree,copt-gpu,off,rep2,267,50,5.34,17,256,122199882.037322,122199109.120486,1,gap,3.03,3.021,0.005,0.002,0,0,1050,0.0,4.761904761904762
gridplanar_path_tree,planar,planar50,tree,copt-gpu,off,rep3,267,50,5.34,17,262,122202960.034316,122199441.323319,1,gap,3.125,3.113,0.005,0.003,0,0,1050,0.0,4.761904761904762
gridplanar_path_tree,planar,planar50,tree,copt-gpu,on,rep1,267,50,5.34,17,256,122199882.037322,122199109.326378,1,gap,3.13,3.119,0.005,0.002,1,557,1050,53.04761904761905,4.761904761904762
gridplanar_path_tree,planar,planar50,tree,copt-gpu,on,rep2,267,50,5.34,17,256,122199882.037322,122199109.326378,1,gap,3.04,3.03,0.004,0.002,1,557,1050,53.04761904761905,3.8095238095238093
gridplanar_path_tree,planar,planar50,tree,copt-gpu,on,rep3,267,50,5.34,17,262,122202960.034316,122199441.518812,1,gap,3.025,3.015,0.004,0.002,1,550,1050,52.38095238095238,3.8095238095238093
gridplanar_path_tree,planar,planar500,path,copt-gpu,off,rep1,3525,500,7.05,8,11279,481985162.109204,481947756.306028,1,gap,2.432,2.389,0.032,0.004,0,0,5000,0.0,6.4
gridplanar_path_tree,planar,planar500,path,copt-gpu,off,rep2,3525,500,7.05,8,11279,481985162.109363,481947756.306351,1,gap,2.231,2.191,0.029,0.004,0,0,5000,0.0,5.8
gridplanar_path_tree,planar,planar500,path,copt-gpu,off,rep3,3525,500,7.05,8,11279,481985162.109308,481947756.306238,1,gap,2.22,2.182,0.027,0.004,0,0,5000,0.0,5.4
gridplanar_path_tree,planar,planar500,path,copt-gpu,on,rep1,3525,500,7.05,8,11279,481985162.10927,481947765.902937,1,gap,2.212,2.17,0.031,0.004,1,2620,5000,52.4,6.2
gridplanar_path_tree,planar,planar500,path,copt-gpu,on,rep2,3525,500,7.05,8,11279,481985162.109264,481947765.902926,1,gap,2.222,2.181,0.031,0.004,1,2620,5000,52.4,6.2
gridplanar_path_tree,planar,planar500,path,copt-gpu,on,rep3,3525,500,7.05,8,11279,481985162.109272,481947765.902941,1,gap,2.234,2.194,0.029,0.004,1,2620,5000,52.4,5.8
gridplanar_path_tree,planar,planar500,tree,copt-gpu,off,rep1,3525,500,7.05,12,3280,481988260.122466,481961248.336388,1,gap,2.607,2.546,0.043,0.005,0,0,7500,0.0,5.733333333333333
gridplanar_path_tree,planar,planar500,tree,copt-gpu,off,rep2,3525,500,7.05,12,3275,481987762.304846,481968592.822722,1,gap,2.686,2.629,0.039,0.005,0,0,7500,0.0,5.2
gridplanar_path_tree,planar,planar500,tree,copt-gpu,off,rep3,3525,500,7.05,12,3275,481987762.304848,481968592.822752,1,gap,2.562,2.503,0.04,0.005,0,0,7500,0.0,5.333333333333333
gridplanar_path_tree,planar,planar500,tree,copt-gpu,on,rep1,3525,500,7.05,12,3275,481987762.304851,481968600.379821,1,gap,2.671,2.613,0.039,0.005,1,3089,7500,41.18666666666667,5.2
gridplanar_path_tree,planar,planar500,tree,copt-gpu,on,rep2,3525,500,7.05,12,3275,481987762.304849,481968600.379777,1,gap,2.67,2.612,0.039,0.006,1,3089,7500,41.18666666666667,5.2
gridplanar_path_tree,planar,planar500,tree,copt-gpu,on,rep3,3525,500,7.05,12,3244,481987999.930489,481954747.976549,1,gap,2.677,2.617,0.042,0.005,1,3034,7500,40.45333333333333,5.6
gridplanar_path_tree,planar,planar80,path,copt-gpu,off,rep1,543,80,6.7875,10,2360,182438134.00002,182438131.958298,1,gap,2.225,2.216,0.003,0.003,0,0,1040,0.0,2.8846153846153846
gridplanar_path_tree,planar,planar80,path,copt-gpu,off,rep2,543,80,6.7875,10,2613,182438134.0,182438131.9772,1,gap,2.165,2.156,0.004,0.002,0,0,1120,0.0,3.5714285714285716
gridplanar_path_tree,planar,planar80,path,copt-gpu,off,rep3,543,80,6.7875,10,2613,182438134.0,182438131.9772,1,gap,2.221,2.212,0.003,0.002,0,0,1120,0.0,2.6785714285714284
gridplanar_path_tree,planar,planar80,path,copt-gpu,on,rep1,543,80,6.7875,10,2613,182438134.0,182438132.414779,1,gap,2.154,2.145,0.004,0.002,1,621,1120,55.44642857142857,3.5714285714285716
gridplanar_path_tree,planar,planar80,path,copt-gpu,on,rep2,543,80,6.7875,10,2613,182438134.0,182438132.403779,1,gap,2.14,2.131,0.004,0.002,1,621,1120,55.44642857142857,3.5714285714285716
gridplanar_path_tree,planar,planar80,path,copt-gpu,on,rep3,543,80,6.7875,10,2613,182438134.0,182438132.414779,1,gap,2.159,2.15,0.004,0.002,1,621,1120,55.44642857142857,3.5714285714285716
gridplanar_path_tree,planar,planar80,tree,copt-gpu,off,rep1,543,80,6.7875,25,729,182438134.018298,182438131.611492,1,gap,4.623,4.601,0.007,0.004,0,0,2240,0.0,3.125
gridplanar_path_tree,planar,planar80,tree,copt-gpu,off,rep2,543,80,6.7875,25,729,182438134.018299,182438131.611492,1,gap,4.74,4.72,0.006,0.004,0,0,2240,0.0,2.6785714285714284
gridplanar_path_tree,planar,planar80,tree,copt-gpu,off,rep3,543,80,6.7875,25,729,182438134.018298,182438131.611492,1,gap,4.781,4.76,0.008,0.004,0,0,2240,0.0,3.5714285714285716
gridplanar_path_tree,planar,planar80,tree,copt-gpu,on,rep1,543,80,6.7875,25,729,182438134.018298,182438131.817781,1,gap,4.731,4.712,0.006,0.004,1,410,2240,18.303571428571427,2.6785714285714284
gridplanar_path_tree,planar,planar80,tree,copt-gpu,on,rep2,543,80,6.7875,25,729,182438134.0183,182438131.817781,1,gap,4.753,4.734,0.007,0.004,1,410,2240,18.303571428571427,3.125
gridplanar_path_tree,planar,planar80,tree,copt-gpu,on,rep3,543,80,6.7875,25,702,182438368.208549,182430433.383843,1,gap,4.865,4.845,0.006,0.005,1,403,2240,17.991071428571427,2.6785714285714284
gridplanar_path_tree,planar,planar800,path,copt-gpu,off,rep1,12756,800,15.945,10,52896,1167385798.522227,1167292803.934052,1,gap,6.138,5.929,0.09,0.031,0,0,9600,0.0,9.375
gridplanar_path_tree,planar,planar800,path,copt-gpu,off,rep2,12756,800,15.945,10,52896,1167385798.522211,1167292803.934018,1,gap,6.298,6.079,0.099,0.033,0,0,9600,0.0,10.3125
gridplanar_path_tree,planar,planar800,path,copt-gpu,off,rep3,12756,800,15.945,10,52896,1167385798.522224,1167292803.934051,1,gap,6.09,5.875,0.096,0.033,0,0,9600,0.0,10.0
gridplanar_path_tree,planar,planar800,path,copt-gpu,on,rep1,12756,800,15.945,10,52896,1167385798.522206,1167292813.186582,1,gap,6.307,6.091,0.097,0.033,1,3399,9600,35.40625,10.104166666666666
gridplanar_path_tree,planar,planar800,path,copt-gpu,on,rep2,12756,800,15.945,10,52896,1167385798.522224,1167292813.186496,1,gap,6.201,5.987,0.096,0.032,1,3399,9600,35.40625,10.0
gridplanar_path_tree,planar,planar800,path,copt-gpu,on,rep3,12756,800,15.945,10,52896,1167385798.52222,1167292813.186568,1,gap,6.317,6.107,0.092,0.031,1,3399,9600,35.40625,9.583333333333334
gridplanar_path_tree,planar,planar800,tree,copt-gpu,off,rep1,12756,800,15.945,23,6324,1167373872.737826,1167329873.26083,1,gap,7.996,7.635,0.193,0.036,0,0,20800,0.0,9.278846153846153
gridplanar_path_tree,planar,planar800,tree,copt-gpu,off,rep2,12756,800,15.945,23,6324,1167373872.737823,1167329873.260838,1,gap,8.037,7.676,0.195,0.034,0,0,20800,0.0,9.375
gridplanar_path_tree,planar,planar800,tree,copt-gpu,off,rep3,12756,800,15.945,23,6324,1167373872.737823,1167329873.260839,1,gap,7.708,7.343,0.197,0.036,0,0,20800,0.0,9.471153846153847
gridplanar_path_tree,planar,planar800,tree,copt-gpu,on,rep1,12756,800,15.945,23,6324,1167373872.737827,1167329873.565701,1,gap,8.141,7.778,0.188,0.035,1,3269,20800,15.716346153846153,9.038461538461538
gridplanar_path_tree,planar,planar800,tree,copt-gpu,on,rep2,12756,800,15.945,23,6324,1167373872.737821,1167329873.56571,1,gap,8.135,7.776,0.189,0.036,1,3269,20800,15.716346153846153,9.086538461538462
gridplanar_path_tree,planar,planar800,tree,copt-gpu,on,rep3,12756,800,15.945,23,6324,1167373872.737827,1167329873.5657,1,gap,8.162,7.813,0.181,0.035,1,3269,20800,15.716346153846153,8.701923076923077
intermodal_tree,intermodal,BUS-13160-0,tree,copt-cpu,off,rep1,13135,13135,1.0,26,15089,348361.500163,348336.740538,1,gap,5.329,0.608,2.7,1.999,0,0,55542,0.0,48.61186129415577
intermodal_tree,intermodal,BUS-13160-0,tree,copt-cpu,off,rep2,13135,13135,1.0,26,15089,348361.500163,348336.740538,1,gap,4.928,0.594,2.424,1.889,0,0,55542,0.0,43.64264880630874
intermodal_tree,intermodal,BUS-13160-0,tree,copt-cpu,off,rep3,13135,13135,1.0,26,15089,348361.500163,348336.740538,1,gap,5.029,0.598,2.469,1.94,0,0,55542,0.0,44.452846494544666
intermodal_tree,intermodal,BUS-13160-0,tree,copt-cpu,on,rep1,13135,13135,1.0,21,14990,348361.500002,348359.968724,1,gap,4.309,0.48,2.273,1.54,1,40200,55194,72.83400369605391,41.182012537594666
intermodal_tree,intermodal,BUS-13160-0,tree,copt-cpu,on,rep2,13135,13135,1.0,21,15008,348361.5,348359.953041,1,gap,4.223,0.473,2.229,1.503,1,40200,55212,72.81025863942621,40.37165833514453
intermodal_tree,intermodal,BUS-13160-0,tree,copt-cpu,on,rep3,13135,13135,1.0,21,15008,348361.5,348359.953041,1,gap,4.255,0.482,2.232,1.524,1,40200,55212,72.81025863942621,40.425994349054555
intermodal_tree,intermodal,BUS-13160-0,tree,copt-gpu,off,rep1,13135,13135,1.0,26,15089,348361.500163,348336.740538,1,gap,9.439,5.053,2.474,1.889,0,0,55542,0.0,44.54286845990422
intermodal_tree,intermodal,BUS-13160-0,tree,copt-gpu,off,rep2,13135,13135,1.0,26,15089,348361.500163,348336.740538,1,gap,9.337,5.018,2.419,1.879,0,0,55542,0.0,43.552626840949195
intermodal_tree,intermodal,BUS-13160-0,tree,copt-gpu,off,rep3,13135,13135,1.0,26,15089,348361.500163,348336.740538,1,gap,9.373,4.979,2.486,1.885,0,0,55542,0.0,44.75892117676713
intermodal_tree,intermodal,BUS-13160-0,tree,copt-gpu,on,rep1,13135,13135,1.0,21,14990,348361.500002,348359.968724,1,gap,7.933,4.116,2.275,1.523,1,40200,55194,72.83400369605391,41.21824836032902
intermodal_tree,intermodal,BUS-13160-0,tree,copt-gpu,on,rep2,13135,13135,1.0,21,15008,348361.5,348359.953041,1,gap,7.825,4.06,2.234,1.513,1,40200,55212,72.81025863942621,40.4622183583279
intermodal_tree,intermodal,BUS-13160-0,tree,copt-gpu,on,rep3,13135,13135,1.0,21,15008,348361.5,348359.961517,1,gap,7.924,4.138,2.263,1.506,1,40199,55211,72.80976616978501,40.988208871420554
intermodal_tree,intermodal,BUS-18424-0,tree,copt-cpu,off,rep1,18388,18388,1.0,42,21146,485027.000001,484990.000799,1,gap,10.338,1.309,4.948,4.04,0,0,94550,0.0,52.3320994182972
intermodal_tree,intermodal,BUS-18424-0,tree,copt-cpu,off,rep2,18388,18388,1.0,33,21144,485025.500001,484993.072961,1,gap,8.615,1.001,4.446,3.135,0,0,94272,0.0,47.16140529531568
intermodal_tree,intermodal,BUS-18424-0,tree,copt-cpu,off,rep3,18388,18388,1.0,33,21144,485025.500001,484993.074018,1,gap,8.827,0.999,4.619,3.177,0,0,94273,0.0,48.996000975889174
intermodal_tree,intermodal,BUS-18424-0,tree,copt-cpu,on,rep1,18388,18388,1.0,32,20906,485032.000322,485007.798403,1,gap,7.699,0.926,3.74,2.999,1,55124,76055,72.4791269476037,49.174939188744986
intermodal_tree,intermodal,BUS-18424-0,tree,copt-cpu,on,rep2,18388,18388,1.0,32,20906,485032.000103,485007.944257,1,gap,7.551,0.92,3.614,2.986,1,55124,76055,72.4791269476037,47.51824337650385
intermodal_tree,intermodal,BUS-18424-0,tree,copt-cpu,on,rep3,18388,18388,1.0,32,20906,485032.000322,485007.798403,1,gap,7.678,0.925,3.747,2.974,1,55124,76055,72.4791269476037,49.26697784498061
intermodal_tree,intermodal,BUS-18424-0,tree,copt-gpu,off,rep1,18388,18388,1.0,33,21144,485025.500001,484993.079561,1,gap,14.359,6.742,4.507,3.077,0,0,94276,0.0,47.80644066358352
intermodal_tree,intermodal,BUS-18424-0,tree,copt-gpu,off,rep2,18388,18388,1.0,42,21146,485027.000001,484990.001099,1,gap,17.391,8.653,4.743,3.953,0,0,94559,0.0,50.15915988959274
intermodal_tree,intermodal,BUS-18424-0,tree,copt-gpu,off,rep3,18388,18388,1.0,33,21144,485025.500001,484993.074018,1,gap,14.481,6.767,4.565,3.114,0,0,94273,0.0,48.423196461341
intermodal_tree,intermodal,BUS-18424-0,tree,copt-gpu,on,rep1,18388,18388,1.0,32,20906,485032.000322,485007.798403,1,gap,13.211,6.525,3.675,2.977,1,55124,76055,72.4791269476037,48.32029452369996
intermodal_tree,intermodal,BUS-18424-0,tree,copt-gpu,on,rep2,18388,18388,1.0,32,20906,485032.000345,485007.795,1,gap,13.211,6.441,3.767,2.969,1,55124,76055,72.4791269476037,49.52994543422523
intermodal_tree,intermodal,BUS-18424-0,tree,copt-gpu,on,rep3,18388,18388,1.0,32,20906,485032.000322,485007.798403,1,gap,13.24,6.564,3.674,2.969,1,55124,76055,72.4791269476037,48.30714614423772
intermodal_tree,intermodal,BUS-23688-0,tree,copt-cpu,off,rep1,23643,23643,1.0,13,27331,624891.00213,624830.570363,1,gap,7.715,0.585,5.532,1.579,0,0,97029,0.0,57.01388244751569
intermodal_tree,intermodal,BUS-23688-0,tree,copt-cpu,off,rep2,23643,23643,1.0,13,27332,624891.002052,624830.56168,1,gap,7.316,0.572,5.225,1.502,0,0,97029,0.0,53.849879932803596
intermodal_tree,intermodal,BUS-23688-0,tree,copt-cpu,off,rep3,23643,23643,1.0,13,27331,624891.000035,624830.455464,1,gap,7.35,0.575,5.226,1.531,0,0,97027,0.0,53.86129634019397
intermodal_tree,intermodal,BUS-23688-0,tree,copt-cpu,on,rep1,23643,23643,1.0,20,27345,624894.000001,624846.295662,1,gap,8.425,0.85,5.244,2.304,1,70064,97439,71.90549985118895,53.818286312462156
intermodal_tree,intermodal,BUS-23688-0,tree,copt-cpu,on,rep2,23643,23643,1.0,20,27325,624893.5,624846.39749,1,gap,8.431,0.851,5.247,2.308,1,70065,97419,71.92128845502417,53.86012995411573
intermodal_tree,intermodal,BUS-23688-0,tree,copt-cpu,on,rep3,23643,23643,1.0,20,27345,624894.000001,624846.295662,1,gap,8.32,0.849,5.147,2.297,1,70064,97439,71.90549985118895,52.82279169531707
intermodal_tree,intermodal,BUS-23688-0,tree,copt-gpu,off,rep1,23643,23643,1.0,13,27331,624891.00213,624830.570363,1,gap,9.861,2.928,5.402,1.513,0,0,97029,0.0,55.6740768223933
intermodal_tree,intermodal,BUS-23688-0,tree,copt-gpu,off,rep2,23643,23643,1.0,13,27331,624891.00213,624830.570363,1,gap,9.63,2.937,5.179,1.495,0,0,97029,0.0,53.3757948654526
intermodal_tree,intermodal,BUS-23688-0,tree,copt-gpu,off,rep3,23643,23643,1.0,13,27331,624891.00213,624830.570363,1,gap,9.936,2.996,5.365,1.557,0,0,97029,0.0,55.29274752908924
intermodal_tree,intermodal,BUS-23688-0,tree,copt-gpu,on,rep1,23643,23643,1.0,20,27345,624894.000001,624846.243112,1,gap,11.853,4.361,5.179,2.287,1,70064,97439,71.90549985118895,53.1512022906639
intermodal_tree,intermodal,BUS-23688-0,tree,copt-gpu,on,rep2,23643,23643,1.0,20,27345,624894.000001,624846.295662,1,gap,11.945,4.384,5.257,2.277,1,70064,97439,71.90549985118895,53.951703116821804
intermodal_tree,intermodal,BUS-23688-0,tree,copt-gpu,on,rep3,23643,23643,1.0,20,27325,624893.5,624846.39749,1,gap,11.854,4.395,5.143,2.289,1,70065,97419,71.92128845502417,52.792576396801444
intermodal_tree,intermodal,BUS-2632-0,tree,copt-cpu,off,rep1,2628,2628,1.0,32,3243,71026.5,71021.8721,1,gap,1.826,0.262,0.596,0.957,0,0,16342,0.0,36.47044425406927
intermodal_tree,intermodal,BUS-2632-0,tree,copt-cpu,off,rep2,2628,2628,1.0,32,3243,71026.5,71021.8716,1,gap,1.751,0.253,0.562,0.925,0,0,16342,0.0,34.389915555011626
intermodal_tree,intermodal,BUS-2632-0,tree,copt-cpu,off,rep3,2628,2628,1.0,32,3243,71026.5,71021.87,1,gap,1.771,0.25,0.578,0.933,0,0,16342,0.0,35.368987883979926
intermodal_tree,intermodal,BUS-2632-0,tree,copt-cpu,on,rep1,2628,2628,1.0,24,3237,71026.500108,71022.844422,1,gap,1.346,0.188,0.45,0.7,1,10409,13650,76.25641025641026,32.967032967032964
intermodal_tree,intermodal,BUS-2632-0,tree,copt-cpu,on,rep2,2628,2628,1.0,24,3237,71026.500108,71022.844422,1,gap,1.345,0.188,0.462,0.687,1,10409,13650,76.25641025641026,33.84615384615385
intermodal_tree,intermodal,BUS-2632-0,tree,copt-cpu,on,rep3,2628,2628,1.0,24,3237,71026.500108,71022.844422,1,gap,1.337,0.185,0.464,0.68,1,10409,13650,76.25641025641026,33.99267399267399
intermodal_tree,intermodal,BUS-2632-0,tree,copt-gpu,off,rep1,2628,2628,1.0,32,3243,71026.5,71021.8676,1,gap,7.423,5.603,0.683,1.123,0,0,16342,0.0,41.79415004283442
intermodal_tree,intermodal,BUS-2632-0,tree,copt-gpu,off,rep2,2628,2628,1.0,32,3243,71026.5,71021.8712,1,gap,7.407,5.585,0.692,1.117,0,0,16342,0.0,42.344878227879086
intermodal_tree,intermodal,BUS-2632-0,tree,copt-gpu,off,rep3,2628,2628,1.0,32,3243,71026.5,71021.8676,1,gap,7.494,5.684,0.672,1.124,0,0,16342,0.0,41.121037816668704
intermodal_tree,intermodal,BUS-2632-0,tree,copt-gpu,on,rep1,2628,2628,1.0,24,3237,71026.500108,71022.844422,1,gap,5.586,4.179,0.555,0.841,1,10409,13650,76.25641025641026,40.65934065934066
intermodal_tree,intermodal,BUS-2632-0,tree,copt-gpu,on,rep2,2628,2628,1.0,24,3237,71026.500108,71022.844422,1,gap,5.609,4.191,0.565,0.844,1,10409,13650,76.25641025641026,41.391941391941394
intermodal_tree,intermodal,BUS-2632-0,tree,copt-gpu,on,rep3,2628,2628,1.0,24,3237,71026.500108,71022.844422,1,gap,5.705,4.279,0.572,0.844,1,10409,13650,76.25641025641026,41.904761904761905
intermodal_tree,intermodal,BUS-7896-0,tree,copt-cpu,off,rep1,7883,7883,1.0,16,9168,210593.501491,210575.695613,1,gap,2.432,0.287,1.308,0.827,0,0,40322,0.0,32.43886711968652
intermodal_tree,intermodal,BUS-7896-0,tree,copt-cpu,off,rep2,7883,7883,1.0,16,9168,210593.500067,210575.719984,1,gap,2.36,0.282,1.256,0.813,0,0,40322,0.0,31.14924854917911
intermodal_tree,intermodal,BUS-7896-0,tree,copt-cpu,off,rep3,7883,7883,1.0,16,9168,210593.501491,210575.695613,1,gap,2.434,0.285,1.293,0.846,0,0,40322,0.0,32.06686176280938
intermodal_tree,intermodal,BUS-7896-0,tree,copt-cpu,on,rep1,7883,7883,1.0,20,9271,210595.000061,210590.316884,1,gap,2.618,0.331,1.255,1.019,1,30979,40274,76.92059393156876,31.16154342752148
intermodal_tree,intermodal,BUS-7896-0,tree,copt-cpu,on,rep2,7883,7883,1.0,20,9271,210595.000061,210590.316884,1,gap,2.614,0.338,1.257,1.007,1,30979,40274,76.92059393156876,31.211203257684858
intermodal_tree,intermodal,BUS-7896-0,tree,copt-cpu,on,rep3,7883,7883,1.0,20,9271,210595.000061,210590.316884,1,gap,2.583,0.335,1.232,1.005,1,30979,40274,76.92059393156876,30.5904553806426
intermodal_tree,intermodal,BUS-7896-0,tree,copt-gpu,off,rep1,7883,7883,1.0,16,9168,210593.501491,210575.695613,1,gap,5.226,3.042,1.286,0.887,0,0,40322,0.0,31.893259262933388
intermodal_tree,intermodal,BUS-7896-0,tree,copt-gpu,off,rep2,7883,7883,1.0,16,9168,210593.501491,210575.695613,1,gap,5.248,3.058,1.284,0.896,0,0,40322,0.0,31.843658548683102
intermodal_tree,intermodal,BUS-7896-0,tree,copt-gpu,off,rep3,7883,7883,1.0,16,9168,210593.501491,210575.695613,1,gap,5.26,3.064,1.31,0.875,0,0,40322,0.0,32.48846783393681
intermodal_tree,intermodal,BUS-7896-0,tree,copt-gpu,on,rep1,7883,7883,1.0,20,9271,210595.000061,210590.316884,1,gap,6.191,3.713,1.315,1.15,1,30979,40274,76.92059393156876,32.6513383324229
intermodal_tree,intermodal,BUS-7896-0,tree,copt-gpu,on,rep2,7883,7883,1.0,20,9271,210595.000061,210590.316884,1,gap,6.145,3.688,1.308,1.136,1,30979,40274,76.92059393156876,32.47752892685107
intermodal_tree,intermodal,BUS-7896-0,tree,copt-gpu,on,rep3,7883,7883,1.0,20,9271,210595.000061,210590.316884,1,gap,6.234,3.764,1.314,1.142,1,30979,40274,76.92059393156876,32.62650841734121
intermodal_tree,intermodal,SBT-18765-0,tree,copt-cpu,off,rep1,18745,18745,1.0,9,19686,481107.5,481069.92179,1,gap,10.066,0.193,8.717,1.148,0,0,75755,0.0,115.06831232261897
intermodal_tree,intermodal,SBT-18765-0,tree,copt-cpu,off,rep2,18745,18745,1.0,9,19686,481107.5,481069.92179,1,gap,10.034,0.193,8.702,1.131,0,0,75755,0.0,114.87030559039007
intermodal_tree,intermodal,SBT-18765-0,tree,copt-cpu,off,rep3,18745,18745,1.0,9,19686,481107.5,481069.92179,1,gap,10.193,0.195,8.832,1.158,0,0,75755,0.0,116.58636393637384
intermodal_tree,intermodal,SBT-18765-0,tree,copt-cpu,on,rep1,18745,18745,1.0,7,19675,481113.000002,481098.244188,1,gap,7.401,0.157,6.355,0.883,1,37312,56998,65.46194603319415,111.49514018035721
intermodal_tree,intermodal,SBT-18765-0,tree,copt-cpu,on,rep2,18745,18745,1.0,7,19675,481113.000002,481098.244188,1,gap,7.341,0.155,6.309,0.871,1,37312,56998,65.46194603319415,110.68809431909892
intermodal_tree,intermodal,SBT-18765-0,tree,copt-cpu,on,rep3,18745,18745,1.0,7,19675,481113.000002,481098.244188,1,gap,7.359,0.161,6.322,0.871,1,37312,56998,65.46194603319415,110.91617249728061
intermodal_tree,intermodal,SBT-18765-0,tree,copt-gpu,off,rep1,18745,18745,1.0,9,19686,481107.5,481069.92179,1,gap,11.959,1.833,8.942,1.176,0,0,75755,0.0,118.0384133060524
intermodal_tree,intermodal,SBT-18765-0,tree,copt-gpu,off,rep2,18745,18745,1.0,9,19686,481107.5,481069.92179,1,gap,11.509,1.8,8.571,1.129,0,0,75755,0.0,113.14104679559105
intermodal_tree,intermodal,SBT-18765-0,tree,copt-gpu,off,rep3,18745,18745,1.0,9,19686,481107.5,481069.92179,1,gap,11.805,1.806,8.865,1.125,0,0,75755,0.0,117.0219787472774
intermodal_tree,intermodal,SBT-18765-0,tree,copt-gpu,on,rep1,18745,18745,1.0,7,19675,481113.000002,481098.244188,1,gap,8.593,1.437,6.28,0.87,1,37312,56998,65.46194603319415,110.1793045370013
intermodal_tree,intermodal,SBT-18765-0,tree,copt-gpu,on,rep2,18745,18745,1.0,7,19675,481113.000002,481098.244188,1,gap,8.677,1.447,6.361,0.863,1,37312,56998,65.46194603319415,111.60040703182568
intermodal_tree,intermodal,SBT-18765-0,tree,copt-gpu,on,rep3,18745,18745,1.0,7,19675,481113.000002,481098.244188,1,gap,8.566,1.464,6.229,0.867,1,37312,56998,65.46194603319415,109.28453629951927
intermodal_tree,intermodal,SBT-31275-0,tree,copt-cpu,off,rep1,31252,31252,1.0,6,32538,801323.0,801264.5071,1,gap,22.362,0.234,20.949,1.172,0,0,126342,0.0,165.8118440423612
intermodal_tree,intermodal,SBT-31275-0,tree,copt-cpu,off,rep2,31252,31252,1.0,6,32538,801323.0,801264.5071,1,gap,21.636,0.226,20.235,1.168,0,0,126342,0.0,160.16051669278625
intermodal_tree,intermodal,SBT-31275-0,tree,copt-cpu,off,rep3,31252,31252,1.0,6,32538,801323.0,801264.5071,1,gap,21.762,0.225,20.364,1.165,0,0,126342,0.0,161.18155482737333
intermodal_tree,intermodal,SBT-31275-0,tree,copt-cpu,on,rep1,31252,31252,1.0,6,32538,801323.0,801319.663709,1,gap,21.017,0.221,19.64,1.15,1,93804,126342,74.24609393550838,155.45107723480712
intermodal_tree,intermodal,SBT-31275-0,tree,copt-cpu,on,rep2,31252,31252,1.0,6,32538,801323.0,801319.663709,1,gap,21.112,0.22,19.736,1.15,1,93804,126342,74.24609393550838,156.21091956752306
intermodal_tree,intermodal,SBT-31275-0,tree,copt-cpu,on,rep3,31252,31252,1.0,6,32538,801323.0,801319.663709,1,gap,20.969,0.226,19.574,1.162,1,93804,126342,74.24609393550838,154.9286856310649
intermodal_tree,intermodal,SBT-31275-0,tree,copt-gpu,off,rep1,31252,31252,1.0,6,32538,801323.0,801264.5071,1,gap,23.36,1.35,20.817,1.186,0,0,126342,0.0,164.76706083487676
intermodal_tree,intermodal,SBT-31275-0,tree,copt-gpu,off,rep2,31252,31252,1.0,6,32538,801323.0,801264.5071,1,gap,22.557,1.333,20.044,1.172,0,0,126342,0.0,158.64874705165346
intermodal_tree,intermodal,SBT-31275-0,tree,copt-gpu,off,rep3,31252,31252,1.0,6,32538,801323.0,801264.5071,1,gap,23.731,1.392,21.116,1.216,0,0,126342,0.0,167.13365310031503
intermodal_tree,intermodal,SBT-31275-0,tree,copt-gpu,on,rep1,31252,31252,1.0,6,32538,801323.0,801319.663709,1,gap,22.39,1.355,19.845,1.183,1,93804,126342,74.24609393550838,157.07365721612766
intermodal_tree,intermodal,SBT-31275-0,tree,copt-gpu,on,rep2,31252,31252,1.0,6,32538,801323.0,801319.663709,1,gap,21.925,1.333,19.429,1.155,1,93804,126342,74.24609393550838,153.78100710769183
intermodal_tree,intermodal,SBT-31275-0,tree,copt-gpu,on,rep3,31252,31252,1.0,6,32538,801323.0,801319.663709,1,gap,22.318,1.367,19.781,1.162,1,93804,126342,74.24609393550838,156.56709566098368
intermodal_tree,intermodal,SBT-43785-0,tree,copt-cpu,off,rep1,43757,43757,1.0,6,45730,1123600.000001,1123517.013469,1,gap,31.809,0.338,29.753,1.708,0,0,133286,0.0,223.2267454946506
intermodal_tree,intermodal,SBT-43785-0,tree,copt-cpu,off,rep2,43757,43757,1.0,6,45730,1123600.000001,1123517.013469,1,gap,30.453,0.326,28.45,1.668,0,0,133286,0.0,213.45077502513394
intermodal_tree,intermodal,SBT-43785-0,tree,copt-cpu,off,rep3,43757,43757,1.0,6,45730,1123600.000001,1123517.013469,1,gap,30.618,0.324,28.619,1.666,0,0,133286,0.0,214.71872514742734
intermodal_tree,intermodal,SBT-43785-0,tree,copt-cpu,on,rep1,43757,43757,1.0,6,45730,1123600.000001,1123593.83063,1,gap,29.9,0.311,27.908,1.671,1,87555,133286,65.68956979727804,209.38433143766036
intermodal_tree,intermodal,SBT-43785-0,tree,copt-cpu,on,rep2,43757,43757,1.0,6,45730,1123600.000001,1123593.83063,1,gap,30.199,0.336,28.172,1.681,1,87555,133286,65.68956979727804,211.36503458727847
intermodal_tree,intermodal,SBT-43785-0,tree,copt-cpu,on,rep3,43757,43757,1.0,6,45730,1123600.000001,1123593.83063,1,gap,29.475,0.311,27.481,1.673,1,87555,133286,65.68956979727804,206.18069414642198
intermodal_tree,intermodal,SBT-43785-0,tree,copt-gpu,off,rep1,43757,43757,1.0,6,45730,1123600.000001,1123517.013469,1,gap,31.914,1.435,28.776,1.693,0,0,133286,0.0,215.89664330837448
intermodal_tree,intermodal,SBT-43785-0,tree,copt-gpu,off,rep2,43757,43757,1.0,6,45730,1123600.000001,1123517.013469,1,gap,31.438,1.429,28.321,1.678,0,0,133286,0.0,212.48293144066145
intermodal_tree,intermodal,SBT-43785-0,tree,copt-gpu,off,rep3,43757,43757,1.0,6,45730,1123600.000001,1123517.013469,1,gap,34.195,1.522,30.928,1.734,0,0,133286,0.0,232.0423750431403
intermodal_tree,intermodal,SBT-43785-0,tree,copt-gpu,on,rep1,43757,43757,1.0,6,45730,1123600.000001,1123593.83063,1,gap,30.926,1.404,27.837,1.676,1,87555,133286,65.68956979727804,208.85164233302822
intermodal_tree,intermodal,SBT-43785-0,tree,copt-gpu,on,rep2,43757,43757,1.0,6,45730,1123600.000001,1123593.83063,1,gap,30.96,1.395,27.89,1.666,1,87555,133286,65.68956979727804,209.24928349564095
intermodal_tree,intermodal,SBT-43785-0,tree,copt-gpu,on,rep3,43757,43757,1.0,6,45730,1123600.000001,1123593.83063,1,gap,30.886,1.436,27.777,1.663,1,87555,133286,65.68956979727804,208.40148252629683
intermodal_tree,intermodal,SBT-56295-0,tree,copt-cpu,off,rep1,56269,56269,1.0,10,58750,1447869.0,1447747.2042,1,gap,52.811,0.58,48.709,3.497,0,0,171350,0.0,284.2661219725708
intermodal_tree,intermodal,SBT-56295-0,tree,copt-cpu,off,rep2,56269,56269,1.0,10,58750,1447869.0,1447747.2042,1,gap,51.367,0.598,47.275,3.47,0,0,171350,0.0,275.89728625620074
intermodal_tree,intermodal,SBT-56295-0,tree,copt-cpu,off,rep3,56269,56269,1.0,10,58750,1447869.0,1447747.2042,1,gap,51.419,0.598,47.305,3.49,0,0,171350,0.0,276.0723665013131
intermodal_tree,intermodal,SBT-56295-0,tree,copt-cpu,on,rep1,56269,56269,1.0,10,58750,1447869.0,1447845.522451,1,gap,49.915,0.606,45.804,3.478,1,112303,171083,65.64240748642472,267.7296984504597
intermodal_tree,intermodal,SBT-56295-0,tree,copt-cpu,on,rep2,56269,56269,1.0,10,58750,1447869.0,1447845.522451,1,gap,50.142,0.583,46.047,3.488,1,112303,171083,65.64240748642472,269.150061665975
intermodal_tree,intermodal,SBT-56295-0,tree,copt-cpu,on,rep3,56269,56269,1.0,10,58750,1447869.0,1447845.522451,1,gap,49.859,0.578,45.8,3.456,1,112303,171083,65.64240748642472,267.7063179860068
intermodal_tree,intermodal,SBT-56295-0,tree,copt-gpu,off,rep1,56269,56269,1.0,10,58750,1447869.0,1447747.2042,1,gap,55.196,2.327,49.351,3.494,0,0,171350,0.0,288.0128392179749
intermodal_tree,intermodal,SBT-56295-0,tree,copt-gpu,off,rep2,56269,56269,1.0,10,58750,1447869.0,1447747.2042,1,gap,53.019,2.373,47.174,3.448,0,0,171350,0.0,275.3078494309892
intermodal_tree,intermodal,SBT-56295-0,tree,copt-gpu,off,rep3,56269,56269,1.0,10,58750,1447869.0,1447747.2042,1,gap,56.297,2.368,50.35,3.554,0,0,171350,0.0,293.84301138021596
intermodal_tree,intermodal,SBT-56295-0,tree,copt-gpu,on,rep1,56269,56269,1.0,10,58750,1447869.0,1447845.522451,1,gap,52.112,2.327,46.323,3.438,1,112303,171083,65.64240748642472,270.7633137132269
intermodal_tree,intermodal,SBT-56295-0,tree,copt-gpu,on,rep2,56269,56269,1.0,10,58750,1447869.0,1447845.522451,1,gap,52.096,2.31,46.25,3.511,1,112303,171083,65.64240748642472,270.336620236961
intermodal_tree,intermodal,SBT-56295-0,tree,copt-gpu,on,rep3,56269,56269,1.0,10,58750,1447869.0,1447845.522451,1,gap,51.234,2.332,45.437,3.441,1,112303,171083,65.64240748642472,265.5845408369037
intermodal_tree,intermodal,SBT-6255-0,tree,copt-cpu,off,rep1,6251,6251,1.0,8,6747,160606.000003,160593.921669,1,gap,1.978,0.08,1.418,0.475,0,0,19164,0.0,73.99290336046754
intermodal_tree,intermodal,SBT-6255-0,tree,copt-cpu,off,rep2,6251,6251,1.0,8,6747,160606.000003,160593.921669,1,gap,1.9,0.078,1.345,0.473,0,0,19164,0.0,70.18367772907536
intermodal_tree,intermodal,SBT-6255-0,tree,copt-cpu,off,rep3,6251,6251,1.0,8,6747,160606.000003,160593.921669,1,gap,1.892,0.079,1.343,0.466,0,0,19164,0.0,70.07931538300981
intermodal_tree,intermodal,SBT-6255-0,tree,copt-cpu,on,rep1,6251,6251,1.0,8,6747,160606.000003,160605.166572,1,gap,1.878,0.077,1.331,0.466,1,12416,19164,64.78814443748695,69.45314130661657
intermodal_tree,intermodal,SBT-6255-0,tree,copt-cpu,on,rep2,6251,6251,1.0,8,6747,160606.000003,160605.166572,1,gap,1.884,0.078,1.329,0.472,1,12416,19164,64.78814443748695,69.34877896055103
intermodal_tree,intermodal,SBT-6255-0,tree,copt-cpu,on,rep3,6251,6251,1.0,8,6747,160606.000003,160605.166572,1,gap,1.881,0.08,1.331,0.466,1,12416,19164,64.78814443748695,69.45314130661657
intermodal_tree,intermodal,SBT-6255-0,tree,copt-gpu,off,rep1,6251,6251,1.0,8,6747,160606.000003,160593.921669,1,gap,3.602,1.625,1.471,0.502,0,0,19164,0.0,76.75850553120434
intermodal_tree,intermodal,SBT-6255-0,tree,copt-gpu,off,rep2,6251,6251,1.0,8,6747,160606.000003,160593.921669,1,gap,3.311,1.476,1.339,0.492,0,0,19164,0.0,69.87059069087873
intermodal_tree,intermodal,SBT-6255-0,tree,copt-gpu,off,rep3,6251,6251,1.0,8,6747,160606.000003,160593.921669,1,gap,3.454,1.518,1.439,0.493,0,0,19164,0.0,75.08870799415571
intermodal_tree,intermodal,SBT-6255-0,tree,copt-gpu,on,rep1,6251,6251,1.0,8,6747,160606.000003,160605.166572,1,gap,3.243,1.44,1.299,0.499,1,12416,19164,64.78814443748695,67.78334376956794
intermodal_tree,intermodal,SBT-6255-0,tree,copt-gpu,on,rep2,6251,6251,1.0,8,6747,160606.000003,160605.166572,1,gap,3.284,1.457,1.324,0.5,1,12416,19164,64.78814443748695,69.08787309538718
intermodal_tree,intermodal,SBT-6255-0,tree,copt-gpu,on,rep3,6251,6251,1.0,8,6747,160606.000003,160605.166572,1,gap,3.299,1.461,1.332,0.503,1,12416,19164,64.78814443748695,69.50532247964934
transportation_tree,transportation,Barcelona,tree,copt-gpu,off,rep1,7922,97,81.6701030927835,35,234,243.518425,243.43722,1,priced-out,7.794,7.69,0.049,0.013,0,0,3686,0.0,13.293543136190992
transportation_tree,transportation,Barcelona,tree,copt-gpu,off,rep2,7922,97,81.6701030927835,33,288,243.517311,243.439771,1,priced-out,6.858,6.766,0.044,0.012,0,0,3589,0.0,12.259682362775147
transportation_tree,transportation,Barcelona,tree,copt-gpu,off,rep3,7922,97,81.6701030927835,34,246,243.517939,243.434833,1,priced-out,7.321,7.217,0.051,0.013,0,0,3589,0.0,14.210086375034829
transportation_tree,transportation,Barcelona,tree,copt-gpu,on,rep1,7922,97,81.6701030927835,38,217,243.517071,243.408431,1,priced-out,8.018,7.909,0.053,0.016,1,2015,3977,50.6663314055821,13.326628111641941
transportation_tree,transportation,Barcelona,tree,copt-gpu,on,rep2,7922,97,81.6701030927835,34,254,243.519613,243.411417,1,priced-out,7.038,6.944,0.045,0.012,1,1759,3589,49.01086653663973,12.538311507383673
transportation_tree,transportation,Barcelona,tree,copt-gpu,on,rep3,7922,97,81.6701030927835,36,218,243.520077,243.412038,1,priced-out,7.492,7.393,0.047,0.012,1,1907,3783,50.40972772931536,12.424002114723764
transportation_tree,transportation,BerlinCenter,tree,copt-gpu,off,rep1,49688,865,57.442774566473986,32,5148,27529911.435895,27527209.64391,1,gap,15.831,13.591,1.621,0.153,0,0,31140,0.0,52.05523442517662
transportation_tree,transportation,BerlinCenter,tree,copt-gpu,off,rep2,49688,865,57.442774566473986,31,5222,27529700.79188,27527357.323118,1,gap,14.799,12.7,1.567,0.141,0,0,30275,0.0,51.7588769611891
transportation_tree,transportation,BerlinCenter,tree,copt-gpu,off,rep3,49688,865,57.442774566473986,32,5248,27529599.636449,27527365.769016,1,gap,15.339,13.24,1.535,0.141,0,0,31140,0.0,49.293513166345534
transportation_tree,transportation,BerlinCenter,tree,copt-gpu,on,rep1,49688,865,57.442774566473986,32,5322,27529425.244096,27526956.501589,1,gap,15.191,13.138,1.501,0.147,1,9320,31140,29.929351316634552,48.20166987797045
transportation_tree,transportation,BerlinCenter,tree,copt-gpu,on,rep2,49688,865,57.442774566473986,32,5322,27529425.243787,27526956.497144,1,gap,15.247,13.163,1.527,0.15,1,9320,31140,29.929351316634552,49.03660886319846
transportation_tree,transportation,BerlinCenter,tree,copt-gpu,on,rep3,49688,865,57.442774566473986,32,5202,27529280.112649,27527859.294555,1,gap,15.355,13.289,1.505,0.146,1,9275,31140,29.784842646114324,48.33012202954399
transportation_tree,transportation,ChicagoRegional,tree,copt-gpu,off,rep1,2297945,1771,1297.5409373235461,50,21829,5513156.278402,5512375.359842,1,priced-out,88.107,55.848,13.336,2.554,0,0,99176,0.0,134.4680164555941
transportation_tree,transportation,ChicagoRegional,tree,copt-gpu,off,rep2,2297945,1771,1297.5409373235461,50,21955,5513156.286848,5512374.797891,1,priced-out,85.049,53.908,13.549,2.48,0,0,99176,0.0,136.61571347906752
transportation_tree,transportation,ChicagoRegional,tree,copt-gpu,off,rep3,2297945,1771,1297.5409373235461,51,22103,5513156.284561,5512374.559594,1,priced-out,86.805,54.803,13.646,2.599,0,0,100947,0.0,135.1798468503274
transportation_tree,transportation,ChicagoRegional,tree,copt-gpu,on,rep1,2297945,1771,1297.5409373235461,48,21693,5513156.283108,5512373.374477,1,priced-out,78.755,49.839,12.194,2.303,1,21067,95634,22.028776376602462,127.50695359391011
transportation_tree,transportation,ChicagoRegional,tree,copt-gpu,on,rep2,2297945,1771,1297.5409373235461,51,21084,5513156.279552,5512374.45702,1,priced-out,85.452,55.175,12.695,2.503,1,23662,100947,23.44002298235708,125.75906168583514
transportation_tree,transportation,ChicagoRegional,tree,copt-gpu,on,rep3,2297945,1771,1297.5409373235461,48,20806,5513156.285931,5512373.254507,1,priced-out,79.735,51.009,12.095,2.316,1,21456,95634,22.43553547901374,126.47175690653951
transportation_tree,transportation,ChicagoSketch,tree,copt-gpu,off,rep1,93513,386,242.26165803108807,14,2722,6705940.401858,6705421.631723,1,gap,3.47,3.3,0.099,0.015,0,0,7334,0.0,13.498772838832833
transportation_tree,transportation,ChicagoSketch,tree,copt-gpu,off,rep2,93513,386,242.26165803108807,14,2722,6705940.401858,6705421.631723,1,gap,2.941,2.788,0.098,0.012,0,0,7334,0.0,13.362421598036542
transportation_tree,transportation,ChicagoSketch,tree,copt-gpu,off,rep3,93513,386,242.26165803108807,14,2722,6705940.401858,6705421.631723,1,gap,2.986,2.822,0.106,0.014,0,0,7334,0.0,14.453231524406872
transportation_tree,transportation,ChicagoSketch,tree,copt-gpu,on,rep1,93513,386,242.26165803108807,15,2532,6705868.864438,6705450.895762,1,gap,3.142,3.0,0.079,0.014,1,3680,7720,47.66839378238342,10.233160621761659
transportation_tree,transportation,ChicagoSketch,tree,copt-gpu,on,rep2,93513,386,242.26165803108807,14,2722,6705940.401858,6705422.025662,1,gap,2.897,2.767,0.075,0.011,1,3477,7334,47.409326424870464,10.226343059721843
transportation_tree,transportation,ChicagoSketch,tree,copt-gpu,on,rep3,93513,386,242.26165803108807,14,2722,6705940.401858,6705422.025662,1,gap,2.929,2.799,0.074,0.011,1,3477,7334,47.409326424870464,10.089991818925553
transportation_tree,transportation,Sydney,tree,copt-gpu,off,rep1,3343560,3257,1026.576604237028,25,12415,4968208.860484,4966458.164306,1,priced-out,72.401,24.889,28.472,2.276,0,0,97710,0.0,291.39289734929895
transportation_tree,transportation,Sydney,tree,copt-gpu,off,rep2,3343560,3257,1026.576604237028,24,13210,4968208.848142,4966458.832541,1,priced-out,70.786,24.613,27.764,2.207,0,0,94453,0.0,293.94513673467225
transportation_tree,transportation,Sydney,tree,copt-gpu,off,rep3,3343560,3257,1026.576604237028,25,12647,4968208.845097,4966458.608927,1,priced-out,72.543,25.386,27.941,2.391,0,0,97710,0.0,285.95844846996215
transportation_tree,transportation,Sydney,tree,copt-gpu,on,rep1,3343560,3257,1026.576604237028,25,12415,4968208.860484,4966458.364048,1,priced-out,69.822,24.782,26.486,2.259,1,28984,97710,29.663289325555215,271.067444478559
transportation_tree,transportation,Sydney,tree,copt-gpu,on,rep2,3343560,3257,1026.576604237028,25,12647,4968208.845097,4966458.791916,1,priced-out,70.051,25.344,26.139,2.252,1,28627,97710,29.297922423498107,267.5161191280319
transportation_tree,transportation,Sydney,tree,copt-gpu,on,rep3,3343560,3257,1026.576604237028,26,11996,4968208.833659,4966457.71484,1,priced-out,71.69,25.758,27.217,2.31,1,30378,100967,30.087058147711627,269.5633226697832
transportation_tree,transportation,Winnipeg,tree,copt-gpu,off,rep1,4345,135,32.18518518518518,38,390,420.167804,420.082003,1,priced-out,8.24,8.115,0.057,0.017,0,0,5535,0.0,10.29810298102981
transportation_tree,transportation,Winnipeg,tree,copt-gpu,off,rep2,4345,135,32.18518518518518,34,437,420.170948,420.076126,1,priced-out,7.283,7.17,0.053,0.013,0,0,4995,0.0,10.61061061061061
transportation_tree,transportation,Winnipeg,tree,copt-gpu,off,rep3,4345,135,32.18518518518518,36,389,420.168069,420.077562,1,priced-out,7.826,7.705,0.056,0.016,0,0,5265,0.0,10.63627730294397
transportation_tree,transportation,Winnipeg,tree,copt-gpu,on,rep1,4345,135,32.18518518518518,33,497,420.168948,420.020626,1,priced-out,7.11,6.998,0.053,0.013,1,1875,4860,38.58024691358025,10.905349794238683
transportation_tree,transportation,Winnipeg,tree,copt-gpu,on,rep2,4345,135,32.18518518518518,33,396,420.170432,420.015409,1,priced-out,7.133,7.025,0.051,0.013,1,2019,4860,41.54320987654321,10.493827160493828
transportation_tree,transportation,Winnipeg,tree,copt-gpu,on,rep3,4345,135,32.18518518518518,35,381,420.168527,420.012568,1,priced-out,7.692,7.576,0.055,0.014,1,2197,5130,42.826510721247566,10.721247563352826
