sweep,family,instance,formulation,solver,per_source,reps_off,reps_on,t_tot_off,t_tot_on,d_t_tot_pct,t_pr_off,t_pr_on,d_t_pr_pct,t_lp_off,t_lp_on,d_t_lp_pct,per_price_us_off,per_price_us_on,d_per_price_pct,iters_off,iters_on,cols_off,cols_on,priced_off,priced_on,traj_moved,traj_stable,pricing_share_pct,fire_rate_pct,pred_wall_pct,obj_off,obj_on,d_obj_rel,lb_delta,exit_off,exit_on,spread_off_pct,spread_per_price_off_pct
gridplanar_path_tree,grid,grid1,path,copt-gpu,2.1739130434782608,3,3,0.563,0.567,0.7104795737122565,0.002,0.002,0.0,0.56,0.564,0.714285714285695,6.211180124223603,7.246376811594203,16.666666666666668,9,9,88,88,322,322,0,1,0.35523978685612795,86.0248447204969,0.059206631142688,827319.000001,827319.000001,0.0,0.5319829999934882,gap,gap,0.0,0.0
gridplanar_path_tree,grid,grid1,tree,copt-gpu,2.1739130434782608,3,3,0.507,0.507,0.0,0.002,0.003,50.0,0.504,0.504,0.0,5.967604433077579,7.672634271099746,28.571428571428598,11,11,61,61,391,391,0,1,0.39447731755424065,84.39897698209718,0.11270780501549743,827319.0,827319.0,0.0,0.5319829999934882,gap,gap,50.0,49.99999999999999
gridplanar_path_tree,grid,grid10,path,copt-gpu,3.372681281618887,3,3,3.567,3.508,-1.654051023268858,0.047,0.044,-6.3829787234042605,3.48,3.429,-1.465517241379315,3.7753894943495006,3.372681281618887,-10.666666666666673,17,17,6821,6750,12453,12453,1,0,1.3176338659938323,54.669557536336626,-0.14054761237267552,164110896.961477,164110897.365549,2.462188642903544e-09,-214.43984499573708,gap,gap,19.148936170212767,0.08510638297872192
gridplanar_path_tree,grid,grid10,tree,copt-gpu,3.372681281618887,3,3,4.783,4.695,-1.8398494668618037,0.077,0.059,-23.37662337662338,4.635,4.572,-1.3592233009708679,3.852131071652944,2.997938916994566,-22.174535050071526,28,27,3777,3933,20162,19569,1,0,1.609868283504077,44.25877663651694,-0.3569808067855964,164110910.681725,164110999.34505,5.402646578671599e-07,-996.4702740013599,gap,gap,12.987012987013,1.7906706061420046
gridplanar_path_tree,grid,grid11,path,copt-gpu,6.4,3,3,3.508,3.443,-1.8529076396807282,0.056,0.057,1.7857142857142874,3.388,3.322,-1.9480519480519434,4.662068965517241,4.524137931034483,-2.958579881656792,16,16,9219,9219,12500,12500,0,0,1.5963511972633981,59.376,-0.047229325362822226,329258288.241195,329258288.241195,0.0,95.01283997297287,gap,gap,8.928571428571425,6.77966101694914
gridplanar_path_tree,grid,grid11,tree,copt-gpu,6.4,3,3,3.536,3.622,2.432126696832575,0.081,0.064,-20.987654320987655,3.388,3.486,2.8925619834710834,4.2725274725274724,3.3617977528089886,-21.315947658020068,24,24,4512,4485,18750,18750,1,0,2.2907239819004523,39.28258064516129,-0.48828952497161354,329258952.219919,329258556.629422,1.2014570730720284e-06,2454.8897609710693,gap,gap,7.407407407407414,7.356321839080457
gridplanar_path_tree,grid,grid12,path,copt-gpu,6.674082313681868,3,3,3.055,3.106,1.6693944353518726,0.077,0.08,3.8961038961038996,2.916,2.963,1.611796982167358,6.117908787541713,6.329784416547486,3.4632034632034654,12,12,14179,14179,12586,12586,0,1,2.520458265139116,52.7888129667885,0.08728859792689585,577186506.663568,577186506.663571,5.163378222399535e-15,162.92247009277344,gap,gap,7.792207792207799,7.792207792207785
gridplanar_path_tree,grid,grid12,tree,copt-gpu,6.674082313681868,3,3,3.429,3.074,-10.352872557596967,0.155,0.11,-29.032258064516128,3.181,2.88,-9.462433197107833,6.218422075398367,4.531784287067936,-27.12324393358875,22,21,4764,5472,25172,24273,1,0,4.520268299795859,48.29234128455486,-1.2260433974063156,577186512.240422,577186507.137133,8.841663656227008e-09,-274.6974309682846,gap,gap,1.9354838709677438,2.3504273504273474
gridplanar_path_tree,grid,grid13,path,copt-gpu,13.333333333333334,3,3,5.995,6.027,0.533778148457048,0.087,0.091,4.5977011494252915,5.735,5.761,0.45335658238883697,7.100271002710027,7.275132275132275,2.4627408215194504,12,12,33255,33255,12600,12600,0,0,1.451209341117598,41.992063492063494,0.03573952484940653,1159320977.891668,1159320977.891662,5.346994641564983e-15,176.1123080253601,gap,gap,3.448275862068969,6.3094209161624795
gridplanar_path_tree,grid,grid13,tree,copt-gpu,13.333333333333334,3,3,7.757,7.721,-0.4640969446951088,0.221,0.165,-25.339366515837103,7.294,7.319,0.34274746366877373,6.8994708994708995,5.267094017094017,-23.659450212364323,28,28,7027,7052,31500,31500,1,0,2.8490395771561174,35.91428571428571,-0.6740671002878067,1159320995.656212,1159321014.926123,1.662172158063139e-08,-216.27858901023865,gap,gap,8.59728506787331,4.087394957983191
gridplanar_path_tree,grid,grid14,path,copt-gpu,13.061224489795919,3,3,4.688,4.774,1.8344709897610987,0.14,0.144,2.8571428571428394,4.422,4.492,1.5829941203075597,9.591836734693878,9.795918367346937,2.127659574468064,10,10,46854,46854,14700,14700,0,1,2.986348122866895,46.863945578231295,0.0635393217631248,1802673131.435314,1802673131.435323,5.025817408531379e-15,263.26210713386536,gap,gap,2.1428571428571246,2.1428571428571406
gridplanar_path_tree,grid,grid14,tree,copt-gpu,13.061224489795919,3,3,4.705,5.571,18.40595111583421,0.322,0.266,-17.391304347826086,4.218,5.093,20.74442863916548,9.517406962785113,7.115027829313544,-25.24195027979084,20,23,8933,8187,33075,36750,1,0,6.843783209351754,47.312401883830454,-1.7275043549612434,1802695965.564935,1802673084.768816,1.2692543033347403e-05,51648.38602685928,gap,gap,10.248447204968935,5.122742949888419
gridplanar_path_tree,grid,grid15,path,copt-gpu,26.122448979591837,3,3,9.973,9.984,0.11029780407098397,0.181,0.184,1.6574585635359131,9.407,9.41,0.03189114489210283,11.177394034536892,11.554160125588696,3.3707865168539226,11,11,81874,81874,15925,15925,0,1,1.814900230622681,45.81475667189953,0.061176412268180075,3593521818.095497,3593521818.09553,9.155854780214741e-15,300.41844415664673,gap,gap,4.972375690607739,4.972375690607744
gridplanar_path_tree,grid,grid15,tree,copt-gpu,26.122448979591837,3,3,8.726,8.728,0.022920009167990963,0.391,0.301,-23.017902813299237,7.951,8.057,1.3331656395422056,10.129112869637652,7.523669261519039,-25.722327726532843,25,25,9535,9521,39200,39200,1,0,4.480861792344717,37.63775510204081,-1.1525819551999017,3593685526.129823,3593652743.141678,9.122386448949154e-06,51406.59543323517,gap,gap,12.020460358056262,5.46111027531217
gridplanar_path_tree,grid,grid2,path,copt-gpu,4.0,3,3,0.445,0.446,0.2247191011235957,0.002,0.002,0.0,0.441,0.443,0.45351473922902535,7.2727272727272725,7.2727272727272725,0.0,8,8,233,233,275,275,0,1,0.44943820224719105,68.0,0.0,1705378.0,1705378.0,0.0,0.7426810001488775,gap,gap,0.0,0.0
gridplanar_path_tree,grid,grid2,tree,copt-gpu,4.0,3,3,0.637,0.634,-0.4709576138147571,0.003,0.003,0.0,0.633,0.629,-0.6319115323854666,6.000000000000001,6.000000000000001,0.0,14,14,150,150,500,500,0,1,0.47095761381475665,64.8,0.0,1705375.0,1705375.0,0.0,0.7426810001488775,gap,gap,0.0,0.0
gridplanar_path_tree,grid,grid3,path,copt-gpu,1.25,3,3,0.424,0.395,-6.839622641509426,0.002,0.002,0.0,0.421,0.393,-6.650831353919234,3.8461538461538463,4.545454545454546,18.18181818181819,8,7,90,88,520,440,1,1,0.47169811320754723,83.18181818181819,0.08576329331046317,1524642.001492,1524748.0,6.952353922843445e-05,-44.56440700008534,gap,gap,0.0,0.0
gridplanar_path_tree,grid,grid3,tree,copt-gpu,1.25,3,3,0.449,0.448,-0.22271714922049016,0.002,0.003,50.0,0.446,0.445,-0.2242152466367715,3.5714285714285716,4.761904761904762,33.33333333333332,9,9,82,82,560,560,0,1,0.44543429844098,85.17857142857143,0.14847809948032661,1524730.000006,1524730.000006,0.0,1.4357880000025034,gap,gap,0.0,0.0
gridplanar_path_tree,grid,grid4,path,copt-gpu,1.5873015873015872,3,3,0.465,0.466,0.21505376344086038,0.002,0.002,0.0,0.462,0.463,0.21645021645021664,3.0864197530864197,2.6455026455026456,-14.285714285714281,8,8,237,237,756,756,0,1,0.43010752688172044,78.83597883597884,-0.061443932411674326,3031695.001622,3031695.001622,0.0,2.4897819999605417,gap,gap,50.0,50.0
gridplanar_path_tree,grid,grid4,tree,copt-gpu,1.5873015873015872,3,3,0.584,0.583,-0.17123287671232892,0.003,0.003,0.0,0.579,0.579,0.0,2.8011204481792724,2.8011204481792724,0.0,12,12,220,220,1071,1071,0,1,0.5136986301369864,78.99159663865547,0.0,3031712.000015,3031712.000015,0.0,2.4346260000020266,gap,gap,0.0,0.0
gridplanar_path_tree,grid,grid5,path,copt-gpu,1.2048192771084338,3,3,0.526,0.559,6.273764258555138,0.003,0.003,0.0,0.521,0.554,6.333973128598854,3.4876347495244135,2.8535193405199752,-18.181818181818166,9,10,268,269,996,1079,1,0,0.5703422053231939,77.01575532900834,-0.10369858278603516,5049726.000001,5049695.000001,6.1389469448429204e-06,340.9811869999394,gap,gap,66.66666666666667,42.85714285714285
gridplanar_path_tree,grid,grid5,tree,copt-gpu,1.2048192771084338,3,3,0.652,0.65,-0.306748466257669,0.004,0.004,0.0,0.645,0.644,-0.15503875968992262,2.747833439019235,2.5364616360177554,-7.692307692307697,13,13,260,260,1577,1577,0,1,0.6134969325153374,82.11794546607483,-0.047192071731949066,5049688.500151,5049688.500151,0.0,5.1659569991752505,gap,gap,25.0,24.999999999999996
gridplanar_path_tree,grid,grid6,path,copt-gpu,1.4814814814814814,3,3,0.902,0.913,1.2195121951219523,0.005,0.004,-20.0,0.893,0.904,1.2318029115341556,2.1604938271604937,2.0061728395061733,-7.142857142857114,13,13,765,775,2160,2160,1,0,0.5543237250554324,64.53703703703704,-0.03959455178967358,10401702.291528,10401757.083377,5.267584811094471e-06,3.627843998372555,gap,gap,20.0,20.000000000000004
gridplanar_path_tree,grid,grid6,tree,copt-gpu,1.4814814814814814,3,3,1.095,1.098,0.2739726027397364,0.007,0.006,-14.285714285714286,1.081,1.087,0.5550416281221097,2.147074610842727,1.8518518518518519,-13.750000000000009,18,18,583,583,3105,3105,0,0,0.6392694063926941,67.89049919484702,-0.0878995433789955,10401192.948593,10401192.948602,8.653143351505158e-13,-195.11050100065768,gap,gap,14.285714285714286,14.285714285714281
gridplanar_path_tree,grid,grid7,path,copt-gpu,1.6194331983805668,3,3,0.882,0.879,-0.34013605442176903,0.009,0.008,-11.111111111111104,0.867,0.866,-0.11534025374855834,2.5191183085919926,2.249212775528565,-10.71428571428571,11,11,1473,1473,3705,3705,0,1,1.020408163265306,69.01484480431849,-0.10932944606413988,25864202.982149,25864203.139016,6.065023445286877e-09,-0.16189300268888474,gap,gap,11.111111111111121,11.111111111111125
gridplanar_path_tree,grid,grid7,tree,copt-gpu,1.6194331983805668,3,3,1.039,1.085,4.427333974975943,0.013,0.01,-23.076923076923073,1.017,1.067,4.9164208456243905,2.6315789473684212,1.9931485518530052,-24.260355029585806,15,16,1057,947,4940,5187,1,0,1.2512030798845044,71.85270869481396,-0.3035463093210929,25864589.821603,25864111.849087,1.8479802668320364e-05,217.35235000029206,gap,gap,0.0,0.0
gridplanar_path_tree,grid,grid8,path,copt-gpu,1.4577259475218658,3,3,2.107,2.068,-1.850972947318469,0.028,0.023,-17.85714285714286,2.064,2.028,-1.7441860465116295,3.5156919910821474,3.1397174254317113,-10.694183864915574,18,18,1728,1756,7546,7546,1,0,1.3289036544850499,63.68937185263716,-0.14211540019821362,41711153.65488,41711146.831265,1.6359209472149374e-07,61.897974997758865,gap,gap,7.1428571428571495,8.974358974358976
gridplanar_path_tree,grid,grid8,tree,copt-gpu,1.4577259475218658,3,3,2.046,2.161,5.6207233626588575,0.031,0.025,-19.354838709677416,1.997,2.117,6.009013520280415,3.527336860670194,2.803319129849742,-20.525902668759805,20,21,1691,1705,8575,8918,1,0,1.5151515151515154,61.246916348957164,-0.31099852528423955,41711138.847,41711130.225999,2.066834242238097e-07,279.50251600146294,gap,gap,22.58064516129032,3.87096774193548
gridplanar_path_tree,grid,grid9,path,copt-gpu,2.0202020202020203,3,3,2.987,2.991,0.13391362571141624,0.036,0.033,-8.333333333333323,2.923,2.931,0.2736914129319195,3.2944832944832947,2.985074626865672,-9.391720642072656,18,18,3725,3724,10890,10890,1,0,1.205222631402745,57.51147842056933,-0.11319114265638283,82653018.474703,82652986.951973,3.81386313223569e-07,528.4251770079136,gap,gap,11.111111111111104,6.746031746031747
gridplanar_path_tree,grid,grid9,tree,copt-gpu,2.0202020202020203,3,3,3.308,3.518,6.348246674727932,0.056,0.04,-28.571428571428573,3.223,3.442,6.794911573068579,3.6852036852036854,2.6936026936026938,-26.90763052208835,23,24,2839,2739,14355,14850,1,0,1.692865779927449,54.707070707070706,-0.45551006929774723,82653588.419226,82653125.696758,5.5983348920879646e-06,2809.2691679894924,gap,gap,21.428571428571423,24.38423645320197
gridplanar_path_tree,planar,planar100,path,copt-gpu,10.85,3,3,0.812,0.811,-0.12315270935960601,0.004,0.004,0.0,0.803,0.802,-0.12453300124533012,3.6363636363636362,3.3333333333333335,-8.333333333333327,9,9,4150,4150,1100,1100,0,1,0.49261083743842365,47.09090909090909,-0.04105090311986861,231340800.035001,231340800.000026,1.5118397650681952e-10,1.0767079889774323,gap,gap,0.0,0.0
gridplanar_path_tree,planar,planar100,tree,copt-gpu,10.85,3,3,1.389,1.393,0.2879769618430528,0.006,0.006,0.0,1.372,1.375,0.21865889212827197,2.4358974358974357,2.3076923076923084,-5.263157894736806,22,22,822,822,2600,2600,0,1,0.4319654427645788,26.615384615384617,-0.02273502330339873,231344992.214065,231344992.214061,1.7262146726115214e-14,0.2816869914531708,gap,gap,16.666666666666668,16.666666666666686
gridplanar_path_tree,planar,planar1000,path,copt-gpu,20.026,3,3,22.649,22.723,0.32672524173251827,0.211,0.21,-0.4739336492891,21.216,21.285,0.32522624434388697,11.087719298245615,11.210526315789474,1.1075949367088602,17,17,83894,83894,19000,19000,0,0,0.9316084595346371,27.721052631578946,0.010318448127757052,3449618257.586726,3449618257.586778,1.506695708426048e-14,33.51889181137085,gap,gap,1.4218009478673,1.421800947867291
gridplanar_path_tree,planar,planar1000,tree,copt-gpu,20.026,3,3,34.321,33.749,-1.666618105533043,0.559,0.502,-10.196779964221832,32.574,32.143,-1.3231411555228016,10.06547619047619,9.271084337349398,-7.892243129822647,51,50,8551,8528,56000,55000,1,0,1.6287404213163954,14.549090909090909,-0.12854415400398767,3449632924.121475,3449620158.974207,3.70043640847561e-06,-126437.30864667892,gap,gap,6.4400715563506115,4.524952811366511
gridplanar_path_tree,planar,planar150,path,copt-gpu,14.926666666666666,3,3,2.738,2.707,-1.1322132943754617,0.008,0.008,0.0,2.693,2.663,-1.1139992573338378,3.1944444444444446,3.1944444444444446,0.0,14,14,9776,9776,2400,2400,0,0,0.2921840759678598,27.958333333333332,0.0,548091372.107578,548091372.107576,3.697481889872759e-15,1.3844130039215088,gap,gap,12.5,12.500000000000009
gridplanar_path_tree,planar,planar150,tree,copt-gpu,14.926666666666666,3,3,5.484,5.389,-1.732312180889857,0.021,0.019,-9.52380952380953,5.403,5.307,-1.7767906718489581,2.732919254658385,2.40506329113924,-11.99654775604144,50,49,1481,1495,8100,7950,1,0,0.38293216630196936,11.615384615384615,-0.04593864020365978,548087231.31617,548089059.179483,3.334986127462725e-06,-34600.9237960577,gap,gap,23.809523809523814,26.055705300988336
gridplanar_path_tree,planar,planar30,path,copt-gpu,3.1724137931034484,3,3,0.463,0.466,0.6479481641468688,0.002,0.002,0.0,0.459,0.463,0.8714596949891075,5.747126436781609,5.747126436781609,0.0,8,8,211,211,348,348,0,1,0.4319654427645788,77.58620689655173,0.0,44350624.0,44350624.0,0.0,0.11389700323343277,gap,gap,0.0,0.0
gridplanar_path_tree,planar,planar30,tree,copt-gpu,3.1724137931034484,3,3,0.521,0.52,-0.19193857965451072,0.002,0.002,0.0,0.517,0.517,0.0,6.18921308576481,5.305039787798409,-14.285714285714286,10,10,130,130,377,377,0,1,0.3838771593090211,64.72148541114058,-0.054839594187003016,44350800.800132,44350800.800132,0.0,0.11809699982404709,gap,gap,50.0,50.0
gridplanar_path_tree,planar,planar300,path,copt-gpu,11.946666666666667,3,3,1.619,1.649,1.8529956763434234,0.014,0.014,0.0,1.583,1.613,1.8951358180669633,3.9814814814814814,3.9814814814814814,0.0,10,10,14260,14253,3600,3600,1,0,0.8647313156269303,42.97222222222222,0.0,689979980.667243,689979834.005919,2.125588105938553e-07,355.4977229833603,gap,gap,7.142857142857137,7.142857142857152
gridplanar_path_tree,planar,planar300,tree,copt-gpu,11.946666666666667,3,3,2.229,2.189,-1.7945266935845685,0.027,0.025,-7.407407407407402,2.167,2.13,-1.7074296262113486,3.4615384615384617,3.11965811965812,-9.876543209876532,22,22,2447,2447,7800,7800,0,1,1.2113055181695829,23.23076923076923,-0.11963511290563768,689995036.770966,689995036.77102,7.826405305641211e-14,0.007699012756347656,gap,gap,7.407407407407414,7.4074074074074066
gridplanar_path_tree,planar,planar50,path,copt-gpu,5.34,3,3,0.543,0.544,0.18416206261510143,0.002,0.003,50.0,0.538,0.539,0.18587360594795554,3.3333333333333335,4.444444444444445,33.333333333333336,9,9,772,772,600,600,0,1,0.3683241252302026,63.5,0.12277470841006753,122199689.000011,122199689.000011,0.0,0.2150920033454895,gap,gap,0.0,0.0
gridplanar_path_tree,planar,planar50,tree,copt-gpu,5.34,3,3,0.875,0.87,-0.571428571428572,0.004,0.004,0.0,0.868,0.863,-0.5760368663594475,3.492063492063492,3.492063492063492,0.0,17,17,256,256,1050,1050,0,1,0.4571428571428572,53.04761904761905,0.0,122199882.037321,122199882.037321,0.0,0.20589199662208557,gap,gap,25.0,24.999999999999993
gridplanar_path_tree,planar,planar500,path,copt-gpu,7.05,3,3,1.156,1.175,1.6435986159169662,0.025,0.027,7.999999999999994,1.121,1.136,1.3380909901873241,5.2,5.599999999999999,7.692307692307665,8,8,11279,11279,5000,5000,0,1,2.162629757785467,52.4,0.16635613521426612,481985162.109251,481985162.109269,3.7346798485235924e-14,9.596832036972046,gap,gap,11.999999999999996,11.999999999999993
gridplanar_path_tree,planar,planar500,tree,copt-gpu,7.05,3,3,1.127,1.133,0.532386867790595,0.038,0.036,-5.263157894736847,1.071,1.081,0.9337068160597581,5.066666666666666,4.8,-5.263157894736842,12,12,3269,3275,7500,7500,1,0,3.3717834960070983,41.18666666666667,-0.17746228926353147,481988459.777583,481987762.304849,1.4470735135366323e-06,-544.2799230217934,gap,gap,0.0,0.0
gridplanar_path_tree,planar,planar80,path,copt-gpu,6.7875,3,3,0.871,0.872,0.1148105625717567,0.004,0.003,-25.0,0.862,0.863,0.1160092807424595,3.2738095238095237,2.8125000000000004,-14.090909090909076,10,10,2613,2613,1120,1120,0,0,0.4592422502870264,55.44642857142857,-0.06471140799499002,182438134.0,182438134.0,0.0,0.42657899856567383,gap,gap,25.0,25.000000000000007
gridplanar_path_tree,planar,planar80,tree,copt-gpu,6.7875,3,3,1.556,1.56,0.2570694087403601,0.006,0.006,0.0,1.54,1.543,0.19480519480518776,2.8273809523809526,2.5297619047619047,-10.526315789473692,25,25,729,729,2240,2240,0,0,0.3856041131105398,18.303571428571427,-0.04058990664321475,182438134.018299,182438134.018298,5.554096278358154e-15,0.20628899335861206,gap,gap,50.0,50.00000000000001
gridplanar_path_tree,planar,planar800,path,copt-gpu,15.945,3,3,4.991,4.929,-1.2422360248447084,0.094,0.09,-4.255319148936174,4.782,4.725,-1.191969887076545,9.51388888888889,9.340277777777779,-1.824817518248171,10,10,52896,52896,9600,9600,0,1,1.8833901021839312,35.40625,-0.03436843252160451,1167385798.522223,1167385798.522221,1.633863145523087e-15,9.252490997314453,gap,gap,8.510638297872347,8.51063829787233
gridplanar_path_tree,planar,planar800,tree,copt-gpu,15.945,3,3,5.021,4.934,-1.7327225652260456,0.181,0.169,-6.6298342541436375,4.683,4.602,-1.7296604740550827,8.637820512820511,8.10897435897436,-6.122448979591812,23,23,6324,6324,20800,20800,0,1,3.6048595897231626,15.716346153846153,-0.2207056891667233,1167373872.737825,1167373872.737827,1.838114816533992e-15,0.3048582077026367,gap,gap,2.2099447513812174,2.2099447513812076
intermodal_tree,intermodal,BUS-13160-0,tree,copt-cpu,1.0,3,3,4.807,4.209,-12.440191387559823,2.338,2.192,-6.244653550042767,0.614,0.498,-18.892508143322477,41.95623732190654,39.84494345387249,-5.032133486697786,26,21,15089,15008,55542,55211,1,0,48.63740378614521,72.81025863942621,-2.44749908298303,348361.500163,348361.5,4.679048021244359e-10,23.22097899997607,gap,gap,1.92472198460224,1.9247219846022103
intermodal_tree,intermodal,BUS-13160-0,tree,copt-gpu,1.0,3,3,5.837,5.141,-11.923933527496997,2.337,2.217,-5.134788189987167,1.666,1.422,-14.645858343337334,42.05226075162339,39.981884057971016,-4.923342185764537,26,21,15089,14990,55542,55194,1,0,40.03769059448347,72.83400369605391,-1.971192511244085,348361.500163,348361.500002,4.62163595854366e-10,23.228185999963898,gap,gap,1.1125374411638767,1.1125374411638842
intermodal_tree,intermodal,BUS-18424-0,tree,copt-cpu,1.0,3,3,8.421,7.509,-10.830067687923039,4.347,3.596,-17.276282493673804,1.017,0.953,-6.293018682399209,46.88819105683877,47.47441544496308,1.250260193262041,33,32,21144,20906,94273,76055,1,0,51.6209476309227,72.4791269476037,0.645396159614071,485025.500001,485032.000345,1.3402066489260129e-05,14.720981999998912,gap,gap,7.338394294916032,7.023462163965367
intermodal_tree,intermodal,BUS-18424-0,tree,copt-gpu,1.0,3,3,9.886,8.952,-9.447703823588906,4.356,3.586,-17.67676767676768,2.533,2.412,-4.776944334780892,45.93397190429214,47.09749523371244,2.5330344431015317,33,32,21144,20906,94273,76055,1,1,44.06231033785151,72.4791269476037,1.1161134972840656,485025.500001,485032.000322,1.3402019069071891e-05,14.724385000008624,gap,gap,2.3645546372819046,2.364554637281914
intermodal_tree,intermodal,BUS-23688-0,tree,copt-cpu,1.0,3,3,7.078,8.155,15.216162757841184,5.004,5.013,0.1798561151079205,0.586,0.866,47.78156996587032,51.504387079929366,51.731747622974105,0.4414391781653462,13,20,27331,27325,97028,97419,1,0,70.69793727041537,71.92128845502417,0.3120883932663736,624891.002052,624893.5,3.997413935825639e-06,15.835809999960475,gap,gap,1.9184652278177476,1.9164278166649014
intermodal_tree,intermodal,BUS-23688-0,tree,copt-gpu,1.0,3,3,7.718,9.214,19.383259911894278,4.957,5.035,1.5735323784547164,1.288,1.875,45.57453416149068,50.95436368883209,51.77598292264904,1.612460983389793,13,20,27331,27345,97028,97439,1,0,64.22648354495983,71.90549985118895,1.0356269881657427,624891.001447,624894.000001,4.798523251423745e-06,15.73037599993404,gap,gap,1.1498890457938347,1.1498890457938264
intermodal_tree,intermodal,BUS-2632-0,tree,copt-cpu,1.0,3,3,1.763,1.374,-22.064662507090176,0.556,0.464,-16.54676258992806,0.286,0.215,-24.82517482517482,34.06355811202219,33.91941391941392,-0.4231624662762395,32,24,3243,3237,16342,13650,1,1,31.537152580828142,76.25641025641026,-0.1334533926543331,71026.5,71026.500108,1.5205591280172324e-09,0.9732220000005327,gap,gap,2.877697841726601,2.8776978417266115
intermodal_tree,intermodal,BUS-2632-0,tree,copt-gpu,1.0,3,3,3.172,2.433,-23.297604035308964,0.635,0.512,-19.37007874015748,1.482,1.15,-22.402159244264514,38.97931709705055,37.362637362637365,-4.147532216606001,32,24,3243,3237,16342,13650,1,1,20.018915510718788,76.25641025641026,-0.8302909702221974,71026.5,71026.500108,1.5205591280172324e-09,0.9746219999942696,gap,gap,1.2598425196850405,1.2598425196850362
intermodal_tree,intermodal,BUS-7896-0,tree,copt-cpu,1.0,3,3,2.338,2.585,10.564585115483315,1.236,1.223,-1.051779935275073,0.295,0.356,20.677966101694913,30.69457533521816,30.648391849166547,-0.15046139439050787,16,20,9168,9271,40322,40274,1,1,52.865697177074416,76.92059393156876,-0.07954246512688953,210593.501491,210595.000061,7.115936576324747e-06,14.621271000010893,gap,gap,2.1844660194174685,2.184466019417481
intermodal_tree,intermodal,BUS-7896-0,tree,copt-gpu,1.0,3,3,3.058,3.476,13.669064748201443,1.226,1.238,0.9787928221859715,1.013,1.204,18.854886475814418,30.562306763884067,30.78909470129612,0.7420511127126389,16,20,9168,9271,40322,40274,1,1,40.091563113145845,76.92059393156876,0.2974998901849887,210593.501491,210595.000061,7.115936576324747e-06,14.621271000010893,gap,gap,3.670473083197384,3.67047308319739
intermodal_tree,intermodal,SBT-18765-0,tree,copt-cpu,1.0,3,3,9.473,7.131,-24.72289665364721,8.172,6.097,-25.391581008321097,0.196,0.162,-17.346938775510207,107.75086352936,107.73477431956677,-0.01493186157979341,9,7,19686,19675,75755,56998,1,1,86.26623033885781,65.46194603319415,-0.012881154104303995,481107.5,481113.000002,1.1431960632530628e-05,28.322397999989334,gap,gap,1.199216837983367,1.1992168379833683
intermodal_tree,intermodal,SBT-18765-0,tree,copt-gpu,1.0,3,3,9.979,7.44,-25.443431205531606,8.116,5.957,-26.601774273040906,0.723,0.637,-11.894882434301516,106.63322552966801,105.20836988432345,-1.3362210870645888,9,7,19686,19675,75755,56998,1,1,81.33079466880449,65.46194603319415,-1.086759228641768,481107.5,481113.000002,1.1431960632530628e-05,28.322397999989334,gap,gap,2.5135534746180355,2.5135534746180483
intermodal_tree,intermodal,SBT-31275-0,tree,copt-cpu,1.0,3,3,20.86,20.438,-2.0230105465004824,19.492,19.073,-2.1495998358300867,0.228,0.226,-0.8771929824561411,154.88647216813624,150.81023465408705,-2.6317582529894823,6,6,32538,32538,126342,126342,0,1,93.44199424736338,74.24609393550838,-2.459167395362943,801323.0,801323.0,0.0,55.156608999939635,gap,gap,1.5903960599220126,1.5903960599220295
intermodal_tree,intermodal,SBT-31275-0,tree,copt-gpu,1.0,3,3,21.429,20.922,-2.3659526809463713,19.612,19.092,-2.651437895166223,0.68,0.682,0.29411764705882376,155.46163060053928,151.40122313508834,-2.611838979023838,6,6,32538,32538,126342,126342,0,1,91.52083624994167,74.24609393550838,-2.3903768751045553,801323.0,801323.0,0.0,55.156608999939635,gap,gap,1.0809708341831519,1.0809708341831554
intermodal_tree,intermodal,SBT-43785-0,tree,copt-cpu,1.0,3,3,29.42,28.798,-2.1142080217539205,27.449,26.798,-2.3716710991293066,0.321,0.326,1.5576323987538954,205.42042425060902,201.0813838912814,-2.1122730980411495,6,6,45730,45730,133286,133286,0,1,93.30047586675731,65.68956979727804,-1.9707608520778896,1123600.000001,1123600.000001,0.0,76.81716099986807,gap,gap,0.9836423913439454,0.9836423913439385
intermodal_tree,intermodal,SBT-43785-0,tree,copt-gpu,1.0,3,3,29.535,29.446,-0.3013373963094587,27.103,27.021,-0.30254953326200323,0.776,0.763,-1.6752577319587643,203.6673018921717,202.7144636345903,-0.46784056582920885,6,6,45730,45730,133286,133286,0,1,91.7657017098358,65.68956979727804,-0.42931717811643977,1123600.000001,1123600.000001,0.0,76.81716099986807,gap,gap,1.5680920931262248,1.5680920931262192
intermodal_tree,intermodal,SBT-56295-0,tree,copt-cpu,1.0,3,3,49.332,48.277,-2.1385713127381814,45.323,44.308,-2.239481058182381,0.585,0.576,-1.5384615384615399,264.11049508802654,259.03021730193336,-1.9235425628958627,10,10,58750,58750,171350,171083,0,1,91.87342901159491,65.64240748642472,-1.7672245110299436,1447869.0,1447869.0,0.0,98.31825100001879,gap,gap,1.0612713191977619,1.0612713191977723
intermodal_tree,intermodal,SBT-56295-0,tree,copt-gpu,1.0,3,3,49.896,48.504,-2.789802789802796,45.352,43.938,-3.1178338331275235,1.148,1.158,0.8710801393728231,264.45871024219434,257.4539843233986,-2.648703047965696,10,10,58750,58750,171350,171083,0,1,90.89305755972423,65.64240748642472,-2.4074871859736304,1447869.0,1447869.0,0.0,98.31825100001879,gap,gap,0.4387899100370393,0.4387899100370357
intermodal_tree,intermodal,SBT-6255-0,tree,copt-cpu,1.0,3,3,1.858,1.814,-2.3681377825618966,1.305,1.259,-3.52490421455939,0.088,0.088,0.0,67.88770611563348,65.81785291866694,-3.048936715347168,8,8,6747,6747,19164,19164,0,1,70.23681377825619,64.78814443748695,-2.1414760029752715,160606.000003,160606.000003,0.0,11.244902999984333,gap,gap,1.0727969348659014,1.072796934865889
intermodal_tree,intermodal,SBT-6255-0,tree,copt-gpu,1.0,3,3,2.31,2.185,-5.411255411255411,1.292,1.251,-3.1733746130031073,0.556,0.47,-15.46762589928059,67.52243790440409,65.66130939956864,-2.7563111798042153,8,8,6747,6747,19164,19164,0,1,55.930735930735935,64.78814443748695,-1.5416251274056478,160606.000003,160606.000003,0.0,11.244902999984333,gap,gap,1.7027863777089798,1.7027863777089842
transportation_tree,transportation,Barcelona,tree,copt-gpu,81.6701030927835,3,3,2.59,2.769,6.911196911196922,0.045,0.046,2.222222222222224,2.495,2.672,7.094188376753507,12.49885959310282,12.371134020618557,-1.0218978102189793,34,35,234,265,3589,3686,1,0,1.7374517374517375,48.073792729245795,-0.017754981258630915,243.518543,243.518764,9.075284259172938e-07,-0.024619999999998754,priced-out,priced-out,13.333333333333346,16.687617850408557
transportation_tree,transportation,BerlinCenter,tree,copt-gpu,57.442774566473986,3,3,11.477,10.615,-7.510673520954954,1.607,1.456,-9.396390790292472,9.28,8.63,-7.004310344827571,49.36619004157793,45.74731626754748,-7.330672614156583,34,32,5321,5248,32870,31140,1,0,14.001916877232725,29.91329479768786,-1.026434685976268,27529321.712133,27529599.619425,1.0094956021918331e-05,-618.6469869986176,gap,gap,10.143123833229623,1.725009564409462
transportation_tree,transportation,ChicagoRegional,tree,copt-gpu,1297.5409373235461,3,3,77.392,78.325,1.2055509613396824,12.958,12.414,-4.1981787312856955,46.734,47.518,1.6775794924466103,126.73171116042704,120.12261030894571,-5.215033231197365,51,52,21843,22339,100947,102718,1,0,16.74333264420095,23.461321287408243,-0.8731703614049962,5513156.280728,5513156.27788,5.165825383208309e-10,-0.6379180001094937,priced-out,priced-out,3.7197098317641557,2.9286320516539366
transportation_tree,transportation,ChicagoSketch,tree,copt-gpu,242.26165803108807,3,3,1.145,1.128,-1.4847161572052512,0.09,0.071,-21.111111111111114,0.991,0.993,0.20181634712411722,12.226161258067448,9.469358584956227,-22.548391231893337,14,14,2713,2722,7334,7334,1,0,7.860262008733624,47.409326424870464,-1.7723626295811357,6705940.401858,6705940.401858,0.0,-1.2572849998250604,gap,gap,3.3333333333333366,3.3333333333333366
transportation_tree,transportation,Sydney,tree,copt-gpu,1026.576604237028,3,3,66.649,63.618,-4.5477051418625924,27.966,24.972,-10.70585711220768,20.446,20.405,-0.2005282206788632,288.3942278170095,255.76028122660614,-11.315741940268683,25,25,12415,12415,97710,97710,0,0,41.96011943164938,29.663289325555215,-4.748098832713978,4968208.857394,4968208.860483,6.217533440324382e-10,-0.08692999929189682,priced-out,priced-out,5.131230780233136,1.9689045247400134
transportation_tree,transportation,Winnipeg,tree,copt-gpu,32.18518518518518,3,3,3.14,2.904,-7.515923566878988,0.053,0.051,-3.773584905660381,3.026,2.796,-7.60079312623926,10.19309908198797,10.185185185185185,-0.07763975155279024,36,34,422,407,5265,4995,1,0,1.6878980891719744,40.96096096096096,-0.001310479882897415,420.168548,420.168243,7.258991693231485e-07,-0.0644100000000094,priced-out,priced-out,3.773584905660381,3.773584905660374
